POLYGON ((530800.637070358 5008123.08877993,530801.508481207 5008124.19541852,530801.508485571 5008124.19541857,530801.508489936 5008124.19541861,530890.403780647 5008010.10290334,530890.403780743 5008010.10289475,530806.669835958 5007967.85447096,530805.509158342 5007967.28578509,530804.211482768 5007966.69043716,530803.852814384 5007966.53493466,530803.135377945 5007966.23238116,530802.417755325 5007965.94672436,530801.742739347 5007965.68682343,530801.597446856 5007965.63474407,530801.246968895 5007965.51311677,530800.2639217 5007965.17423276,530799.502817592 5007964.93884946,530798.921153847 5007964.77277026,530798.724366825 5007964.72019888,530798.296580199 5007964.60627892,530797.535004083 5007964.41313835,530797.004245876 5007964.29823236,530796.302250749 5007964.14790403,530795.463067094 5007963.98781243,530794.597861329 5007963.85281452,530794.015236182 5007963.77121419,530793.732460606 5007963.73471752,530793.441009555 5007963.70658397,530792.857999003 5007963.6587726,530792.686489493 5007963.64868354,530792.300551768 5007963.62809964,530792.000321156 5007963.61678497,530791.820136145 5007963.61506119,530791.717160127 5007963.61408156,530791.348105878 5007963.61899917,530791.150651987 5007963.62556284,530790.738401957 5007963.65541864,530790.334641418 5007963.69379083,530789.930685702 5007963.74908326,530789.543604929 5007963.82985992,530789.165013257 5007963.91918734,530788.803292041 5007964.03400969,530788.449964884 5007964.16581071,530788.113512596 5007964.32310241,530787.785449689 5007964.49740067,530787.681724707 5007964.56399703,530787.482841866 5007964.69727374,530787.283777234 5007964.84744504,530787.188528503 5007964.92257055,530786.919674588 5007965.1734422,530786.659210053 5007965.44132042,530786.415711283 5007965.72624202,530786.189091553 5007966.03667152,530785.970956826 5007966.35562811,530785.726128682 5007966.75881985,530761.633450379 5008008.23887631,530761.230834918 5008008.93626106,530760.258673778 5008010.67581015,530759.697508992 5008011.73495947,530758.960643034 5008013.15571808,530758.25809367 5008014.57680458,530757.58109887 5008016.01503157,530757.422744526 5008016.35989309,530756.797806992 5008017.74793711,530756.295465504 5008018.91747456,530755.81029749 5008020.0871847,530755.112327346 5008021.86314628,530755.068088141 5008021.98099783,530754.554888609 5008023.35321317,530754.023095427 5008024.85196466,530753.694658165 5008025.8203993,530753.516856713 5008026.36786523,530753.072104504 5008027.75760511,530752.786477448 5008028.73490556,530752.750723223 5008028.86128633,530752.517911247 5008029.72081717,530752.392258344 5008030.20961847,530752.248115297 5008030.81655172,530752.058009829 5008031.69336974,530751.911862053 5008032.47768661,530751.819486418 5008033.05975281,530751.791550255 5008033.25380217,530751.696884014 5008034.03860234,530751.658090001 5008034.43531239,530751.627958395 5008034.82365705,530751.574197158 5008035.78626802,530751.558662641 5008036.40286107,530751.558288044 5008037.19701894,530751.589757546 5008038.21114183,530751.632292877 5008039.00570969,530751.647067393 5008039.21706347,530751.730022698 5008040.2316783,530751.838718723 5008041.24653908,530751.925294203 5008041.94013262,530751.964670584 5008042.25310798,530752.012064373 5008042.6168489,530752.099111692 5008043.26821475,530752.250804176 5008044.27503819,530752.37885622 5008045.09575904,530752.402886428 5008045.24807272,530752.603297808 5008046.50035832,530752.691973277 5008047.008121,530752.788748321 5008047.55820187,530752.86940648 5008048.01519039,530753.007558561 5008048.70083718,530753.235620225 5008049.78442376,530753.423829111 5008050.59727983,530753.612995059 5008051.32565485,530753.860594438 5008052.19821551,530754.13423341 5008053.0456805,530754.39212771 5008053.76627264,530754.72563784 5008054.631206,530755.009848881 5008055.30135204,530755.403234533 5008056.18375383,530755.797278277 5008057.00702478,530756.107901319 5008057.61827747,530756.275890401 5008057.94092985,530756.771762532 5008058.86656028,530756.965215378 5008059.21479186,530756.99886942 5008059.27425913,530757.394346526 5008059.97081278,530757.798403775 5008060.66745701,530757.823663927 5008060.70993057,530758.632254823 5008062.06097418,530759.45809719 5008063.40372587,530761.127141558 5008066.07250739,530762.804956782 5008068.72446779,530765.06502246 5008072.252195,530765.824132573 5008073.42533727,530767.561821138 5008076.09476608,530768.86952102 5008078.0842164,530769.637297904 5008079.24899332,530770.607586454 5008080.71983898,530771.940741178 5008082.73488559,530774.168772139 5008086.05955086,530774.573872982 5008086.6632667,530775.899021403 5008088.62753067,530777.004881289 5008090.25173857,530779.909064773 5008094.49530006,530781.048968275 5008096.14520352,530782.062251005 5008097.60802041,530782.611128736 5008098.39898673,530783.962307924 5008100.33816353,530785.330543699 5008102.28594287,530786.521448073 5008103.97856583,530789.072683434 5008107.55976408,530790.356922486 5008109.3462172,530791.725734186 5008111.24331308,530793.306016456 5008113.41278784,530793.897700223 5008114.21260273,530795.605162121 5008116.51844606,530795.977089297 5008117.02048419,530796.924011986 5008118.27991118,530798.429254643 5008120.25433548,530799.638848215 5008121.81194927,530800.637070358 5008123.08877993),(530799.99493966 5008109.38140472,530799.983958093 5008109.47709683,530800.003415916 5008109.5584659,530799.981304754 5008109.59119042,530799.980228056 5008109.63023602,530799.97880603 5008109.64222965,530799.978424989 5008109.67601865,530799.978329826 5008109.68445731,530799.986814709 5008109.69299514,530799.995299785 5008109.70151578,530800.012364908 5008109.71013558,530800.029430224 5008109.71873821,530800.029438953 5008109.71873829,530800.038023557 5008109.71882032,530800.063859439 5008109.71062761,530800.081210439 5008109.69389707,530800.089886036 5008109.68552321,530800.098656795 5008109.6687107,530800.092649849 5008109.64473585,530800.092745012 5008109.6362972,530800.10335837 5008109.57527039,530800.051176027 5008109.5337014,530800.10070503 5008109.46383013,530800.046968185 5008109.37241378,530800.046959457 5008109.37241369,530799.99493966 5008109.38140472),(530806.072855949 5008109.44508487,530806.061874383 5008109.54077697,530806.081332205 5008109.62214605,530806.059221043 5008109.65487057,530806.058144346 5008109.69391617,530806.056722319 5008109.7059098,530806.056341278 5008109.7396988,530806.056246115 5008109.74813746,530806.064730998 5008109.75667528,530806.073216074 5008109.76519592,530806.090281197 5008109.77381573,530806.107346513 5008109.78241835,530806.107355242 5008109.78241844,530806.115939846 5008109.78250046,530806.141775728 5008109.77430775,530806.159126728 5008109.75757722,530806.167802325 5008109.74920336,530806.176573085 5008109.73239084,530806.170566138 5008109.708416,530806.170661301 5008109.69997734,530806.181274659 5008109.63895053,530806.129092316 5008109.59738155,530806.178621319 5008109.52751028,530806.124884474 5008109.43609393,530806.124875746 5008109.43609384,530806.072855949 5008109.44508487),(530803.021515553 5008109.40616922,530803.010533987 5008109.50186133,530803.02999181 5008109.5832304,530803.007880647 5008109.61595492,530803.00680395 5008109.65500053,530803.005381923 5008109.66699415,530803.005000883 5008109.70078315,530803.004905719 5008109.70922181,530803.013390602 5008109.71775964,530803.021875679 5008109.72628028,530803.038940801 5008109.73490009,530803.056006117 5008109.74350271,530803.056014846 5008109.74350279,530803.06459945 5008109.74358482,530803.090435332 5008109.73539211,530803.107786332 5008109.71866157,530803.116461929 5008109.71028771,530803.125232689 5008109.6934752,530803.119225742 5008109.66950035,530803.119320905 5008109.6610617,530803.129934263 5008109.60003489,530803.07775192 5008109.5584659,530803.127280924 5008109.48859463,530803.073544079 5008109.39717828,530803.07353535 5008109.3971782,530803.021515553 5008109.40616922),(530796.25903768 5008100.83411383,530796.248056113 5008100.92980593,530796.267513936 5008101.01117501,530796.245402774 5008101.04389953,530796.244326076 5008101.08294513,530796.242904049 5008101.09493876,530796.242523009 5008101.12872776,530796.242427846 5008101.13716642,530796.250912729 5008101.14570424,530796.259397805 5008101.15422488,530796.276462928 5008101.16284469,530796.293528244 5008101.17144731,530796.293536973 5008101.1714474,530796.302121577 5008101.17152942,530796.327957459 5008101.16333671,530796.345308459 5008101.14660618,530796.353984055 5008101.13823232,530796.362754815 5008101.1214198,530796.356747869 5008101.09744496,530796.356843032 5008101.0890063,530796.36745639 5008101.02797949,530796.315274047 5008100.98641051,530796.36480305 5008100.91653924,530796.311066205 5008100.82512288,530796.311057476 5008100.8251228,530796.25903768 5008100.83411383),(530802.336953969 5008100.89779397,530802.325972402 5008100.99348608,530802.345430225 5008101.07485516,530802.323319063 5008101.10757968,530802.322242365 5008101.14662528,530802.320820339 5008101.15861891,530802.320439298 5008101.19240791,530802.320344135 5008101.20084656,530802.328829018 5008101.20938439,530802.337314094 5008101.21790503,530802.354379217 5008101.22652484,530802.371444533 5008101.23512746,530802.371453262 5008101.23512754,530802.380037866 5008101.23520957,530802.405873748 5008101.22701686,530802.423224748 5008101.21028633,530802.431900345 5008101.20191247,530802.440671105 5008101.18509995,530802.434664158 5008101.1611251,530802.434759321 5008101.15268645,530802.445372679 5008101.09165964,530802.393190336 5008101.05009065,530802.442719339 5008100.98021938,530802.388982494 5008100.88880303,530802.388973766 5008100.88880295,530802.336953969 5008100.89779397),(530799.285613573 5008100.85887833,530799.274632007 5008100.95457043,530799.29408983 5008101.03593951,530799.271978667 5008101.06866403,530799.27090197 5008101.10770963,530799.269479943 5008101.11970326,530799.269098902 5008101.15349226,530799.269003739 5008101.16193092,530799.277488622 5008101.17046874,530799.285973699 5008101.17898938,530799.303038821 5008101.18760919,530799.320104137 5008101.19621181,530799.320112866 5008101.1962119,530799.32869747 5008101.19629392,530799.354533352 5008101.18810121,530799.371884352 5008101.17137068,530799.380559949 5008101.16299682,530799.389330709 5008101.1461843,530799.383323762 5008101.12220946,530799.383418925 5008101.1137708,530799.394032283 5008101.05274399,530799.34184994 5008101.01117501,530799.391378944 5008100.94130374,530799.337642098 5008100.84988739,530799.33763337 5008100.8498873,530799.285613573 5008100.85887833),(530793.207697284 5008100.79519818,530793.196715717 5008100.89089029,530793.21617354 5008100.97225936,530793.194062378 5008101.00498388,530793.19298568 5008101.04402948,530793.191563654 5008101.05602311,530793.191182613 5008101.08981211,530793.19108745 5008101.09825077,530793.199572333 5008101.1067886,530793.208057409 5008101.11530923,530793.225122532 5008101.12392904,530793.242187848 5008101.13253167,530793.242196577 5008101.13253175,530793.250781181 5008101.13261378,530793.276617063 5008101.12442107,530793.293968063 5008101.10769053,530793.30264366 5008101.09931667,530793.31141442 5008101.08250416,530793.305407473 5008101.05852931,530793.305502636 5008101.05009065,530793.316115994 5008100.98906385,530793.263933651 5008100.94749486,530793.313462654 5008100.87762359,530793.259725809 5008100.78620724,530793.259717081 5008100.78620715,530793.207697284 5008100.79519818),(530806.504465837 5008100.94732298,530806.493484271 5008101.04301508,530806.512942094 5008101.12438416,530806.490830931 5008101.15710868,530806.489754234 5008101.19615428,530806.488332207 5008101.20814791,530806.487951167 5008101.24193691,530806.487856003 5008101.25037557,530806.496340886 5008101.25891339,530806.504825963 5008101.26743403,530806.521891085 5008101.27605384,530806.538956401 5008101.28465646,530806.53896513 5008101.28465655,530806.547549734 5008101.28473857,530806.573385616 5008101.27654586,530806.590736616 5008101.25981533,530806.599412213 5008101.25144147,530806.608182973 5008101.23462895,530806.602176026 5008101.21065411,530806.602271189 5008101.20221545,530806.612884547 5008101.14118864,530806.560702204 5008101.09961966,530806.610231208 5008101.02974839,530806.556494363 5008100.93833204,530806.556485634 5008100.93833195,530806.504465837 5008100.94732298),(530812.582382126 5008101.01100312,530812.57140056 5008101.10669523,530812.590858383 5008101.18806431,530812.568747221 5008101.22078883,530812.567670523 5008101.25983443,530812.566248496 5008101.27182806,530812.565867456 5008101.30561706,530812.565772293 5008101.31405571,530812.574257175 5008101.32259354,530812.582742252 5008101.33111418,530812.599807374 5008101.33973399,530812.616872691 5008101.34833661,530812.616881419 5008101.34833669,530812.625466023 5008101.34841872,530812.651301906 5008101.34022601,530812.668652905 5008101.32349548,530812.677328502 5008101.31512162,530812.686099262 5008101.2983091,530812.680092315 5008101.27433426,530812.680187478 5008101.2658956,530812.690800836 5008101.20486879,530812.638618493 5008101.16329981,530812.688147497 5008101.09342853,530812.634410652 5008101.00201218,530812.634401923 5008101.0020121,530812.582382126 5008101.01100312),(530809.53104173 5008100.97208748,530809.520060164 5008101.06777958,530809.539517987 5008101.14914866,530809.517406825 5008101.18187318,530809.516330127 5008101.22091878,530809.5149081 5008101.23291241,530809.51452706 5008101.26670141,530809.514431897 5008101.27514007,530809.52291678 5008101.28367789,530809.531401856 5008101.29219853,530809.548466978 5008101.30081834,530809.565532295 5008101.30942096,530809.565541024 5008101.30942105,530809.574125628 5008101.30950307,530809.59996151 5008101.30131036,530809.61731251 5008101.28457983,530809.625988106 5008101.27620597,530809.634758866 5008101.25939345,530809.628751919 5008101.23541861,530809.628847083 5008101.22697995,530809.63946044 5008101.16595314,530809.587278098 5008101.12438416,530809.636807101 5008101.05451289,530809.583070256 5008100.96309654,530809.583061527 5008100.96309645,530809.53104173 5008100.97208748),(530803.453125441 5008100.90840733,530803.442143875 5008101.00409944,530803.461601698 5008101.08546851,530803.439490536 5008101.11819303,530803.438413838 5008101.15723864,530803.436991811 5008101.16923226,530803.436610771 5008101.20302126,530803.436515608 5008101.21145992,530803.44500049 5008101.21999775,530803.453485567 5008101.22851839,530803.470550689 5008101.23713819,530803.487616006 5008101.24574082,530803.487624734 5008101.2457409,530803.496209338 5008101.24582293,530803.522045221 5008101.23763022,530803.53939622 5008101.22089968,530803.548071817 5008101.21252582,530803.556842577 5008101.19571331,530803.55083563 5008101.17173846,530803.550930793 5008101.16329981,530803.561544151 5008101.102273,530803.509361808 5008101.06070401,530803.558890812 5008100.99083274,530803.505153967 5008100.89941639,530803.505145238 5008100.89941631,530803.453125441 5008100.90840733),(530792.339170829 5008092.31512522,530792.328189263 5008092.41081733,530792.347647086 5008092.4921864,530792.325535924 5008092.52491092,530792.324459226 5008092.56395653,530792.323037199 5008092.57595015,530792.322656159 5008092.60973915,530792.322560996 5008092.61817781,530792.331045878 5008092.62671564,530792.339530955 5008092.63523628,530792.356596077 5008092.64385608,530792.373661394 5008092.65245871,530792.373670122 5008092.65245879,530792.382254726 5008092.65254082,530792.408090609 5008092.64434811,530792.425441608 5008092.62761757,530792.434117205 5008092.61924371,530792.442887965 5008092.6024312,530792.436881018 5008092.57845635,530792.436976181 5008092.5700177,530792.447589539 5008092.50899089,530792.395407196 5008092.4674219,530792.4449362 5008092.39755063,530792.391199355 5008092.30613428,530792.391190626 5008092.3061342,530792.339170829 5008092.31512522),(530798.417087118 5008092.37880537,530798.406105552 5008092.47449747,530798.425563375 5008092.55586655,530798.403452213 5008092.58859107,530798.402375515 5008092.62763667,530798.400953488 5008092.6396303,530798.400572448 5008092.6734193,530798.400477285 5008092.68185796,530798.408962168 5008092.69039578,530798.417447244 5008092.69891642,530798.434512367 5008092.70753623,530798.451577683 5008092.71613885,530798.451586412 5008092.71613894,530798.460171016 5008092.71622096,530798.486006898 5008092.70802825,530798.503357898 5008092.69129772,530798.512033494 5008092.68292386,530798.520804254 5008092.66611134,530798.514797308 5008092.6421365,530798.514892471 5008092.63369784,530798.525505829 5008092.57267103,530798.473323486 5008092.53110205,530798.522852489 5008092.46123078,530798.469115644 5008092.36981443,530798.469106915 5008092.36981434,530798.417087118 5008092.37880537),(530795.365746723 5008092.33988972,530795.354765156 5008092.43558183,530795.374222979 5008092.5169509,530795.352111817 5008092.54967542,530795.351035119 5008092.58872103,530795.349613093 5008092.60071465,530795.349232052 5008092.63450365,530795.349136889 5008092.64294231,530795.357621772 5008092.65148014,530795.366106848 5008092.66000078,530795.383171971 5008092.66862059,530795.400237287 5008092.67722321,530795.400246016 5008092.67722329,530795.40883062 5008092.67730532,530795.434666502 5008092.66911261,530795.452017502 5008092.65238207,530795.460693099 5008092.64400821,530795.469463859 5008092.6271957,530795.463456912 5008092.60322085,530795.463552075 5008092.5947822,530795.474165433 5008092.53375539,530795.42198309 5008092.4921864,530795.471512093 5008092.42231513,530795.417775248 5008092.33089878,530795.41776652 5008092.3308987,530795.365746723 5008092.33988972),(530789.287830433 5008092.27620957,530789.276848867 5008092.37190168,530789.29630669 5008092.45327076,530789.274195528 5008092.48599528,530789.27311883 5008092.52504088,530789.271696803 5008092.53703451,530789.271315763 5008092.57082351,530789.2712206 5008092.57926216,530789.279705483 5008092.58779999,530789.288190559 5008092.59632063,530789.305255682 5008092.60494044,530789.322320998 5008092.61354306,530789.322329727 5008092.61354315,530789.330914331 5008092.61362517,530789.356750213 5008092.60543246,530789.374101213 5008092.58870193,530789.382776809 5008092.58032807,530789.391547569 5008092.56351555,530789.385540623 5008092.53954071,530789.385635786 5008092.53110205,530789.396249144 5008092.47007524,530789.344066801 5008092.42850626,530789.393595804 5008092.35863498,530789.339858959 5008092.26721863,530789.33985023 5008092.26721855,530789.287830433 5008092.27620957),(530802.584598987 5008092.42833437,530802.573617421 5008092.52402648,530802.593075243 5008092.60539555,530802.570964081 5008092.63812007,530802.569887383 5008092.67716568,530802.568465357 5008092.6891593,530802.568084316 5008092.7229483,530802.567989153 5008092.73138696,530802.576474036 5008092.73992479,530802.584959112 5008092.74844543,530802.602024235 5008092.75706524,530802.619089551 5008092.76566786,530802.61909828 5008092.76566794,530802.627682884 5008092.76574997,530802.653518766 5008092.75755726,530802.670869766 5008092.74082672,530802.679545363 5008092.73245286,530802.688316123 5008092.71564035,530802.682309176 5008092.6916655,530802.682404339 5008092.68322685,530802.693017697 5008092.62220004,530802.640835354 5008092.58063105,530802.690364357 5008092.51075978,530802.636627512 5008092.41934343,530802.636618784 5008092.41934335,530802.584598987 5008092.42833437),(530808.662515276 5008092.49201452,530808.65153371 5008092.58770662,530808.670991533 5008092.6690757,530808.64888037 5008092.70180022,530808.647803673 5008092.74084582,530808.646381646 5008092.75283945,530808.646000606 5008092.78662845,530808.645905442 5008092.79506711,530808.654390325 5008092.80360493,530808.662875402 5008092.81212557,530808.679940524 5008092.82074538,530808.69700584 5008092.82934801,530808.697014569 5008092.82934809,530808.705599173 5008092.82943011,530808.731435055 5008092.8212374,530808.748786055 5008092.80450687,530808.757461652 5008092.79613301,530808.766232412 5008092.77932049,530808.760225465 5008092.75534565,530808.760320628 5008092.74690699,530808.770933986 5008092.68588019,530808.718751643 5008092.6443112,530808.768280647 5008092.57443993,530808.714543801 5008092.48302358,530808.714535073 5008092.48302349,530808.662515276 5008092.49201452),(530805.61117488 5008092.45309887,530805.600193314 5008092.54879098,530805.619651137 5008092.63016006,530805.597539974 5008092.66288458,530805.596463277 5008092.70193018,530805.59504125 5008092.7139238,530805.59466021 5008092.7477128,530805.594565047 5008092.75615146,530805.603049929 5008092.76468929,530805.611535006 5008092.77320993,530805.628600128 5008092.78182974,530805.645665445 5008092.79043236,530805.645674173 5008092.79043244,530805.654258777 5008092.79051447,530805.68009466 5008092.78232176,530805.697445659 5008092.76559122,530805.706121256 5008092.75721736,530805.714892016 5008092.74040485,530805.708885069 5008092.71643,530805.708980232 5008092.70799135,530805.71959359 5008092.64696454,530805.667411247 5008092.60539555,530805.716940251 5008092.53552428,530805.663203406 5008092.44410793,530805.663194677 5008092.44410785,530805.61117488 5008092.45309887),(530799.533258591 5008092.38941872,530799.522277025 5008092.48511083,530799.541734848 5008092.56647991,530799.519623685 5008092.59920443,530799.518546988 5008092.63825003,530799.517124961 5008092.65024366,530799.516743921 5008092.68403266,530799.516648757 5008092.69247132,530799.52513364 5008092.70100914,530799.533618717 5008092.70952978,530799.550683839 5008092.71814959,530799.567749155 5008092.72675221,530799.567757884 5008092.7267523,530799.576342488 5008092.72683432,530799.60217837 5008092.71864161,530799.61952937 5008092.70191108,530799.628204967 5008092.69353722,530799.636975727 5008092.6767247,530799.63096878 5008092.65274986,530799.631063943 5008092.6443112,530799.641677301 5008092.58328439,530799.589494958 5008092.54171541,530799.639023962 5008092.47184413,530799.585287116 5008092.38042778,530799.585278388 5008092.3804277,530799.533258591 5008092.38941872),(530788.712940214 5008083.83151447,530788.701958648 5008083.92720658,530788.721416471 5008084.00857566,530788.699305308 5008084.04130018,530788.698228611 5008084.08034578,530788.696806584 5008084.09233941,530788.696425544 5008084.12612841,530788.696330381 5008084.13456707,530788.704815263 5008084.14310489,530788.71330034 5008084.15162553,530788.730365462 5008084.16024534,530788.747430778 5008084.16884796,530788.747439507 5008084.16884805,530788.756024111 5008084.16893007,530788.781859993 5008084.16073736,530788.799210993 5008084.14400683,530788.80788659 5008084.13563297,530788.81665735 5008084.11882045,530788.810650403 5008084.09484561,530788.810745566 5008084.08640695,530788.821358924 5008084.02538014,530788.769176581 5008083.98381116,530788.818705585 5008083.91393988,530788.76496874 5008083.82252353,530788.764960011 5008083.82252345,530788.712940214 5008083.83151447),(530794.790856503 5008083.89519462,530794.779874937 5008083.99088673,530794.79933276 5008084.07225581,530794.777221598 5008084.10498033,530794.7761449 5008084.14402593,530794.774722873 5008084.15601955,530794.774341833 5008084.18980855,530794.77424667 5008084.19824721,530794.782731552 5008084.20678504,530794.791216629 5008084.21530568,530794.808281751 5008084.22392549,530794.825347068 5008084.23252811,530794.825355796 5008084.23252819,530794.8339404 5008084.23261022,530794.859776283 5008084.22441751,530794.877127282 5008084.20768697,530794.885802879 5008084.19931311,530794.894573639 5008084.1825006,530794.888566692 5008084.15852575,530794.888661855 5008084.1500871,530794.899275213 5008084.08906029,530794.84709287 5008084.0474913,530794.896621874 5008083.97762003,530794.842885029 5008083.88620368,530794.8428763 5008083.8862036,530794.790856503 5008083.89519462),(530791.739516107 5008083.85627897,530791.728534541 5008083.95197108,530791.747992364 5008084.03334016,530791.725881202 5008084.06606468,530791.724804504 5008084.10511028,530791.723382477 5008084.11710391,530791.723001437 5008084.15089291,530791.722906274 5008084.15933157,530791.731391157 5008084.16786939,530791.739876233 5008084.17639003,530791.756941356 5008084.18500984,530791.774006672 5008084.19361246,530791.774015401 5008084.19361255,530791.782600005 5008084.19369457,530791.808435887 5008084.18550186,530791.825786887 5008084.16877133,530791.834462483 5008084.16039747,530791.843233243 5008084.14358495,530791.837226297 5008084.11961011,530791.83732146 5008084.11117145,530791.847934818 5008084.05014464,530791.795752475 5008084.00857566,530791.845281478 5008083.93870438,530791.791544633 5008083.84728803,530791.791535904 5008083.84728795,530791.739516107 5008083.85627897),(530785.661599818 5008083.79259883,530785.650618252 5008083.88829094,530785.670076075 5008083.96966001,530785.647964913 5008084.00238453,530785.646888215 5008084.04143013,530785.645466188 5008084.05342376,530785.645085148 5008084.08721276,530785.644989985 5008084.09565142,530785.653474867 5008084.10418925,530785.661959944 5008084.11270988,530785.679025066 5008084.12132969,530785.696090383 5008084.12993232,530785.696099111 5008084.1299324,530785.704683715 5008084.13001442,530785.730519598 5008084.12182172,530785.747870597 5008084.10509118,530785.756546194 5008084.09671732,530785.765316954 5008084.0799048,530785.759310007 5008084.05592996,530785.75940517 5008084.0474913,530785.770018528 5008083.9864645,530785.717836185 5008083.94489551,530785.767365189 5008083.87502424,530785.713628344 5008083.78360789,530785.713619615 5008083.7836078,530785.661599818 5008083.79259883),(530798.958368372 5008083.94472362,530798.947386805 5008084.04041573,530798.966844628 5008084.12178481,530798.944733466 5008084.15450933,530798.943656768 5008084.19355493,530798.942234742 5008084.20554856,530798.941853701 5008084.23933756,530798.941758538 5008084.24777622,530798.950243421 5008084.25631404,530798.958728497 5008084.26483468,530798.97579362 5008084.27345449,530798.992858936 5008084.28205711,530798.992867665 5008084.2820572,530799.001452269 5008084.28213922,530799.027288151 5008084.27394651,530799.044639151 5008084.25721598,530799.053314748 5008084.24884212,530799.062085507 5008084.2320296,530799.056078561 5008084.20805476,530799.056173724 5008084.1996161,530799.066787082 5008084.13858929,530799.014604739 5008084.09702031,530799.064133742 5008084.02714903,530799.010396897 5008083.93573268,530799.010388169 5008083.9357326,530798.958368372 5008083.94472362),(530805.036284661 5008084.00840377,530805.025303095 5008084.10409588,530805.044760917 5008084.18546496,530805.022649755 5008084.21818948,530805.021573058 5008084.25723508,530805.020151031 5008084.26922871,530805.01976999 5008084.30301771,530805.019674827 5008084.31145636,530805.02815971 5008084.31999419,530805.036644786 5008084.32851483,530805.053709909 5008084.33713464,530805.070775225 5008084.34573726,530805.070783954 5008084.34573734,530805.079368558 5008084.34581937,530805.10520444 5008084.33762666,530805.12255544 5008084.32089613,530805.131231037 5008084.31252227,530805.140001797 5008084.29570975,530805.13399485 5008084.2717349,530805.134090013 5008084.26329625,530805.144703371 5008084.20226944,530805.092521028 5008084.16070045,530805.142050031 5008084.09082918,530805.088313186 5008083.99941283,530805.088304458 5008083.99941275,530805.036284661 5008084.00840377),(530801.984944265 5008083.96948813,530801.973962699 5008084.06518023,530801.993420522 5008084.14654931,530801.971309359 5008084.17927383,530801.970232662 5008084.21831943,530801.968810635 5008084.23031306,530801.968429595 5008084.26410206,530801.968334431 5008084.27254072,530801.976819314 5008084.28107854,530801.985304391 5008084.28959918,530802.002369513 5008084.29821899,530802.019434829 5008084.30682161,530802.019443558 5008084.3068217,530802.028028162 5008084.30690372,530802.053864044 5008084.29871101,530802.071215044 5008084.28198048,530802.079890641 5008084.27360662,530802.088661401 5008084.2567941,530802.082654454 5008084.23281926,530802.082749617 5008084.2243806,530802.093362975 5008084.16335379,530802.041180632 5008084.12178481,530802.090709636 5008084.05191354,530802.03697279 5008083.96049718,530802.036964062 5008083.9604971,530801.984944265 5008083.96948813),(530795.907027976 5008083.90580798,530795.896046409 5008084.00150009,530795.915504232 5008084.08286916,530795.89339307 5008084.11559368,530795.892316372 5008084.15463928,530795.890894346 5008084.16663291,530795.890513305 5008084.20042191,530795.890418142 5008084.20886057,530795.898903025 5008084.2173984,530795.907388101 5008084.22591903,530795.924453224 5008084.23453884,530795.94151854 5008084.24314147,530795.941527269 5008084.24314155,530795.950111873 5008084.24322357,530795.975947755 5008084.23503087,530795.993298755 5008084.21830033,530796.001974352 5008084.20992647,530796.010745112 5008084.19311395,530796.004738165 5008084.16913911,530796.004833328 5008084.16070045,530796.015446686 5008084.09967365,530795.963264343 5008084.05810466,530796.012793346 5008083.98823339,530795.959056501 5008083.89681704,530795.959047773 5008083.89681695,530795.907027976 5008083.90580798),(530809.06228509 5008083.97302591,530809.051303524 5008084.06871802,530809.070761347 5008084.1500871,530809.048650185 5008084.18281162,530809.047573487 5008084.22185722,530809.04615146 5008084.23385085,530809.04577042 5008084.26763985,530809.045675257 5008084.2760785,530809.054160139 5008084.28461633,530809.062645216 5008084.29313697,530809.079710338 5008084.30175678,530809.096775655 5008084.3103594,530809.096784383 5008084.31035948,530809.105368987 5008084.31044151,530809.13120487 5008084.3022488,530809.148555869 5008084.28551827,530809.157231466 5008084.27714441,530809.166002226 5008084.26033189,530809.159995279 5008084.23635705,530809.160090443 5008084.22791839,530809.1707038 5008084.16689158,530809.118521457 5008084.1253226,530809.168050461 5008084.05545132,530809.114313616 5008083.96403497,530809.114304887 5008083.96403489,530809.06228509 5008083.97302591),(530815.14020138 5008084.03670606,530815.129219813 5008084.13239817,530815.148677636 5008084.21376724,530815.126566474 5008084.24649176,530815.125489776 5008084.28553736,530815.124067749 5008084.29753099,530815.123686709 5008084.33131999,530815.123591546 5008084.33975865,530815.132076429 5008084.34829648,530815.140561505 5008084.35681712,530815.157626628 5008084.36543692,530815.174691944 5008084.37403955,530815.174700673 5008084.37403963,530815.183285277 5008084.37412166,530815.209121159 5008084.36592895,530815.226472159 5008084.34919841,530815.235147755 5008084.34082455,530815.243918515 5008084.32401204,530815.237911569 5008084.30003719,530815.238006732 5008084.29159854,530815.24862009 5008084.23057173,530815.196437747 5008084.18900274,530815.24596675 5008084.11913147,530815.192229905 5008084.02771512,530815.192221176 5008084.02771503,530815.14020138 5008084.03670606),(530812.088860984 5008083.99779041,530812.077879417 5008084.09348252,530812.09733724 5008084.1748516,530812.075226078 5008084.20757612,530812.07414938 5008084.24662172,530812.072727354 5008084.25861535,530812.072346313 5008084.29240435,530812.07225115 5008084.300843,530812.080736033 5008084.30938083,530812.089221109 5008084.31790147,530812.106286232 5008084.32652128,530812.123351548 5008084.3351239,530812.123360277 5008084.33512399,530812.131944881 5008084.33520601,530812.157780763 5008084.3270133,530812.175131763 5008084.31028277,530812.18380736 5008084.30190891,530812.19257812 5008084.28509639,530812.186571173 5008084.26112155,530812.186666336 5008084.25268289,530812.197279694 5008084.19165608,530812.145097351 5008084.1500871,530812.194626354 5008084.08021582,530812.140889509 5008083.98879947,530812.140880781 5008083.98879939,530812.088860984 5008083.99779041),(530806.010944695 5008083.93411027,530805.999963128 5008084.02980237,530806.019420951 5008084.11117145,530805.997309789 5008084.14389597,530805.996233091 5008084.18294157,530805.994811064 5008084.1949352,530805.994430024 5008084.2287242,530805.994334861 5008084.23716286,530806.002819744 5008084.24570068,530806.01130482 5008084.25422132,530806.028369943 5008084.26284113,530806.045435259 5008084.27144375,530806.045443988 5008084.27144384,530806.054028592 5008084.27152586,530806.079864474 5008084.26333315,530806.097215474 5008084.24660262,530806.10589107 5008084.23822876,530806.11466183 5008084.22141624,530806.108654884 5008084.1974414,530806.108750047 5008084.18900274,530806.119363405 5008084.12797593,530806.067181062 5008084.08640695,530806.116710065 5008084.01653568,530806.06297322 5008083.92511933,530806.062964491 5008083.92511924,530806.010944695 5008083.93411027),(530819.307713248 5008084.08623506,530819.296731682 5008084.18192717,530819.316189504 5008084.26329625,530819.294078342 5008084.29602077,530819.293001645 5008084.33506637,530819.291579618 5008084.34706,530819.291198577 5008084.380849,530819.291103414 5008084.38928765,530819.299588297 5008084.39782548,530819.308073374 5008084.40634612,530819.325138496 5008084.41496593,530819.342203812 5008084.42356855,530819.342212541 5008084.42356864,530819.350797145 5008084.42365066,530819.376633027 5008084.41545795,530819.393984027 5008084.39872742,530819.402659624 5008084.39035356,530819.411430384 5008084.37354104,530819.405423437 5008084.3495662,530819.4055186 5008084.34112754,530819.416131958 5008084.28010073,530819.363949615 5008084.23853175,530819.413478618 5008084.16866047,530819.359741773 5008084.07724412,530819.359733045 5008084.07724404,530819.307713248 5008084.08623506),(530825.385629537 5008084.14991521,530825.374647971 5008084.24560732,530825.394105794 5008084.32697639,530825.371994631 5008084.35970091,530825.370917934 5008084.39874652,530825.369495907 5008084.41074014,530825.369114867 5008084.44452914,530825.369019703 5008084.4529678,530825.377504586 5008084.46150563,530825.385989663 5008084.47002627,530825.403054785 5008084.47864608,530825.420120101 5008084.4872487,530825.42012883 5008084.48724878,530825.428713434 5008084.48733081,530825.454549316 5008084.4791381,530825.471900316 5008084.46240756,530825.480575913 5008084.4540337,530825.489346673 5008084.43722119,530825.483339726 5008084.41324634,530825.483434889 5008084.40480769,530825.494048247 5008084.34378088,530825.441865904 5008084.30221189,530825.491394908 5008084.23234062,530825.437658063 5008084.14092427,530825.437649334 5008084.14092419,530825.385629537 5008084.14991521),(530822.334289141 5008084.11099956,530822.323307575 5008084.20669167,530822.342765398 5008084.28806075,530822.320654236 5008084.32078527,530822.319577538 5008084.35983087,530822.318155511 5008084.3718245,530822.317774471 5008084.4056135,530822.317679308 5008084.41405215,530822.32616419 5008084.42258998,530822.334649267 5008084.43111062,530822.351714389 5008084.43973043,530822.368779706 5008084.44833305,530822.368788434 5008084.44833314,530822.377373038 5008084.44841516,530822.403208921 5008084.44022245,530822.42055992 5008084.42349192,530822.429235517 5008084.41511806,530822.438006277 5008084.39830554,530822.43199933 5008084.3743307,530822.432094493 5008084.36589204,530822.442707851 5008084.30486523,530822.390525508 5008084.26329625,530822.440054512 5008084.19342497,530822.386317667 5008084.10200862,530822.386308938 5008084.10200854,530822.334289141 5008084.11099956),(530816.256372852 5008084.04731942,530816.245391286 5008084.14301152,530816.264849109 5008084.2243806,530816.242737946 5008084.25710512,530816.241661249 5008084.29615072,530816.240239222 5008084.30814435,530816.239858182 5008084.34193335,530816.239763018 5008084.35037201,530816.248247901 5008084.35890983,530816.256732978 5008084.36743047,530816.2737981 5008084.37605028,530816.290863416 5008084.38465291,530816.290872145 5008084.38465299,530816.299456749 5008084.38473501,530816.325292631 5008084.3765423,530816.342643631 5008084.35981177,530816.351319228 5008084.35143791,530816.360089988 5008084.33462539,530816.354083041 5008084.31065055,530816.354178204 5008084.30221189,530816.364791562 5008084.24118508,530816.312609219 5008084.1996161,530816.362138223 5008084.12974483,530816.308401378 5008084.03832848,530816.308392649 5008084.03832839,530816.256372852 5008084.04731942),(530796.943599264 5008109.34248907,530796.932617698 5008109.43818118,530796.95207552 5008109.51955026,530796.929964358 5008109.55227478,530796.92888766 5008109.59132038,530796.927465634 5008109.60331401,530796.927084593 5008109.63710301,530796.92698943 5008109.64554166,530796.935474313 5008109.65407949,530796.943959389 5008109.66260013,530796.961024512 5008109.67121994,530796.978089828 5008109.67982256,530796.978098557 5008109.67982265,530796.986683161 5008109.67990467,530797.012519043 5008109.67171196,530797.029870043 5008109.65498143,530797.03854564 5008109.64660757,530797.0473164 5008109.62979505,530797.041309453 5008109.60582021,530797.041404616 5008109.59738155,530797.052017974 5008109.53635474,530796.999835631 5008109.49478576,530797.049364634 5008109.42491448,530796.995627789 5008109.33349813,530796.995619061 5008109.33349805,530796.943599264 5008109.34248907),(530773.514611704 5008049.72725776,530773.503630138 5008049.82294987,530773.523087961 5008049.90431895,530773.500976798 5008049.93704347,530773.499900101 5008049.97608907,530773.498478074 5008049.9880827,530773.498097034 5008050.0218717,530773.498001871 5008050.03031035,530773.506486753 5008050.03884818,530773.51497183 5008050.04736882,530773.532036952 5008050.05598863,530773.549102269 5008050.06459125,530773.549110997 5008050.06459133,530773.557695601 5008050.06467336,530773.583531484 5008050.05648065,530773.600882483 5008050.03975012,530773.60955808 5008050.03137626,530773.61832884 5008050.01456374,530773.612321893 5008049.9905889,530773.612417056 5008049.98215024,530773.623030414 5008049.92112343,530773.570848071 5008049.87955444,530773.620377075 5008049.80968317,530773.56664023 5008049.71826682,530773.566631501 5008049.71826674,530773.514611704 5008049.72725776),(530779.592527993 5008049.79093791,530779.581546427 5008049.88663002,530779.60100425 5008049.96799909,530779.578893088 5008050.00072361,530779.57781639 5008050.03976921,530779.576394363 5008050.05176284,530779.576013323 5008050.08555184,530779.57591816 5008050.0939905,530779.584403042 5008050.10252833,530779.592888119 5008050.11104896,530779.609953241 5008050.11966877,530779.627018558 5008050.1282714,530779.627027286 5008050.12827148,530779.63561189 5008050.12835351,530779.661447773 5008050.1201608,530779.678798773 5008050.10343026,530779.687474369 5008050.0950564,530779.696245129 5008050.07824389,530779.690238182 5008050.05426904,530779.690333346 5008050.04583038,530779.700946703 5008049.98480358,530779.64876436 5008049.94323459,530779.698293364 5008049.87336332,530779.644556519 5008049.78194697,530779.64454779 5008049.78194688,530779.592527993 5008049.79093791),(530776.541187598 5008049.75202226,530776.530206031 5008049.84771437,530776.549663854 5008049.92908345,530776.527552692 5008049.96180797,530776.526475994 5008050.00085357,530776.525053967 5008050.0128472,530776.524672927 5008050.0466362,530776.524577764 5008050.05507485,530776.533062647 5008050.06361268,530776.541547723 5008050.07213332,530776.558612846 5008050.08075313,530776.575678162 5008050.08935575,530776.575686891 5008050.08935583,530776.584271495 5008050.08943786,530776.610107377 5008050.08124515,530776.627458377 5008050.06451462,530776.636133973 5008050.05614076,530776.644904733 5008050.03932824,530776.638897787 5008050.0153534,530776.63899295 5008050.00691474,530776.649606308 5008049.94588793,530776.597423965 5008049.90431895,530776.646952968 5008049.83444767,530776.593216123 5008049.74303132,530776.593207394 5008049.74303124,530776.541187598 5008049.75202226),(530770.463271308 5008049.68834212,530770.452289742 5008049.78403422,530770.471747565 5008049.8654033,530770.449636403 5008049.89812782,530770.448559705 5008049.93717342,530770.447137678 5008049.94916705,530770.446756638 5008049.98295605,530770.446661475 5008049.99139471,530770.455146357 5008049.99993253,530770.463631434 5008050.00845317,530770.480696556 5008050.01707298,530770.497761873 5008050.0256756,530770.497770601 5008050.02567569,530770.506355205 5008050.02575771,530770.532191088 5008050.017565,530770.549542087 5008050.00083447,530770.558217684 5008049.99246061,530770.566988444 5008049.97564809,530770.560981497 5008049.95167325,530770.561076661 5008049.94323459,530770.571690018 5008049.88220778,530770.519507675 5008049.8406388,530770.569036679 5008049.77076753,530770.515299834 5008049.67935118,530770.515291105 5008049.67935109,530770.463271308 5008049.68834212),(530783.760039862 5008049.84046691,530783.749058295 5008049.93615902,530783.768516118 5008050.0175281,530783.746404956 5008050.05025262,530783.745328258 5008050.08929822,530783.743906232 5008050.10129185,530783.743525191 5008050.13508085,530783.743430028 5008050.1435195,530783.751914911 5008050.15205733,530783.760399987 5008050.16057797,530783.77746511 5008050.16919778,530783.794530426 5008050.1778004,530783.794539155 5008050.17780048,530783.803123759 5008050.17788251,530783.828959641 5008050.1696898,530783.846310641 5008050.15295927,530783.854986238 5008050.14458541,530783.863756998 5008050.12777289,530783.857750051 5008050.10379805,530783.857845214 5008050.09535939,530783.868458572 5008050.03433258,530783.816276229 5008049.9927636,530783.865805232 5008049.92289232,530783.812068387 5008049.83147597,530783.812059659 5008049.83147589,530783.760039862 5008049.84046691),(530789.837956151 5008049.90414706,530789.826974585 5008049.99983917,530789.846432408 5008050.08120824,530789.824321245 5008050.11393276,530789.823244548 5008050.15297837,530789.821822521 5008050.16497199,530789.82144148 5008050.19876099,530789.821346317 5008050.20719965,530789.8298312 5008050.21573748,530789.838316277 5008050.22425812,530789.855381399 5008050.23287793,530789.872446715 5008050.24148055,530789.872455444 5008050.24148063,530789.881040048 5008050.24156266,530789.90687593 5008050.23336995,530789.92422693 5008050.21663941,530789.932902527 5008050.20826555,530789.941673287 5008050.19145304,530789.93566634 5008050.16747819,530789.935761503 5008050.15903954,530789.946374861 5008050.09801273,530789.894192518 5008050.05644374,530789.943721522 5008049.98657247,530789.889984676 5008049.89515612,530789.889975948 5008049.89515604,530789.837956151 5008049.90414706),(530786.786615755 5008049.86523141,530786.775634189 5008049.96092352,530786.795092012 5008050.0422926,530786.772980849 5008050.07501712,530786.771904152 5008050.11406272,530786.770482125 5008050.12605635,530786.770101085 5008050.15984535,530786.770005921 5008050.168284,530786.778490804 5008050.17682183,530786.786975881 5008050.18534247,530786.804041003 5008050.19396228,530786.821106319 5008050.2025649,530786.821115048 5008050.20256499,530786.829699652 5008050.20264701,530786.855535534 5008050.1944543,530786.872886534 5008050.17772377,530786.881562131 5008050.16934991,530786.890332891 5008050.15253739,530786.884325944 5008050.12856255,530786.884421107 5008050.12012389,530786.895034465 5008050.05909708,530786.842852122 5008050.0175281,530786.892381126 5008049.94765682,530786.838644281 5008049.85624047,530786.838635552 5008049.85624039,530786.786615755 5008049.86523141),(530780.708699466 5008049.80155127,530780.6977179 5008049.89724337,530780.717175722 5008049.97861245,530780.69506456 5008050.01133697,530780.693987863 5008050.05038257,530780.692565836 5008050.0623762,530780.692184795 5008050.0961652,530780.692089632 5008050.10460386,530780.700574515 5008050.11314168,530780.709059592 5008050.12166232,530780.726124714 5008050.13028213,530780.74319003 5008050.13888475,530780.743198759 5008050.13888484,530780.751783363 5008050.13896686,530780.777619245 5008050.13077415,530780.794970245 5008050.11404362,530780.803645842 5008050.10566976,530780.812416602 5008050.08885724,530780.806409655 5008050.0648824,530780.806504818 5008050.05644374,530780.817118176 5008049.99541693,530780.764935833 5008049.95384795,530780.814464836 5008049.88397668,530780.760727991 5008049.79256033,530780.760719263 5008049.79256024,530780.708699466 5008049.80155127),(530793.86395658 5008049.8687692,530793.852975014 5008049.96446131,530793.872432837 5008050.04583038,530793.850321675 5008050.07855491,530793.849244977 5008050.11760051,530793.84782295 5008050.12959413,530793.84744191 5008050.16338313,530793.847346747 5008050.17182179,530793.855831629 5008050.18035962,530793.864316706 5008050.18888026,530793.881381828 5008050.19750007,530793.898447145 5008050.20610269,530793.898455873 5008050.20610277,530793.907040477 5008050.2061848,530793.93287636 5008050.19799209,530793.95022736 5008050.18126155,530793.958902956 5008050.17288769,530793.967673716 5008050.15607518,530793.961666769 5008050.13210033,530793.961761933 5008050.12366168,530793.97237529 5008050.06263487,530793.920192947 5008050.02106588,530793.969721951 5008049.95119461,530793.915985106 5008049.85977826,530793.915976377 5008049.85977818,530793.86395658 5008049.8687692),(530799.94187287 5008049.93244935,530799.930891303 5008050.02814145,530799.950349126 5008050.10951053,530799.928237964 5008050.14223505,530799.927161266 5008050.18128065,530799.92573924 5008050.19327428,530799.925358199 5008050.22706328,530799.925263036 5008050.23550194,530799.933747919 5008050.24403976,530799.942232995 5008050.2525604,530799.959298118 5008050.26118021,530799.976363434 5008050.26978284,530799.976372163 5008050.26978292,530799.984956767 5008050.26986494,530800.010792649 5008050.26167224,530800.028143649 5008050.2449417,530800.036819246 5008050.23656784,530800.045590005 5008050.21975532,530800.039583059 5008050.19578048,530800.039678222 5008050.18734182,530800.05029158 5008050.12631502,530799.998109237 5008050.08474603,530800.04763824 5008050.01487476,530799.993901395 5008049.92345841,530799.993892667 5008049.92345832,530799.94187287 5008049.93244935),(530796.890532474 5008049.8935337,530796.879550908 5008049.98922581,530796.89900873 5008050.07059489,530796.876897568 5008050.10331941,530796.875820871 5008050.14236501,530796.874398844 5008050.15435863,530796.874017803 5008050.18814764,530796.87392264 5008050.19658629,530796.882407523 5008050.20512412,530796.890892599 5008050.21364476,530796.907957722 5008050.22226457,530796.925023038 5008050.23086719,530796.925031767 5008050.23086727,530796.933616371 5008050.2309493,530796.959452253 5008050.22275659,530796.976803253 5008050.20602605,530796.98547885 5008050.19765219,530796.99424961 5008050.18083968,530796.988242663 5008050.15686483,530796.988337826 5008050.14842618,530796.998951184 5008050.08739937,530796.946768841 5008050.04583038,530796.996297844 5008049.97595911,530796.942560999 5008049.88454276,530796.942552271 5008049.88454268,530796.890532474 5008049.8935337),(530790.812616185 5008049.82985355,530790.801634618 5008049.92554566,530790.821092441 5008050.00691474,530790.798981279 5008050.03963926,530790.797904581 5008050.07868486,530790.796482555 5008050.09067849,530790.796101514 5008050.12446749,530790.796006351 5008050.13290615,530790.804491234 5008050.14144397,530790.81297631 5008050.14996461,530790.830041433 5008050.15858442,530790.847106749 5008050.16718704,530790.847115478 5008050.16718713,530790.855700082 5008050.16726915,530790.881535964 5008050.15907644,530790.898886964 5008050.14234591,530790.907562561 5008050.13397205,530790.91633332 5008050.11715953,530790.910326374 5008050.09318469,530790.910421537 5008050.08474603,530790.921034895 5008050.02371922,530790.868852552 5008049.98215024,530790.918381555 5008049.91227896,530790.86464471 5008049.82086261,530790.864635982 5008049.82086253,530790.812616185 5008049.82985355),(530804.109384738 5008049.98197835,530804.098403172 5008050.07767046,530804.117860995 5008050.15903954,530804.095749832 5008050.19176406,530804.094673135 5008050.23080966,530804.093251108 5008050.24280328,530804.092870067 5008050.27659229,530804.092774904 5008050.28503094,530804.101259787 5008050.29356877,530804.109744864 5008050.30208941,530804.126809986 5008050.31070922,530804.143875302 5008050.31931184,530804.143884031 5008050.31931192,530804.152468635 5008050.31939395,530804.178304517 5008050.31120124,530804.195655517 5008050.29447071,530804.204331114 5008050.28609684,530804.213101874 5008050.26928433,530804.207094927 5008050.24530948,530804.20719009 5008050.23687083,530804.217803448 5008050.17584402,530804.165621105 5008050.13427503,530804.215150109 5008050.06440376,530804.161413263 5008049.97298741,530804.161404535 5008049.97298733,530804.109384738 5008049.98197835),(530810.187301027 5008050.0456585,530810.176319461 5008050.14135061,530810.195777284 5008050.22271968,530810.173666121 5008050.2554442,530810.172589424 5008050.2944898,530810.171167397 5008050.30648343,530810.170786357 5008050.34027243,530810.170691194 5008050.34871109,530810.179176076 5008050.35724892,530810.187661153 5008050.36576955,530810.204726275 5008050.37438936,530810.221791591 5008050.38299199,530810.22180032 5008050.38299207,530810.230384924 5008050.38307409,530810.256220807 5008050.37488139,530810.273571806 5008050.35815085,530810.282247403 5008050.34977699,530810.291018163 5008050.33296447,530810.285011216 5008050.30898963,530810.285106379 5008050.30055097,530810.295719737 5008050.23952417,530810.243537394 5008050.19795518,530810.293066398 5008050.12808391,530810.239329553 5008050.03666756,530810.239320824 5008050.03666747,530810.187301027 5008050.0456585),(530807.135960631 5008050.00674285,530807.124979065 5008050.10243496,530807.144436888 5008050.18380404,530807.122325726 5008050.21652856,530807.121249028 5008050.25557416,530807.119827001 5008050.26756779,530807.119445961 5008050.30135679,530807.119350798 5008050.30979544,530807.12783568 5008050.31833327,530807.136320757 5008050.32685391,530807.153385879 5008050.33547372,530807.170451196 5008050.34407634,530807.170459924 5008050.34407642,530807.179044528 5008050.34415845,530807.204880411 5008050.33596574,530807.22223141 5008050.31923521,530807.230907007 5008050.31086135,530807.239677767 5008050.29404883,530807.23367082 5008050.27007398,530807.233765983 5008050.26163533,530807.244379341 5008050.20060852,530807.192196998 5008050.15903953,530807.241726002 5008050.08916826,530807.187989157 5008049.99775191,530807.187980428 5008049.99775183,530807.135960631 5008050.00674285),(530801.058044342 5008049.9430627,530801.047062776 5008050.03875481,530801.066520599 5008050.12012389,530801.044409436 5008050.15284841,530801.043332739 5008050.19189401,530801.041910712 5008050.20388764,530801.041529672 5008050.23767664,530801.041434509 5008050.2461153,530801.049919391 5008050.25465312,530801.058404468 5008050.26317376,530801.07546959 5008050.27179357,530801.092534906 5008050.28039619,530801.092543635 5008050.28039628,530801.101128239 5008050.2804783,530801.126964121 5008050.27228559,530801.144315121 5008050.25555506,530801.152990718 5008050.2471812,530801.161761478 5008050.23036868,530801.155754531 5008050.20639384,530801.155849694 5008050.19795518,530801.166463052 5008050.13692837,530801.114280709 5008050.09535939,530801.163809713 5008050.02548811,530801.110072868 5008049.93407176,530801.110064139 5008049.93407168,530801.058044342 5008049.9430627),(530784.863829083 5008075.36913044,530784.852847517 5008075.46482255,530784.87230534 5008075.54619163,530784.850194177 5008075.57891615,530784.84911748 5008075.61796175,530784.847695453 5008075.62995538,530784.847314413 5008075.66374438,530784.84721925 5008075.67218303,530784.855704132 5008075.68072086,530784.864189209 5008075.6892415,530784.881254331 5008075.69786131,530784.898319648 5008075.70646393,530784.898328376 5008075.70646402,530784.90691298 5008075.70654604,530784.932748863 5008075.69835333,530784.950099862 5008075.6816228,530784.958775459 5008075.67324894,530784.967546219 5008075.65643642,530784.961539272 5008075.63246158,530784.961634435 5008075.62402292,530784.972247793 5008075.56299611,530784.92006545 5008075.52142713,530784.969594454 5008075.45155585,530784.915857609 5008075.3601395,530784.91584888 5008075.36013942,530784.863829083 5008075.36913044),(530790.941745372 5008075.43281059,530790.930763806 5008075.5285027,530790.950221629 5008075.60987177,530790.928110467 5008075.6425963,530790.927033769 5008075.6816419,530790.925611742 5008075.69363552,530790.925230702 5008075.72742452,530790.925135539 5008075.73586318,530790.933620421 5008075.74440101,530790.942105498 5008075.75292165,530790.95917062 5008075.76154146,530790.976235937 5008075.77014408,530790.976244665 5008075.77014416,530790.984829269 5008075.77022619,530791.010665152 5008075.76203348,530791.028016152 5008075.74530294,530791.036691748 5008075.73692908,530791.045462508 5008075.72011657,530791.039455561 5008075.69614172,530791.039550725 5008075.68770307,530791.050164082 5008075.62667626,530790.997981739 5008075.58510727,530791.047510743 5008075.515236,530790.993773898 5008075.42381965,530790.993765169 5008075.42381957,530790.941745372 5008075.43281059),(530787.890404977 5008075.39389494,530787.87942341 5008075.48958705,530787.898881233 5008075.57095613,530787.876770071 5008075.60368065,530787.875693373 5008075.64272625,530787.874271346 5008075.65471988,530787.873890306 5008075.68850888,530787.873795143 5008075.69694754,530787.882280026 5008075.70548536,530787.890765102 5008075.714006,530787.907830225 5008075.72262581,530787.924895541 5008075.73122843,530787.92490427 5008075.73122852,530787.933488874 5008075.73131054,530787.959324756 5008075.72311783,530787.976675756 5008075.7063873,530787.985351352 5008075.69801344,530787.994122112 5008075.68120092,530787.988115166 5008075.65722608,530787.988210329 5008075.64878742,530787.998823687 5008075.58776061,530787.946641344 5008075.54619163,530787.996170347 5008075.47632035,530787.942433502 5008075.384904,530787.942424773 5008075.38490392,530787.890404977 5008075.39389494),(530781.812488687 5008075.3302148,530781.801507121 5008075.4259069,530781.820964944 5008075.50727598,530781.798853782 5008075.5400005,530781.797777084 5008075.5790461,530781.796355057 5008075.59103973,530781.795974017 5008075.62482873,530781.795878854 5008075.63326739,530781.804363736 5008075.64180521,530781.812848813 5008075.65032585,530781.829913935 5008075.65894566,530781.846979252 5008075.66754829,530781.84698798 5008075.66754837,530781.855572584 5008075.66763039,530781.881408467 5008075.65943769,530781.898759466 5008075.64270715,530781.907435063 5008075.63433329,530781.916205823 5008075.61752077,530781.910198876 5008075.59354593,530781.91029404 5008075.58510727,530781.920907397 5008075.52408047,530781.868725054 5008075.48251148,530781.918254058 5008075.41264021,530781.864517213 5008075.32122386,530781.864508484 5008075.32122377,530781.812488687 5008075.3302148),(530795.109257241 5008075.48233959,530795.098275674 5008075.5780317,530795.117733497 5008075.65940078,530795.095622335 5008075.6921253,530795.094545637 5008075.7311709,530795.093123611 5008075.74316453,530795.09274257 5008075.77695353,530795.092647407 5008075.78539219,530795.10113229 5008075.79393001,530795.109617366 5008075.80245065,530795.126682489 5008075.81107046,530795.143747805 5008075.81967308,530795.143756534 5008075.81967317,530795.152341138 5008075.81975519,530795.17817702 5008075.81156248,530795.19552802 5008075.79483195,530795.204203617 5008075.78645809,530795.212974377 5008075.76964557,530795.20696743 5008075.74567073,530795.207062593 5008075.73723207,530795.217675951 5008075.67620526,530795.165493608 5008075.63463628,530795.215022611 5008075.564765,530795.161285766 5008075.47334865,530795.161277038 5008075.47334857,530795.109257241 5008075.48233959),(530801.18717353 5008075.54601974,530801.176191964 5008075.64171185,530801.195649787 5008075.72308093,530801.173538624 5008075.75580545,530801.172461927 5008075.79485105,530801.1710399 5008075.80684467,530801.170658859 5008075.84063368,530801.170563696 5008075.84907233,530801.179048579 5008075.85761016,530801.187533656 5008075.8661308,530801.204598778 5008075.87475061,530801.221664094 5008075.88335323,530801.221672823 5008075.88335331,530801.230257427 5008075.88343534,530801.256093309 5008075.87524263,530801.273444309 5008075.8585121,530801.282119906 5008075.85013823,530801.290890666 5008075.83332572,530801.284883719 5008075.80935087,530801.284978882 5008075.80091222,530801.29559224 5008075.73988541,530801.243409897 5008075.69831642,530801.292938901 5008075.62844515,530801.239202055 5008075.5370288,530801.239193327 5008075.53702872,530801.18717353 5008075.54601974),(530798.135833134 5008075.5071041,530798.124851568 5008075.6027962,530798.144309391 5008075.68416528,530798.122198228 5008075.7168898,530798.121121531 5008075.7559354,530798.119699504 5008075.76792903,530798.119318464 5008075.80171803,530798.1192233 5008075.81015669,530798.127708183 5008075.81869451,530798.13619326 5008075.82721515,530798.153258382 5008075.83583496,530798.170323698 5008075.84443758,530798.170332427 5008075.84443767,530798.178917031 5008075.84451969,530798.204752913 5008075.83632698,530798.222103913 5008075.81959645,530798.23077951 5008075.81122259,530798.23955027 5008075.79441007,530798.233543323 5008075.77043523,530798.233638486 5008075.76199657,530798.244251844 5008075.70096976,530798.192069501 5008075.65940078,530798.241598505 5008075.5895295,530798.18786166 5008075.49811315,530798.187852931 5008075.49811307,530798.135833134 5008075.5071041),(530792.057916845 5008075.44342395,530792.046935279 5008075.53911606,530792.066393101 5008075.62048513,530792.044281939 5008075.65320965,530792.043205242 5008075.69225525,530792.041783215 5008075.70424888,530792.041402174 5008075.73803788,530792.041307011 5008075.74647654,530792.049791894 5008075.75501437,530792.058276971 5008075.763535,530792.075342093 5008075.77215481,530792.092407409 5008075.78075744,530792.092416138 5008075.78075752,530792.101000742 5008075.78083954,530792.126836624 5008075.77264684,530792.144187624 5008075.7559163,530792.152863221 5008075.74754244,530792.161633981 5008075.73072992,530792.155627034 5008075.70675508,530792.155722197 5008075.69831642,530792.166335555 5008075.63728962,530792.114153212 5008075.59572063,530792.163682215 5008075.52584936,530792.10994537 5008075.43443301,530792.109936642 5008075.43443292,530792.057916845 5008075.44342395),(530805.213173959 5008075.51064188,530805.202192393 5008075.60633399,530805.221650216 5008075.68770307,530805.199539054 5008075.72042759,530805.198462356 5008075.75947319,530805.197040329 5008075.77146682,530805.196659289 5008075.80525582,530805.196564126 5008075.81369447,530805.205049008 5008075.8222323,530805.213534085 5008075.83075294,530805.230599207 5008075.83937275,530805.247664524 5008075.84797537,530805.247673252 5008075.84797545,530805.256257856 5008075.84805748,530805.282093739 5008075.83986477,530805.299444739 5008075.82313424,530805.308120335 5008075.81476038,530805.316891095 5008075.79794786,530805.310884148 5008075.77397302,530805.310979312 5008075.76553436,530805.321592669 5008075.70450755,530805.269410326 5008075.66293857,530805.31893933 5008075.59306729,530805.265202485 5008075.50165094,530805.265193756 5008075.50165086,530805.213173959 5008075.51064188),(530811.291090249 5008075.57432203,530811.280108682 5008075.67001414,530811.299566505 5008075.75138321,530811.277455343 5008075.78410773,530811.276378645 5008075.82315333,530811.274956619 5008075.83514696,530811.274575578 5008075.86893596,530811.274480415 5008075.87737462,530811.282965298 5008075.88591245,530811.291450374 5008075.89443308,530811.308515497 5008075.90305289,530811.325580813 5008075.91165552,530811.325589542 5008075.9116556,530811.334174146 5008075.91173763,530811.360010028 5008075.90354492,530811.377361028 5008075.88681438,530811.386036625 5008075.87844052,530811.394807384 5008075.86162801,530811.388800438 5008075.83765316,530811.388895601 5008075.8292145,530811.399508959 5008075.7681877,530811.347326616 5008075.72661871,530811.396855619 5008075.65674744,530811.343118774 5008075.56533109,530811.343110046 5008075.565331,530811.291090249 5008075.57432203),(530808.239749853 5008075.53540638,530808.228768287 5008075.63109849,530808.248226109 5008075.71246757,530808.226114947 5008075.74519209,530808.22503825 5008075.78423769,530808.223616223 5008075.79623132,530808.223235182 5008075.83002032,530808.223140019 5008075.83845897,530808.231624902 5008075.8469968,530808.240109978 5008075.85551744,530808.257175101 5008075.86413725,530808.274240417 5008075.87273987,530808.274249146 5008075.87273995,530808.28283375 5008075.87282198,530808.308669632 5008075.86462927,530808.326020632 5008075.84789874,530808.334696229 5008075.83952488,530808.343466989 5008075.82271236,530808.337460042 5008075.79873752,530808.337555205 5008075.79029886,530808.348168563 5008075.72927205,530808.29598622 5008075.68770307,530808.345515223 5008075.61783179,530808.291778378 5008075.52641544,530808.29176965 5008075.52641536,530808.239749853 5008075.53540638),(530802.161833564 5008075.47172624,530802.150851997 5008075.56741834,530802.17030982 5008075.64878742,530802.148198658 5008075.68151194,530802.14712196 5008075.72055754,530802.145699934 5008075.73255117,530802.145318893 5008075.76634017,530802.14522373 5008075.77477883,530802.153708613 5008075.78331665,530802.162193689 5008075.79183729,530802.179258812 5008075.8004571,530802.196324128 5008075.80905972,530802.196332857 5008075.80905981,530802.204917461 5008075.80914183,530802.230753343 5008075.80094912,530802.248104343 5008075.78421859,530802.25677994 5008075.77584473,530802.265550699 5008075.75903221,530802.259543753 5008075.73505737,530802.259638916 5008075.72661871,530802.270252274 5008075.6655919,530802.218069931 5008075.62402292,530802.267598934 5008075.55415165,530802.213862089 5008075.4627353,530802.213853361 5008075.46273521,530802.161833564 5008075.47172624),(530815.458602117 5008075.62385103,530815.447620551 5008075.71954314,530815.467078374 5008075.80091222,530815.444967211 5008075.83363674,530815.443890514 5008075.87268234,530815.442468487 5008075.88467597,530815.442087446 5008075.91846497,530815.441992283 5008075.92690362,530815.450477166 5008075.93544145,530815.458962243 5008075.94396209,530815.476027365 5008075.9525819,530815.493092681 5008075.96118452,530815.49310141 5008075.96118461,530815.501686014 5008075.96126663,530815.527521896 5008075.95307392,530815.544872896 5008075.93634339,530815.553548493 5008075.92796953,530815.562319253 5008075.91115701,530815.556312306 5008075.88718217,530815.556407469 5008075.87874351,530815.567020827 5008075.8177167,530815.514838484 5008075.77614772,530815.564367488 5008075.70627644,530815.510630642 5008075.61486009,530815.510621914 5008075.61486001,530815.458602117 5008075.62385103),(530821.536518406 5008075.68753118,530821.52553684 5008075.78322329,530821.544994663 5008075.86459236,530821.5228835 5008075.89731688,530821.521806803 5008075.93636249,530821.520384776 5008075.94835611,530821.520003736 5008075.98214511,530821.519908573 5008075.99058377,530821.528393455 5008075.9991216,530821.536878532 5008076.00764224,530821.553943654 5008076.01626205,530821.57100897 5008076.02486467,530821.571017699 5008076.02486475,530821.579602303 5008076.02494678,530821.605438186 5008076.01675407,530821.622789185 5008076.00002353,530821.631464782 5008075.99164967,530821.640235542 5008075.97483716,530821.634228595 5008075.95086231,530821.634323758 5008075.94242366,530821.644937116 5008075.88139685,530821.592754773 5008075.83982786,530821.642283777 5008075.76995659,530821.588546932 5008075.67854024,530821.588538203 5008075.67854016,530821.536518406 5008075.68753118),(530818.48517801 5008075.64861553,530818.474196444 5008075.74430764,530818.493654267 5008075.82567672,530818.471543105 5008075.85840124,530818.470466407 5008075.89744684,530818.46904438 5008075.90944047,530818.46866334 5008075.94322947,530818.468568177 5008075.95166812,530818.477053059 5008075.96020595,530818.485538136 5008075.96872659,530818.502603258 5008075.9773464,530818.519668575 5008075.98594902,530818.519677303 5008075.98594911,530818.528261907 5008075.98603113,530818.55409779 5008075.97783842,530818.571448789 5008075.96110789,530818.580124386 5008075.95273403,530818.588895146 5008075.93592151,530818.582888199 5008075.91194667,530818.582983362 5008075.90350801,530818.59359672 5008075.8424812,530818.541414377 5008075.80091222,530818.590943381 5008075.73104094,530818.537206536 5008075.63962459,530818.537197807 5008075.63962451,530818.48517801 5008075.64861553),(530812.407261721 5008075.58493539,530812.396280155 5008075.68062749,530812.415737978 5008075.76199657,530812.393626815 5008075.79472109,530812.392550118 5008075.83376669,530812.391128091 5008075.84576032,530812.390747051 5008075.87954932,530812.390651888 5008075.88798798,530812.39913677 5008075.8965258,530812.407621847 5008075.90504644,530812.424686969 5008075.91366625,530812.441752285 5008075.92226887,530812.441761014 5008075.92226896,530812.450345618 5008075.92235098,530812.4761815 5008075.91415827,530812.4935325 5008075.89742774,530812.502208097 5008075.88905388,530812.510978857 5008075.87224136,530812.50497191 5008075.84826652,530812.505067073 5008075.83982786,530812.515680431 5008075.77880105,530812.463498088 5008075.73723207,530812.513027092 5008075.6673608,530812.459290247 5008075.57594445,530812.459281518 5008075.57594436,530812.407261721 5008075.58493539),(530825.647425699 5008075.73706018,530825.636444133 5008075.83275229,530825.655901955 5008075.91412137,530825.633790793 5008075.94684589,530825.632714096 5008075.98589149,530825.631292069 5008075.99788512,530825.630911028 5008076.03167412,530825.630815865 5008076.04011277,530825.639300748 5008076.0486506,530825.647785824 5008076.05717124,530825.664850947 5008076.06579105,530825.681916263 5008076.07439367,530825.681924992 5008076.07439376,530825.690509596 5008076.07447578,530825.716345478 5008076.06628307,530825.733696478 5008076.04955254,530825.742372075 5008076.04117868,530825.751142835 5008076.02436616,530825.745135888 5008076.00039132,530825.745231051 5008075.99195266,530825.755844409 5008075.93092585,530825.703662066 5008075.88935687,530825.753191069 5008075.81948559,530825.699454224 5008075.72806924,530825.699445496 5008075.72806916,530825.647425699 5008075.73706018),(530831.725341988 5008075.80074033,530831.714360422 5008075.89643244,530831.733818245 5008075.97780151,530831.711707082 5008076.01052603,530831.710630385 5008076.04957164,530831.709208358 5008076.06156526,530831.708827318 5008076.09535426,530831.708732154 5008076.10379292,530831.717217037 5008076.11233075,530831.725702114 5008076.12085139,530831.742767236 5008076.1294712,530831.759832552 5008076.13807382,530831.759841281 5008076.1380739,530831.768425885 5008076.13815593,530831.794261767 5008076.12996322,530831.811612767 5008076.11323268,530831.820288364 5008076.10485882,530831.829059124 5008076.08804631,530831.823052177 5008076.06407146,530831.82314734 5008076.05563281,530831.833760698 5008075.994606,530831.781578355 5008075.95303701,530831.831107359 5008075.88316574,530831.777370514 5008075.79174939,530831.777361785 5008075.79174931,530831.725341988 5008075.80074033),(530828.674001592 5008075.76182468,530828.663020026 5008075.85751679,530828.682477849 5008075.93888587,530828.660366687 5008075.97161039,530828.659289989 5008076.01065599,530828.657867962 5008076.02264962,530828.657486922 5008076.05643862,530828.657391759 5008076.06487728,530828.665876641 5008076.0734151,530828.674361718 5008076.08193574,530828.69142684 5008076.09055555,530828.708492157 5008076.09915817,530828.708500885 5008076.09915826,530828.717085489 5008076.09924028,530828.742921372 5008076.09104757,530828.760272371 5008076.07431704,530828.768947968 5008076.06594318,530828.777718728 5008076.04913066,530828.771711781 5008076.02515582,530828.771806944 5008076.01671716,530828.782420302 5008075.95569035,530828.730237959 5008075.91412137,530828.779766963 5008075.84425009,530828.726030118 5008075.75283374,530828.726021389 5008075.75283366,530828.674001592 5008075.76182468),(530822.596085303 5008075.69814454,530822.585103737 5008075.79383664,530822.60456156 5008075.87520572,530822.582450397 5008075.90793024,530822.5813737 5008075.94697584,530822.579951673 5008075.95896947,530822.579570633 5008075.99275847,530822.579475469 5008076.00119713,530822.587960352 5008076.00973495,530822.596445429 5008076.01825559,530822.613510551 5008076.0268754,530822.630575867 5008076.03547803,530822.630584596 5008076.03547811,530822.6391692 5008076.03556013,530822.665005082 5008076.02736743,530822.682356082 5008076.01063689,530822.691031679 5008076.00226303,530822.699802439 5008075.98545051,530822.693795492 5008075.96147567,530822.693890655 5008075.95303701,530822.704504013 5008075.89201021,530822.65232167 5008075.85044122,530822.701850674 5008075.78056995,530822.648113829 5008075.6891536,530822.6481051 5008075.68915351,530822.596085303 5008075.69814454),(530831.98713815 5008067.18976929,530831.976156584 5008067.2854614,530831.995614406 5008067.36683047,530831.973503244 5008067.39955499,530831.972426547 5008067.4386006,530831.97100452 5008067.45059422,530831.970623479 5008067.48438322,530831.970528316 5008067.49282188,530831.979013199 5008067.50135971,530831.987498275 5008067.50988035,530832.004563398 5008067.51850015,530832.021628714 5008067.52710278,530832.021637443 5008067.52710286,530832.030222047 5008067.52718489,530832.056057929 5008067.51899218,530832.073408929 5008067.50226164,530832.082084526 5008067.49388778,530832.090855286 5008067.47707527,530832.084848339 5008067.45310042,530832.084943502 5008067.44466177,530832.09555686 5008067.38363496,530832.043374517 5008067.34206597,530832.09290352 5008067.2721947,530832.039166675 5008067.18077835,530832.039157947 5008067.18077826,530831.98713815 5008067.18976929),(530838.065054439 5008067.25344944,530838.054072873 5008067.34914154,530838.073530696 5008067.43051062,530838.051419533 5008067.46323514,530838.050342836 5008067.50228074,530838.048920809 5008067.51427437,530838.048539769 5008067.54806337,530838.048444605 5008067.55650203,530838.056929488 5008067.56503985,530838.065414565 5008067.57356049,530838.082479687 5008067.5821803,530838.099545003 5008067.59078292,530838.099553732 5008067.59078301,530838.108138336 5008067.59086503,530838.133974218 5008067.58267232,530838.151325218 5008067.56594179,530838.160000815 5008067.55756793,530838.168771575 5008067.54075541,530838.162764628 5008067.51678057,530838.162859791 5008067.50834191,530838.173473149 5008067.4473151,530838.121290806 5008067.40574612,530838.17081981 5008067.33587485,530838.117082965 5008067.2444585,530838.117074236 5008067.24445841,530838.065054439 5008067.25344944),(530835.013714043 5008067.21453379,530835.002732477 5008067.3102259,530835.0221903 5008067.39159497,530835.000079138 5008067.42431949,530834.99900244 5008067.4633651,530834.997580413 5008067.47535872,530834.997199373 5008067.50914772,530834.99710421 5008067.51758638,530835.005589092 5008067.52612421,530835.014074169 5008067.53464485,530835.031139291 5008067.54326466,530835.048204608 5008067.55186728,530835.048213336 5008067.55186736,530835.05679794 5008067.55194939,530835.082633823 5008067.54375668,530835.099984822 5008067.52702614,530835.108660419 5008067.51865228,530835.117431179 5008067.50183977,530835.111424232 5008067.47786492,530835.111519395 5008067.46942627,530835.122132753 5008067.40839946,530835.06995041 5008067.36683047,530835.119479414 5008067.2969592,530835.065742569 5008067.20554285,530835.06573384 5008067.20554277,530835.013714043 5008067.21453379),(530828.935797754 5008067.15085364,530828.924816188 5008067.24654575,530828.944274011 5008067.32791483,530828.922162848 5008067.36063935,530828.921086151 5008067.39968495,530828.919664124 5008067.41167858,530828.919283084 5008067.44546758,530828.91918792 5008067.45390623,530828.927672803 5008067.46244406,530828.93615788 5008067.4709647,530828.953223002 5008067.47958451,530828.970288318 5008067.48818713,530828.970297047 5008067.48818722,530828.978881651 5008067.48826924,530829.004717533 5008067.48007653,530829.022068533 5008067.463346,530829.03074413 5008067.45497214,530829.03951489 5008067.43815962,530829.033507943 5008067.41418478,530829.033603106 5008067.40574612,530829.044216464 5008067.34471931,530828.992034121 5008067.30315033,530829.041563125 5008067.23327905,530828.987826279 5008067.1418627,530828.987817551 5008067.14186262,530828.935797754 5008067.15085364),(530821.741709992 5008067.24637386,530821.730728426 5008067.34206597,530821.750186249 5008067.42343505,530821.728075087 5008067.45615957,530821.726998389 5008067.49520517,530821.725576362 5008067.5071988,530821.725195322 5008067.5409878,530821.725100159 5008067.54942646,530821.733585041 5008067.55796428,530821.742070118 5008067.56648492,530821.75913524 5008067.57510473,530821.776200557 5008067.58370735,530821.776209285 5008067.58370744,530821.784793889 5008067.58378946,530821.810629772 5008067.57559675,530821.827980772 5008067.55886622,530821.836656368 5008067.55049236,530821.845427128 5008067.53367984,530821.839420181 5008067.509705,530821.839515345 5008067.50126634,530821.850128702 5008067.44023953,530821.797946359 5008067.39867055,530821.847475363 5008067.32879927,530821.793738518 5008067.23738292,530821.793729789 5008067.23738284,530821.741709992 5008067.24637386),(530827.819626282 5008067.31005401,530827.808644715 5008067.40574612,530827.828102538 5008067.4871152,530827.805991376 5008067.51983972,530827.804914678 5008067.55888532,530827.803492652 5008067.57087895,530827.803111611 5008067.60466795,530827.803016448 5008067.6131066,530827.811501331 5008067.62164443,530827.819986407 5008067.63016507,530827.83705153 5008067.63878488,530827.854116846 5008067.6473875,530827.854125575 5008067.64738758,530827.862710179 5008067.64746961,530827.888546061 5008067.6392769,530827.905897061 5008067.62254637,530827.914572658 5008067.61417251,530827.923343417 5008067.59735999,530827.917336471 5008067.57338514,530827.917431634 5008067.56494649,530827.928044992 5008067.50391968,530827.875862649 5008067.46235069,530827.925391652 5008067.39247942,530827.871654807 5008067.30106307,530827.871646079 5008067.30106299,530827.819626282 5008067.31005401),(530824.768285886 5008067.27113837,530824.75730432 5008067.36683047,530824.776762142 5008067.44819955,530824.75465098 5008067.48092407,530824.753574283 5008067.51996967,530824.752152256 5008067.5319633,530824.751771215 5008067.5657523,530824.751676052 5008067.57419096,530824.760160935 5008067.58272878,530824.768646011 5008067.59124942,530824.785711134 5008067.59986923,530824.80277645 5008067.60847185,530824.802785179 5008067.60847194,530824.811369783 5008067.60855396,530824.837205665 5008067.60036125,530824.854556665 5008067.58363072,530824.863232262 5008067.57525686,530824.872003022 5008067.55844434,530824.865996075 5008067.5344695,530824.866091238 5008067.52603084,530824.876704596 5008067.46500403,530824.824522253 5008067.42343505,530824.874051256 5008067.35356378,530824.820314411 5008067.26214742,530824.820305683 5008067.26214734,530824.768285886 5008067.27113837),(530818.690369597 5008067.20745822,530818.67938803 5008067.30315033,530818.698845853 5008067.3845194,530818.676734691 5008067.41724392,530818.675657993 5008067.45628952,530818.674235967 5008067.46828315,530818.673854926 5008067.50207215,530818.673759763 5008067.51051081,530818.682244646 5008067.51904864,530818.690729722 5008067.52756927,530818.707794845 5008067.53618908,530818.724860161 5008067.54479171,530818.72486889 5008067.54479179,530818.733453494 5008067.54487382,530818.759289376 5008067.53668111,530818.776640376 5008067.51995057,530818.785315973 5008067.51157671,530818.794086732 5008067.49476419,530818.788079786 5008067.47078935,530818.788174949 5008067.46235069,530818.798788307 5008067.40132389,530818.746605964 5008067.3597549,530818.796134967 5008067.28988363,530818.742398122 5008067.19846728,530818.742389394 5008067.19846719,530818.690369597 5008067.20745822),(530807.385374542 5008067.08363571,530807.374392976 5008067.17932782,530807.393850799 5008067.26069689,530807.371739637 5008067.29342141,530807.370662939 5008067.33246702,530807.369240912 5008067.34446064,530807.368859872 5008067.37824964,530807.368764709 5008067.3866883,530807.377249591 5008067.39522613,530807.385734668 5008067.40374677,530807.40279979 5008067.41236658,530807.419865107 5008067.4209692,530807.419873835 5008067.42096928,530807.428458439 5008067.42105131,530807.454294322 5008067.4128586,530807.471645321 5008067.39612806,530807.480320918 5008067.3877542,530807.489091678 5008067.37094169,530807.483084731 5008067.34696684,530807.483179894 5008067.33852819,530807.493793252 5008067.27750138,530807.441610909 5008067.23593239,530807.491139913 5008067.16606112,530807.437403068 5008067.07464477,530807.437394339 5008067.07464469,530807.385374542 5008067.08363571),(530811.55288641 5008067.13316471,530811.541904844 5008067.22885682,530811.561362667 5008067.3102259,530811.539251505 5008067.34295042,530811.538174807 5008067.38199602,530811.53675278 5008067.39398965,530811.53637174 5008067.42777865,530811.536276577 5008067.43621731,530811.54476146 5008067.44475513,530811.553246536 5008067.45327577,530811.570311659 5008067.46189558,530811.587376975 5008067.4704982,530811.587385704 5008067.47049829,530811.595970308 5008067.47058031,530811.62180619 5008067.4623876,530811.63915719 5008067.44565707,530811.647832786 5008067.43728321,530811.656603546 5008067.42047069,530811.6505966 5008067.39649585,530811.650691763 5008067.38805719,530811.661305121 5008067.32703038,530811.609122778 5008067.2854614,530811.658651781 5008067.21559012,530811.604914936 5008067.12417377,530811.604906207 5008067.12417369,530811.55288641 5008067.13316471),(530817.6308027 5008067.19684486,530817.619821133 5008067.29253697,530817.639278956 5008067.37390605,530817.617167794 5008067.40663057,530817.616091096 5008067.44567617,530817.61466907 5008067.45766979,530817.614288029 5008067.4914588,530817.614192866 5008067.49989745,530817.622677749 5008067.50843528,530817.631162825 5008067.51695592,530817.648227948 5008067.52557573,530817.665293264 5008067.53417835,530817.665301993 5008067.53417843,530817.673886597 5008067.53426046,530817.699722479 5008067.52606775,530817.717073479 5008067.50933721,530817.725749076 5008067.50096335,530817.734519836 5008067.48415084,530817.728512889 5008067.46017599,530817.728608052 5008067.45173734,530817.73922141 5008067.39071053,530817.687039067 5008067.34914154,530817.73656807 5008067.27927027,530817.682831225 5008067.18785392,530817.682822497 5008067.18785384,530817.6308027 5008067.19684486),(530814.579462304 5008067.15792921,530814.568480738 5008067.25362132,530814.587938561 5008067.3349904,530814.565827398 5008067.36771492,530814.564750701 5008067.40676052,530814.563328674 5008067.41875415,530814.562947633 5008067.45254315,530814.56285247 5008067.46098181,530814.571337353 5008067.46951963,530814.57982243 5008067.47804027,530814.596887552 5008067.48666008,530814.613952868 5008067.4952627,530814.613961597 5008067.49526279,530814.622546201 5008067.49534481,530814.648382083 5008067.4871521,530814.665733083 5008067.47042157,530814.67440868 5008067.46204771,530814.68317944 5008067.44523519,530814.677172493 5008067.42126035,530814.677267656 5008067.41282169,530814.687881014 5008067.35179488,530814.635698671 5008067.3102259,530814.685227675 5008067.24035462,530814.631490829 5008067.14893827,530814.631482101 5008067.14893819,530814.579462304 5008067.15792921),(530808.501546015 5008067.09424907,530808.490564448 5008067.18994118,530808.510022271 5008067.27131025,530808.487911109 5008067.30403477,530808.486834411 5008067.34308037,530808.485412385 5008067.355074,530808.485031344 5008067.388863,530808.484936181 5008067.39730166,530808.493421064 5008067.40583949,530808.50190614 5008067.41436012,530808.518971263 5008067.42297993,530808.536036579 5008067.43158256,530808.536045308 5008067.43158264,530808.544629912 5008067.43166466,530808.570465794 5008067.42347196,530808.587816794 5008067.40674142,530808.596492391 5008067.39836756,530808.605263151 5008067.38155504,530808.599256204 5008067.3575802,530808.599351367 5008067.34914154,530808.609964725 5008067.28811474,530808.557782382 5008067.24654575,530808.607311385 5008067.17667448,530808.55357454 5008067.08525813,530808.553565812 5008067.08525804,530808.501546015 5008067.09424907),(530838.355152888 5008058.69908297,530838.344171322 5008058.79477508,530838.363629145 5008058.87614416,530838.341517983 5008058.90886868,530838.340441285 5008058.94791428,530838.339019258 5008058.95990791,530838.338638218 5008058.99369691,530838.338543055 5008059.00213556,530838.347027938 5008059.01067339,530838.355513014 5008059.01919403,530838.372578137 5008059.02781384,530838.389643453 5008059.03641646,530838.389652182 5008059.03641654,530838.398236786 5008059.03649857,530838.424072668 5008059.02830586,530838.441423668 5008059.01157533,530838.450099264 5008059.00320147,530838.458870024 5008058.98638895,530838.452863078 5008058.9624141,530838.452958241 5008058.95397545,530838.463571599 5008058.89294864,530838.411389256 5008058.85137965,530838.460918259 5008058.78150838,530838.407181414 5008058.69009203,530838.407172685 5008058.69009195,530838.355152888 5008058.69908297),(530844.433069178 5008058.76276312,530844.422087611 5008058.85845523,530844.441545434 5008058.9398243,530844.419434272 5008058.97254882,530844.418357574 5008059.01159442,530844.416935548 5008059.02358805,530844.416554507 5008059.05737705,530844.416459344 5008059.06581571,530844.424944227 5008059.07435354,530844.433429303 5008059.08287417,530844.450494426 5008059.09149398,530844.467559742 5008059.10009661,530844.467568471 5008059.10009669,530844.476153075 5008059.10017871,530844.501988957 5008059.09198601,530844.519339957 5008059.07525547,530844.528015554 5008059.06688161,530844.536786314 5008059.05006909,530844.530779367 5008059.02609425,530844.53087453 5008059.01765559,530844.541487888 5008058.95662879,530844.489305545 5008058.9150598,530844.538834548 5008058.84518853,530844.485097703 5008058.75377218,530844.485088975 5008058.75377209,530844.433069178 5008058.76276312),(530841.381728782 5008058.72384747,530841.370747216 5008058.81953958,530841.390205038 5008058.90090866,530841.368093876 5008058.93363318,530841.367017179 5008058.97267878,530841.365595152 5008058.98467241,530841.365214111 5008059.01846141,530841.365118948 5008059.02690006,530841.373603831 5008059.03543789,530841.382088908 5008059.04395853,530841.39915403 5008059.05257834,530841.416219346 5008059.06118096,530841.416228075 5008059.06118104,530841.424812679 5008059.06126307,530841.450648561 5008059.05307036,530841.467999561 5008059.03633983,530841.476675158 5008059.02796597,530841.485445918 5008059.01115345,530841.479438971 5008058.98717861,530841.479534134 5008058.97873995,530841.490147492 5008058.91771314,530841.437965149 5008058.87614415,530841.487494153 5008058.80627288,530841.433757307 5008058.71485653,530841.433748579 5008058.71485645,530841.381728782 5008058.72384747),(530835.303812493 5008058.66016733,530835.292830926 5008058.75585943,530835.312288749 5008058.83722851,530835.290177587 5008058.86995303,530835.289100889 5008058.90899863,530835.287678863 5008058.92099226,530835.287297822 5008058.95478126,530835.287202659 5008058.96321992,530835.295687542 5008058.97175774,530835.304172618 5008058.98027838,530835.321237741 5008058.98889819,530835.338303057 5008058.99750081,530835.338311786 5008058.9975009,530835.34689639 5008058.99758292,530835.372732272 5008058.98939021,530835.390083272 5008058.97265968,530835.398758869 5008058.96428582,530835.407529628 5008058.9474733,530835.401522682 5008058.92349846,530835.401617845 5008058.9150598,530835.412231203 5008058.85403299,530835.36004886 5008058.81246401,530835.409577863 5008058.74259274,530835.355841018 5008058.65117638,530835.35583229 5008058.6511763,530835.303812493 5008058.66016733),(530828.109724731 5008058.75568755,530828.098743165 5008058.85137965,530828.118200988 5008058.93274873,530828.096089825 5008058.96547325,530828.095013128 5008059.00451885,530828.093591101 5008059.01651248,530828.093210061 5008059.05030148,530828.093114897 5008059.05874014,530828.10159978 5008059.06727796,530828.110084857 5008059.0757986,530828.127149979 5008059.08441841,530828.144215295 5008059.09302104,530828.144224024 5008059.09302112,530828.152808628 5008059.09310314,530828.17864451 5008059.08491043,530828.19599551 5008059.0681799,530828.204671107 5008059.05980604,530828.213441867 5008059.04299352,530828.20743492 5008059.01901868,530828.207530083 5008059.01058002,530828.218143441 5008058.94955321,530828.165961098 5008058.90798423,530828.215490102 5008058.83811296,530828.161753257 5008058.74669661,530828.161744528 5008058.74669652,530828.109724731 5008058.75568755),(530834.18764102 5008058.81936769,530834.176659454 5008058.9150598,530834.196117277 5008058.99642888,530834.174006115 5008059.0291534,530834.172929417 5008059.068199,530834.17150739 5008059.08019263,530834.17112635 5008059.11398163,530834.171031187 5008059.12242028,530834.179516069 5008059.13095811,530834.188001146 5008059.13947875,530834.205066268 5008059.14809856,530834.222131585 5008059.15670118,530834.222140313 5008059.15670127,530834.230724917 5008059.15678329,530834.2565608 5008059.14859058,530834.273911799 5008059.13186005,530834.282587396 5008059.12348619,530834.291358156 5008059.10667367,530834.285351209 5008059.08269883,530834.285446372 5008059.07426017,530834.29605973 5008059.01323336,530834.243877387 5008058.97166438,530834.293406391 5008058.9017931,530834.239669546 5008058.81037675,530834.239660817 5008058.81037667,530834.18764102 5008058.81936769),(530831.136300624 5008058.78045205,530831.125319058 5008058.87614415,530831.144776881 5008058.95751323,530831.122665719 5008058.99023775,530831.121589021 5008059.02928335,530831.120166994 5008059.04127698,530831.119785954 5008059.07506598,530831.119690791 5008059.08350464,530831.128175674 5008059.09204246,530831.13666075 5008059.1005631,530831.153725873 5008059.10918291,530831.170791189 5008059.11778554,530831.170799918 5008059.11778562,530831.179384522 5008059.11786764,530831.205220404 5008059.10967494,530831.222571404 5008059.0929444,530831.231247 5008059.08457054,530831.24001776 5008059.06775802,530831.234010814 5008059.04378318,530831.234105977 5008059.03534452,530831.244719335 5008058.97431772,530831.192536992 5008058.93274873,530831.242065995 5008058.86287746,530831.18832915 5008058.77146111,530831.188320421 5008058.77146102,530831.136300624 5008058.78045205),(530825.058384335 5008058.7167719,530825.047402769 5008058.81246401,530825.066860592 5008058.89383308,530825.04474943 5008058.92655761,530825.043672732 5008058.96560321,530825.042250705 5008058.97759683,530825.041869665 5008059.01138583,530825.041774502 5008059.01982449,530825.050259384 5008059.02836232,530825.058744461 5008059.03688296,530825.075809583 5008059.04550277,530825.0928749 5008059.05410539,530825.092883628 5008059.05410547,530825.101468232 5008059.0541875,530825.127304115 5008059.04599479,530825.144655114 5008059.02926425,530825.153330711 5008059.02089039,530825.162101471 5008059.00407788,530825.156094524 5008058.98010303,530825.156189687 5008058.97166438,530825.166803045 5008058.91063757,530825.114620702 5008058.86906858,530825.164149706 5008058.79919731,530825.110412861 5008058.70778096,530825.110404132 5008058.70778088,530825.058384335 5008058.7167719),(530813.753389281 5008058.59294939,530813.742407715 5008058.6886415,530813.761865537 5008058.77001058,530813.739754375 5008058.8027351,530813.738677678 5008058.8417807,530813.737255651 5008058.85377433,530813.73687461 5008058.88756333,530813.736779447 5008058.89600198,530813.74526433 5008058.90453981,530813.753749407 5008058.91306045,530813.770814529 5008058.92168026,530813.787879845 5008058.93028288,530813.787888574 5008058.93028296,530813.796473178 5008058.93036499,530813.82230906 5008058.92217228,530813.83966006 5008058.90544175,530813.848335657 5008058.89706789,530813.857106417 5008058.88025537,530813.85109947 5008058.85628053,530813.851194633 5008058.84784187,530813.861807991 5008058.78681506,530813.809625648 5008058.74524608,530813.859154652 5008058.6753748,530813.805417806 5008058.58395845,530813.805409078 5008058.58395837,530813.753389281 5008058.59294939),(530817.920901149 5008058.6424784,530817.909919583 5008058.7381705,530817.929377406 5008058.81953958,530817.907266243 5008058.8522641,530817.906189546 5008058.8913097,530817.904767519 5008058.90330333,530817.904386479 5008058.93709233,530817.904291316 5008058.94553099,530817.912776198 5008058.95406881,530817.921261275 5008058.96258945,530817.938326397 5008058.97120926,530817.955391714 5008058.97981188,530817.955400442 5008058.97981197,530817.963985046 5008058.97989399,530817.989820929 5008058.97170128,530818.007171928 5008058.95497075,530818.015847525 5008058.94659689,530818.024618285 5008058.92978437,530818.018611338 5008058.90580953,530818.018706501 5008058.89737087,530818.029319859 5008058.83634406,530817.977137516 5008058.79477508,530818.02666652 5008058.72490381,530817.972929675 5008058.63348746,530817.972920946 5008058.63348737,530817.920901149 5008058.6424784),(530823.998817438 5008058.70615854,530823.987835872 5008058.80185065,530824.007293695 5008058.88321973,530823.985182533 5008058.91594425,530823.984105835 5008058.95498985,530823.982683808 5008058.96698348,530823.982302768 5008059.00077248,530823.982207605 5008059.00921113,530823.990692487 5008059.01774896,530823.999177564 5008059.0262696,530824.016242686 5008059.03488941,530824.033308003 5008059.04349203,530824.033316731 5008059.04349212,530824.041901335 5008059.04357414,530824.067737218 5008059.03538143,530824.085088218 5008059.0186509,530824.093763814 5008059.01027704,530824.102534574 5008058.99346452,530824.096527627 5008058.96948968,530824.096622791 5008058.96105102,530824.107236148 5008058.90002421,530824.055053805 5008058.85845523,530824.104582809 5008058.78858395,530824.050845964 5008058.6971676,530824.050837235 5008058.69716752,530823.998817438 5008058.70615854),(530820.947477043 5008058.6672429,530820.936495476 5008058.762935,530820.955953299 5008058.84430408,530820.933842137 5008058.8770286,530820.932765439 5008058.9160742,530820.931343412 5008058.92806783,530820.930962372 5008058.96185683,530820.930867209 5008058.97029549,530820.939352092 5008058.97883331,530820.947837168 5008058.98735395,530820.964902291 5008058.99597376,530820.981967607 5008059.00457639,530820.981976336 5008059.00457647,530820.99056094 5008059.00465849,530821.016396822 5008058.99646578,530821.033747822 5008058.97973525,530821.042423418 5008058.97136139,530821.051194178 5008058.95454887,530821.045187232 5008058.93057403,530821.045282395 5008058.92213537,530821.055895753 5008058.86110856,530821.00371341 5008058.81953958,530821.053242413 5008058.74966831,530820.999505568 5008058.65825196,530820.999496839 5008058.65825187,530820.947477043 5008058.6672429),(530814.869560753 5008058.60356275,530814.858579187 5008058.69925486,530814.87803701 5008058.78062393,530814.855925848 5008058.81334845,530814.85484915 5008058.85239406,530814.853427123 5008058.86438768,530814.853046083 5008058.89817668,530814.85295092 5008058.90661534,530814.861435802 5008058.91515317,530814.869920879 5008058.92367381,530814.886986001 5008058.93229362,530814.904051318 5008058.94089624,530814.904060046 5008058.94089632,530814.91264465 5008058.94097835,530814.938480533 5008058.93278564,530814.955831532 5008058.9160551,530814.964507129 5008058.90768124,530814.973277889 5008058.89086873,530814.967270942 5008058.86689388,530814.967366106 5008058.85845523,530814.977979463 5008058.79742842,530814.92579712 5008058.75585943,530814.975326124 5008058.68598816,530814.921589279 5008058.59457181,530814.92158055 5008058.59457173,530814.869560753 5008058.60356275),(530844.921283641 5008050.37821038,530844.910302075 5008050.47390249,530844.929759898 5008050.55527156,530844.907648736 5008050.58799608,530844.906572038 5008050.62704169,530844.905150011 5008050.63903531,530844.904768971 5008050.67282431,530844.904673808 5008050.68126297,530844.91315869 5008050.6898008,530844.921643767 5008050.69832144,530844.938708889 5008050.70694125,530844.955774206 5008050.71554387,530844.955782934 5008050.71554395,530844.964367538 5008050.71562598,530844.990203421 5008050.70743327,530845.00755442 5008050.69070273,530845.016230017 5008050.68232887,530845.025000777 5008050.66551636,530845.01899383 5008050.64154151,530845.019088993 5008050.63310286,530845.029702351 5008050.57207605,530844.977520008 5008050.53050706,530845.027049012 5008050.46063579,530844.973312167 5008050.36921944,530844.973303438 5008050.36921936,530844.921283641 5008050.37821038),(530850.99919993 5008050.44189053,530850.988218364 5008050.53758263,530851.007676187 5008050.61895171,530850.985565025 5008050.65167623,530850.984488327 5008050.69072183,530850.9830663 5008050.70271546,530850.98268526 5008050.73650446,530850.982590097 5008050.74494312,530850.99107498 5008050.75348094,530850.999560056 5008050.76200158,530851.016625179 5008050.77062139,530851.033690495 5008050.77922401,530851.033699224 5008050.7792241,530851.042283828 5008050.77930612,530851.06811971 5008050.77111341,530851.08547071 5008050.75438288,530851.094146306 5008050.74600902,530851.102917066 5008050.7291965,530851.09691012 5008050.70522166,530851.097005283 5008050.696783,530851.107618641 5008050.63575619,530851.055436298 5008050.59418721,530851.104965301 5008050.52431594,530851.051228456 5008050.43289959,530851.051219727 5008050.4328995,530850.99919993 5008050.44189053),(530847.947859535 5008050.40297488,530847.936877968 5008050.49866699,530847.956335791 5008050.58003606,530847.934224629 5008050.61276058,530847.933147931 5008050.65180619,530847.931725905 5008050.66379981,530847.931344864 5008050.69758881,530847.931249701 5008050.70602747,530847.939734584 5008050.7145653,530847.94821966 5008050.72308594,530847.965284783 5008050.73170575,530847.982350099 5008050.74030837,530847.982358828 5008050.74030845,530847.990943432 5008050.74039048,530848.016779314 5008050.73219777,530848.034130314 5008050.71546723,530848.042805911 5008050.70709337,530848.05157667 5008050.69028086,530848.045569724 5008050.66630601,530848.045664887 5008050.65786736,530848.056278245 5008050.59684055,530848.004095902 5008050.55527156,530848.053624905 5008050.48540029,530847.99988806 5008050.39398394,530847.999879332 5008050.39398386,530847.947859535 5008050.40297488),(530841.869943245 5008050.33929473,530841.858961679 5008050.43498684,530841.878419502 5008050.51635592,530841.85630834 5008050.54908044,530841.855231642 5008050.58812604,530841.853809615 5008050.60011967,530841.853428575 5008050.63390867,530841.853333412 5008050.64234732,530841.861818295 5008050.65088515,530841.870303371 5008050.65940579,530841.887368493 5008050.6680256,530841.90443381 5008050.67662822,530841.904442539 5008050.67662831,530841.913027143 5008050.67671033,530841.938863025 5008050.66851762,530841.956214025 5008050.65178709,530841.964889621 5008050.64341323,530841.973660381 5008050.62660071,530841.967653434 5008050.60262587,530841.967748598 5008050.59418721,530841.978361955 5008050.5331604,530841.926179613 5008050.49159142,530841.975708616 5008050.42172014,530841.921971771 5008050.33030379,530841.921963042 5008050.33030371,530841.869943245 5008050.33929473),(530834.675855484 5008050.43481496,530834.664873918 5008050.53050706,530834.68433174 5008050.61187614,530834.662220578 5008050.64460066,530834.661143881 5008050.68364626,530834.659721854 5008050.69563989,530834.659340813 5008050.72942889,530834.65924565 5008050.73786755,530834.667730533 5008050.74640537,530834.67621561 5008050.75492601,530834.693280732 5008050.76354582,530834.710346048 5008050.77214844,530834.710354777 5008050.77214853,530834.718939381 5008050.77223055,530834.744775263 5008050.76403784,530834.762126263 5008050.74730731,530834.77080186 5008050.73893345,530834.77957262 5008050.72212093,530834.773565673 5008050.69814609,530834.773660836 5008050.68970743,530834.784274194 5008050.62868062,530834.732091851 5008050.58711164,530834.781620855 5008050.51724037,530834.727884009 5008050.42582401,530834.727875281 5008050.42582393,530834.675855484 5008050.43481496),(530840.753771773 5008050.4984951,530840.742790207 5008050.59418721,530840.76224803 5008050.67555629,530840.740136867 5008050.70828081,530840.73906017 5008050.74732641,530840.737638143 5008050.75932004,530840.737257103 5008050.79310904,530840.737161939 5008050.80154769,530840.745646822 5008050.81008552,530840.754131899 5008050.81860616,530840.771197021 5008050.82722597,530840.788262337 5008050.83582859,530840.788271066 5008050.83582867,530840.79685567 5008050.8359107,530840.822691552 5008050.82771799,530840.840042552 5008050.81098746,530840.848718149 5008050.8026136,530840.857488909 5008050.78580108,530840.851481962 5008050.76182623,530840.851577125 5008050.75338758,530840.862190483 5008050.69236077,530840.81000814 5008050.65079178,530840.859537144 5008050.58092051,530840.805800299 5008050.48950416,530840.80579157 5008050.48950408,530840.753771773 5008050.4984951),(530837.702431377 5008050.45957946,530837.691449811 5008050.55527156,530837.710907634 5008050.63664064,530837.688796472 5008050.66936516,530837.687719774 5008050.70841076,530837.686297747 5008050.72040439,530837.685916707 5008050.75419339,530837.685821544 5008050.76263205,530837.694306426 5008050.77116987,530837.702791503 5008050.77969051,530837.719856625 5008050.78831032,530837.736921942 5008050.79691294,530837.73693067 5008050.79691303,530837.745515274 5008050.79699505,530837.771351157 5008050.78880234,530837.788702156 5008050.77207181,530837.797377753 5008050.76369795,530837.806148513 5008050.74688543,530837.800141566 5008050.72291059,530837.800236729 5008050.71447193,530837.810850087 5008050.65344512,530837.758667744 5008050.61187614,530837.808196748 5008050.54200487,530837.754459903 5008050.45058852,530837.754451174 5008050.45058843,530837.702431377 5008050.45957946),(530831.624515088 5008050.39589931,530831.613533522 5008050.49159142,530831.632991345 5008050.57296049,530831.610880182 5008050.60568501,530831.609803485 5008050.64473061,530831.608381458 5008050.65672424,530831.608000418 5008050.69051324,530831.607905254 5008050.6989519,530831.616390137 5008050.70748973,530831.624875214 5008050.71601036,530831.641940336 5008050.72463017,530831.659005652 5008050.7332328,530831.659014381 5008050.73323288,530831.667598985 5008050.73331491,530831.693434867 5008050.7251222,530831.710785867 5008050.70839166,530831.719461464 5008050.7000178,530831.728232224 5008050.68320529,530831.722225277 5008050.65923044,530831.72232044 5008050.65079178,530831.732933798 5008050.58976498,530831.680751455 5008050.54819599,530831.730280459 5008050.47832472,530831.676543614 5008050.38690837,530831.676534885 5008050.38690828,530831.624515088 5008050.39589931),(530824.487031902 5008050.3216058,530824.476050336 5008050.41729791,530824.495508159 5008050.49866699,530824.473396996 5008050.53139151,530824.472320299 5008050.57043711,530824.470898272 5008050.58243074,530824.470517232 5008050.61621974,530824.470422068 5008050.6246584,530824.478906951 5008050.63319622,530824.487392028 5008050.64171686,530824.50445715 5008050.65033667,530824.521522466 5008050.65893929,530824.521531195 5008050.65893938,530824.530115799 5008050.6590214,530824.555951681 5008050.65082869,530824.573302681 5008050.63409816,530824.581978278 5008050.6257243,530824.590749038 5008050.60891178,530824.584742091 5008050.58493694,530824.584837254 5008050.57649828,530824.595450612 5008050.51547147,530824.543268269 5008050.47390249,530824.592797273 5008050.40403121,530824.539060427 5008050.31261486,530824.539051699 5008050.31261478,530824.487031902 5008050.3216058),(530830.564948191 5008050.38528595,530830.553966625 5008050.48097806,530830.573424448 5008050.56234714,530830.551313285 5008050.59507166,530830.550236588 5008050.63411726,530830.548814561 5008050.64611088,530830.548433521 5008050.67989989,530830.548338358 5008050.68833854,530830.55682324 5008050.69687637,530830.565308317 5008050.70539701,530830.582373439 5008050.71401682,530830.599438756 5008050.72261944,530830.599447484 5008050.72261952,530830.608032088 5008050.72270155,530830.633867971 5008050.71450884,530830.65121897 5008050.69777831,530830.659894567 5008050.68940444,530830.668665327 5008050.67259193,530830.66265838 5008050.64861708,530830.662753543 5008050.64017843,530830.673366901 5008050.57915162,530830.621184558 5008050.53758263,530830.670713562 5008050.46771136,530830.616976717 5008050.37629501,530830.616967988 5008050.37629493,530830.564948191 5008050.38528595),(530827.513607795 5008050.3463703,530827.502626229 5008050.44206241,530827.522084052 5008050.52343149,530827.49997289 5008050.55615601,530827.498896192 5008050.59520161,530827.497474165 5008050.60719524,530827.497093125 5008050.64098424,530827.496997962 5008050.6494229,530827.505482844 5008050.65796072,530827.513967921 5008050.66648136,530827.531033043 5008050.67510117,530827.54809836 5008050.68370379,530827.548107088 5008050.68370388,530827.556691692 5008050.6837859,530827.582527575 5008050.67559319,530827.599878574 5008050.65886266,530827.608554171 5008050.6504888,530827.617324931 5008050.63367628,530827.611317984 5008050.60970144,530827.611413148 5008050.60126278,530827.622026505 5008050.54023597,530827.569844162 5008050.49866699,530827.619373166 5008050.42879571,530827.565636321 5008050.33737936,530827.565627592 5008050.33737928,530827.513607795 5008050.3463703),(530814.29820832 5008050.18009437,530814.287226754 5008050.27578647,530814.306684577 5008050.35715555,530814.284573414 5008050.38988007,530814.283496717 5008050.42892567,530814.28207469 5008050.4409193,530814.28169365 5008050.4747083,530814.281598486 5008050.48314696,530814.290083369 5008050.49168478,530814.298568446 5008050.50020542,530814.315633568 5008050.50882523,530814.332698884 5008050.51742786,530814.332707613 5008050.51742794,530814.341292217 5008050.51750996,530814.367128099 5008050.50931725,530814.384479099 5008050.49258672,530814.393154696 5008050.48421286,530814.401925456 5008050.46740034,530814.395918509 5008050.4434255,530814.396013672 5008050.43498684,530814.40662703 5008050.37396003,530814.354444687 5008050.33239105,530814.403973691 5008050.26251978,530814.350236846 5008050.17110343,530814.350228117 5008050.17110334,530814.29820832 5008050.18009437),(530817.324784213 5008050.20485887,530817.313802647 5008050.30055097,530817.33326047 5008050.38192005,530817.311149308 5008050.41464457,530817.31007261 5008050.45369017,530817.308650583 5008050.4656838,530817.308269543 5008050.4994728,530817.30817438 5008050.50791146,530817.316659263 5008050.51644928,530817.325144339 5008050.52496992,530817.342209461 5008050.53358973,530817.359274778 5008050.54219236,530817.359283507 5008050.54219244,530817.367868111 5008050.54227446,530817.393703993 5008050.53408176,530817.411054993 5008050.51735122,530817.419730589 5008050.50897736,530817.428501349 5008050.49216484,530817.422494403 5008050.46819,530817.422589566 5008050.45975134,530817.433202924 5008050.39872454,530817.381020581 5008050.35715555,530817.430549584 5008050.28728428,530817.376812739 5008050.19586793,530817.37680401 5008050.19586784,530817.324784213 5008050.20485887),(530807.788682143 5008058.50096696,530807.777700576 5008058.59665907,530807.797158399 5008058.67802814,530807.775047237 5008058.71075266,530807.773970539 5008058.74979826,530807.772548513 5008058.76179189,530807.772167472 5008058.79558089,530807.772072309 5008058.80401955,530807.780557192 5008058.81255738,530807.789042268 5008058.82107801,530807.806107391 5008058.82969782,530807.823172707 5008058.83830045,530807.823181436 5008058.83830053,530807.83176604 5008058.83838256,530807.857601922 5008058.83018985,530807.874952922 5008058.81345931,530807.883628519 5008058.80508545,530807.892399278 5008058.78827293,530807.886392332 5008058.76429809,530807.886487495 5008058.75585943,530807.897100853 5008058.69483263,530807.84491851 5008058.65326364,530807.894447513 5008058.58339237,530807.840710668 5008058.49197602,530807.84070194 5008058.49197593,530807.788682143 5008058.50096696),(530810.815258036 5008058.52573146,530810.80427647 5008058.62142357,530810.823734293 5008058.70279264,530810.80162313 5008058.73551716,530810.800546433 5008058.77456276,530810.799124406 5008058.78655639,530810.798743366 5008058.82034539,530810.798648202 5008058.82878405,530810.807133085 5008058.83732188,530810.815618162 5008058.84584252,530810.832683284 5008058.85446232,530810.8497486 5008058.86306495,530810.849757329 5008058.86306503,530810.858341933 5008058.86314706,530810.884177815 5008058.85495435,530810.901528815 5008058.83822381,530810.910204412 5008058.82984995,530810.918975172 5008058.81303744,530810.912968225 5008058.78906259,530810.913063388 5008058.78062394,530810.923676746 5008058.71959713,530810.871494403 5008058.67802814,530810.921023407 5008058.60815687,530810.867286562 5008058.51674052,530810.867277833 5008058.51674043,530810.815258036 5008058.52573146),(530851.345902956 5008041.97243092,530851.334921389 5008042.06812303,530851.354379212 5008042.14949211,530851.33226805 5008042.18221663,530851.331191352 5008042.22126223,530851.329769325 5008042.23325586,530851.329388285 5008042.26704486,530851.329293122 5008042.27548351,530851.337778005 5008042.28402134,530851.346263081 5008042.29254198,530851.363328204 5008042.30116179,530851.38039352 5008042.30976441,530851.380402249 5008042.3097645,530851.388986853 5008042.30984652,530851.414822735 5008042.30165381,530851.432173735 5008042.28492328,530851.440849331 5008042.27654942,530851.449620091 5008042.2597369,530851.443613145 5008042.23576206,530851.443708308 5008042.2273234,530851.454321666 5008042.16629659,530851.402139323 5008042.12472761,530851.451668326 5008042.05485633,530851.397931481 5008041.96343998,530851.397922752 5008041.9634399,530851.345902956 5008041.97243092),(530857.423819245 5008042.03611107,530857.412837678 5008042.13180318,530857.432295501 5008042.21317225,530857.410184339 5008042.24589677,530857.409107641 5008042.28494238,530857.407685615 5008042.296936,530857.407304574 5008042.330725,530857.407209411 5008042.33916366,530857.415694294 5008042.34770149,530857.42417937 5008042.35622213,530857.441244493 5008042.36484194,530857.458309809 5008042.37344456,530857.458318538 5008042.37344464,530857.466903142 5008042.37352667,530857.492739024 5008042.36533396,530857.510090024 5008042.34860342,530857.518765621 5008042.34022956,530857.527536381 5008042.32341705,530857.521529434 5008042.2994422,530857.521624597 5008042.29100355,530857.532237955 5008042.22997674,530857.480055612 5008042.18840775,530857.529584615 5008042.11853648,530857.47584777 5008042.02712013,530857.475839042 5008042.02712005,530857.423819245 5008042.03611107),(530854.372478849 5008041.99719542,530854.361497283 5008042.09288753,530854.380955106 5008042.17425661,530854.358843943 5008042.20698113,530854.357767246 5008042.24602673,530854.356345219 5008042.25802036,530854.355964178 5008042.29180936,530854.355869015 5008042.30024801,530854.364353898 5008042.30878584,530854.372838975 5008042.31730648,530854.389904097 5008042.32592629,530854.406969413 5008042.33452891,530854.406978142 5008042.334529,530854.415562746 5008042.33461102,530854.441398628 5008042.32641831,530854.458749628 5008042.30968778,530854.467425225 5008042.30131392,530854.476195985 5008042.2845014,530854.470189038 5008042.26052656,530854.470284201 5008042.2520879,530854.480897559 5008042.19106109,530854.428715216 5008042.14949211,530854.47824422 5008042.07962083,530854.424507374 5008041.98820448,530854.424498646 5008041.9882044,530854.372478849 5008041.99719542),(530848.29456256 5008041.93351528,530848.283580993 5008042.02920738,530848.303038816 5008042.11057646,530848.280927654 5008042.14330098,530848.279850956 5008042.18234658,530848.27842893 5008042.19434021,530848.278047889 5008042.22812921,530848.277952726 5008042.23656787,530848.286437609 5008042.24510569,530848.294922685 5008042.25362633,530848.311987808 5008042.26224614,530848.329053124 5008042.27084877,530848.329061853 5008042.27084885,530848.337646457 5008042.27093087,530848.363482339 5008042.26273816,530848.380833339 5008042.24600763,530848.389508936 5008042.23763377,530848.398279696 5008042.22082125,530848.392272749 5008042.19684641,530848.392367912 5008042.18840775,530848.40298127 5008042.12738094,530848.350798927 5008042.08581196,530848.40032793 5008042.01594069,530848.346591085 5008041.92452434,530848.346582357 5008041.92452425,530848.29456256 5008041.93351528),(530841.100474798 5008042.0290355,530841.089493232 5008042.12472761,530841.108951055 5008042.20609668,530841.086839892 5008042.2388212,530841.085763195 5008042.2778668,530841.084341168 5008042.28986043,530841.083960128 5008042.32364943,530841.083864965 5008042.33208809,530841.092349847 5008042.34062592,530841.100834924 5008042.34914655,530841.117900046 5008042.35776636,530841.134965362 5008042.36636899,530841.134974091 5008042.36636907,530841.143558695 5008042.36645109,530841.169394578 5008042.35825839,530841.186745577 5008042.34152785,530841.195421174 5008042.33315399,530841.204191934 5008042.31634147,530841.198184987 5008042.29236663,530841.19828015 5008042.28392797,530841.208893508 5008042.22290117,530841.156711165 5008042.18133218,530841.206240169 5008042.11146091,530841.152503324 5008042.02004456,530841.152494595 5008042.02004447,530841.100474798 5008042.0290355),(530847.178391087 5008042.09271565,530847.167409521 5008042.18840775,530847.186867344 5008042.26977683,530847.164756182 5008042.30250135,530847.163679484 5008042.34154695,530847.162257457 5008042.35354058,530847.161876417 5008042.38732958,530847.161781254 5008042.39576824,530847.170266136 5008042.40430606,530847.178751213 5008042.4128267,530847.195816335 5008042.42144651,530847.212881652 5008042.43004913,530847.21289038 5008042.43004922,530847.221474984 5008042.43013124,530847.247310867 5008042.42193853,530847.264661866 5008042.405208,530847.273337463 5008042.39683414,530847.282108223 5008042.38002162,530847.276101276 5008042.35604678,530847.27619644 5008042.34760812,530847.286809797 5008042.28658131,530847.234627454 5008042.24501233,530847.284156458 5008042.17514106,530847.230419613 5008042.0837247,530847.230410884 5008042.08372462,530847.178391087 5008042.09271565),(530844.127050692 5008042.0538,530844.116069125 5008042.14949211,530844.135526948 5008042.23086118,530844.113415786 5008042.2635857,530844.112339088 5008042.3026313,530844.110917061 5008042.31462493,530844.110536021 5008042.34841393,530844.110440858 5008042.35685259,530844.118925741 5008042.36539042,530844.127410817 5008042.37391105,530844.14447594 5008042.38253086,530844.161541256 5008042.39113349,530844.161549985 5008042.39113357,530844.170134589 5008042.3912156,530844.195970471 5008042.38302289,530844.213321471 5008042.36629235,530844.221997067 5008042.35791849,530844.230767827 5008042.34110598,530844.224760881 5008042.31713113,530844.224856044 5008042.30869247,530844.235469402 5008042.24766567,530844.183287059 5008042.20609668,530844.232816062 5008042.13622541,530844.179079217 5008042.04480906,530844.179070488 5008042.04480897,530844.127050692 5008042.0538),(530838.049134402 5008041.99011985,530838.038152836 5008042.08581196,530838.057610659 5008042.16718104,530838.035499497 5008042.19990556,530838.034422799 5008042.23895116,530838.033000772 5008042.25094479,530838.032619732 5008042.28473379,530838.032524569 5008042.29317244,530838.041009451 5008042.30171027,530838.049494528 5008042.31023091,530838.06655965 5008042.31885072,530838.083624967 5008042.32745334,530838.083633695 5008042.32745342,530838.092218299 5008042.32753545,530838.118054182 5008042.31934274,530838.135405181 5008042.30261221,530838.144080778 5008042.29423835,530838.152851538 5008042.27742583,530838.146844591 5008042.25345099,530838.146939754 5008042.24501233,530838.157553112 5008042.18398552,530838.105370769 5008042.14241653,530838.154899773 5008042.07254526,530838.101162928 5008041.98112891,530838.101154199 5008041.98112883,530838.049134402 5008041.99011985),(530830.911651216 5008041.91582635,530830.90066965 5008042.01151846,530830.920127473 5008042.09288753,530830.898016311 5008042.12561205,530830.896939613 5008042.16465765,530830.895517586 5008042.17665128,530830.895136546 5008042.21044028,530830.895041383 5008042.21887894,530830.903526265 5008042.22741676,530830.912011342 5008042.2359374,530830.929076464 5008042.24455721,530830.946141781 5008042.25315984,530830.946150509 5008042.25315992,530830.954735113 5008042.25324194,530830.980570996 5008042.24504924,530830.997921995 5008042.2283187,530831.006597592 5008042.21994484,530831.015368352 5008042.20313232,530831.009361405 5008042.17915748,530831.009456568 5008042.17071882,530831.020069926 5008042.10969202,530830.967887583 5008042.06812303,530831.017416587 5008041.99825176,530830.963679742 5008041.90683541,530830.963671013 5008041.90683532,530830.911651216 5008041.91582635),(530836.989567505 5008041.97950649,530836.978585939 5008042.0751986,530836.998043762 5008042.15656768,530836.9759326 5008042.1892922,530836.974855902 5008042.2283378,530836.973433875 5008042.24033143,530836.973052835 5008042.27412043,530836.972957672 5008042.28255909,530836.981442555 5008042.29109691,530836.989927631 5008042.29961755,530837.006992753 5008042.30823736,530837.02405807 5008042.31683998,530837.024066799 5008042.31684007,530837.032651403 5008042.31692209,530837.058487285 5008042.30872938,530837.075838285 5008042.29199885,530837.084513881 5008042.28362499,530837.093284641 5008042.26681247,530837.087277694 5008042.24283763,530837.087372858 5008042.23439897,530837.097986215 5008042.17337216,530837.045803873 5008042.13180318,530837.095332876 5008042.0619319,530837.041596031 5008041.97051555,530837.041587302 5008041.97051547,530836.989567505 5008041.97950649),(530833.93822711 5008041.94059085,530833.927245543 5008042.03628296,530833.946703366 5008042.11765203,530833.924592204 5008042.15037655,530833.923515506 5008042.18942215,530833.92209348 5008042.20141578,530833.921712439 5008042.23520478,530833.921617276 5008042.24364344,530833.930102159 5008042.25218127,530833.938587235 5008042.2607019,530833.955652358 5008042.26932171,530833.972717674 5008042.27792434,530833.972726403 5008042.27792442,530833.981311007 5008042.27800644,530834.007146889 5008042.26981374,530834.024497889 5008042.2530832,530834.033173486 5008042.24470934,530834.041944245 5008042.22789682,530834.035937299 5008042.20392198,530834.036032462 5008042.19548332,530834.04664582 5008042.13445652,530833.994463477 5008042.09288753,530834.04399248 5008042.02301626,530833.990255635 5008041.93159991,530833.990246907 5008041.93159982,530833.93822711 5008041.94059085),(530823.749403528 5008041.79907941,530823.738421961 5008041.89477152,530823.757879784 5008041.9761406,530823.735768622 5008042.00886512,530823.734691924 5008042.04791072,530823.733269898 5008042.05990434,530823.732888857 5008042.09369334,530823.732793694 5008042.102132,530823.741278577 5008042.11066983,530823.749763653 5008042.11919047,530823.766828776 5008042.12781028,530823.783894092 5008042.1364129,530823.783902821 5008042.13641298,530823.792487425 5008042.13649501,530823.818323307 5008042.1283023,530823.835674307 5008042.11157176,530823.844349904 5008042.1031979,530823.853120664 5008042.08638539,530823.847113717 5008042.06241054,530823.84720888 5008042.05397189,530823.857822238 5008041.99294508,530823.805639895 5008041.95137609,530823.855168898 5008041.88150482,530823.801432053 5008041.79008847,530823.801423325 5008041.79008839,530823.749403528 5008041.79907941),(530779.939231018 5008041.32147831,530779.928249452 5008041.41717041,530779.947707275 5008041.49853949,530779.925596113 5008041.53126401,530779.924519415 5008041.57030961,530779.923097388 5008041.58230324,530779.922716348 5008041.61609224,530779.922621185 5008041.6245309,530779.931106067 5008041.63306872,530779.939591144 5008041.64158936,530779.956656266 5008041.65020917,530779.973721583 5008041.65881179,530779.973730311 5008041.65881188,530779.982314916 5008041.6588939,530780.008150798 5008041.65070119,530780.025501798 5008041.63397066,530780.034177394 5008041.6255968,530780.042948154 5008041.60878428,530780.036941207 5008041.58480944,530780.037036371 5008041.57637078,530780.047649728 5008041.51534397,530779.995467386 5008041.47377499,530780.044996389 5008041.40390372,530779.991259544 5008041.31248736,530779.991250815 5008041.31248728,530779.939231018 5008041.32147831),(530786.017147308 5008041.38515845,530786.006165741 5008041.48085056,530786.025623564 5008041.56221964,530786.003512402 5008041.59494416,530786.002435704 5008041.63398976,530786.001013678 5008041.64598339,530786.000632637 5008041.67977239,530786.000537474 5008041.68821104,530786.009022357 5008041.69674887,530786.017507433 5008041.70526951,530786.034572556 5008041.71388932,530786.051637872 5008041.72249194,530786.051646601 5008041.72249202,530786.060231205 5008041.72257405,530786.086067087 5008041.71438134,530786.103418087 5008041.69765081,530786.112093684 5008041.68927695,530786.120864443 5008041.67246443,530786.114857497 5008041.64848959,530786.11495266 5008041.64005093,530786.125566018 5008041.57902412,530786.073383675 5008041.53745514,530786.122912678 5008041.46758386,530786.069175833 5008041.37616751,530786.069167105 5008041.37616743,530786.017147308 5008041.38515845),(530782.965806912 5008041.34624281,530782.954825346 5008041.44193491,530782.974283168 5008041.52330399,530782.952172006 5008041.55602851,530782.951095309 5008041.59507411,530782.949673282 5008041.60706774,530782.949292241 5008041.64085674,530782.949197078 5008041.6492954,530782.957681961 5008041.65783322,530782.966167037 5008041.66635386,530782.98323216 5008041.67497367,530783.000297476 5008041.68357629,530783.000306205 5008041.68357638,530783.008890809 5008041.6836584,530783.034726691 5008041.67546569,530783.052077691 5008041.65873516,530783.060753288 5008041.6503613,530783.069524048 5008041.63354878,530783.063517101 5008041.60957394,530783.063612264 5008041.60113528,530783.074225622 5008041.54010847,530783.022043279 5008041.49853949,530783.071572282 5008041.42866822,530783.017835437 5008041.33725187,530783.017826709 5008041.33725178,530782.965806912 5008041.34624281),(530776.887890623 5008041.28256266,530776.876909056 5008041.37825477,530776.896366879 5008041.45962384,530776.874255717 5008041.49234836,530776.873179019 5008041.53139396,530776.871756993 5008041.54338759,530776.871375952 5008041.57717659,530776.871280789 5008041.58561525,530776.879765672 5008041.59415308,530776.888250748 5008041.60267371,530776.905315871 5008041.61129352,530776.922381187 5008041.61989615,530776.922389916 5008041.61989623,530776.93097452 5008041.61997826,530776.956810402 5008041.61178555,530776.974161402 5008041.59505501,530776.982836999 5008041.58668115,530776.991607758 5008041.56986864,530776.985600812 5008041.54589379,530776.985695975 5008041.53745514,530776.996309333 5008041.47642833,530776.94412699 5008041.43485934,530776.993655993 5008041.36498807,530776.939919148 5008041.27357172,530776.93991042 5008041.27357163,530776.887890623 5008041.28256266),(530790.184659176 5008041.43468746,530790.17367761 5008041.53037956,530790.193135433 5008041.61174864,530790.17102427 5008041.64447316,530790.169947573 5008041.68351876,530790.168525546 5008041.69551239,530790.168144505 5008041.72930139,530790.168049342 5008041.73774005,530790.176534225 5008041.74627787,530790.185019302 5008041.75479851,530790.202084424 5008041.76341832,530790.21914974 5008041.77202094,530790.219158469 5008041.77202103,530790.227743073 5008041.77210305,530790.253578955 5008041.76391034,530790.270929955 5008041.74717981,530790.279605552 5008041.73880595,530790.288376312 5008041.72199343,530790.282369365 5008041.69801859,530790.282464528 5008041.68957993,530790.293077886 5008041.62855312,530790.240895543 5008041.58698414,530790.290424547 5008041.51711287,530790.236687701 5008041.42569652,530790.236678973 5008041.42569643,530790.184659176 5008041.43468746),(530796.262575465 5008041.4983676,530796.251593899 5008041.59405971,530796.271051722 5008041.67542879,530796.248940559 5008041.70815331,530796.247863862 5008041.74719891,530796.246441835 5008041.75919254,530796.246060795 5008041.79298154,530796.245965632 5008041.80142019,530796.254450514 5008041.80995802,530796.262935591 5008041.81847866,530796.280000713 5008041.82709847,530796.29706603 5008041.83570109,530796.297074758 5008041.83570118,530796.305659362 5008041.8357832,530796.331495245 5008041.82759049,530796.348846244 5008041.81085996,530796.357521841 5008041.8024861,530796.366292601 5008041.78567358,530796.360285654 5008041.76169874,530796.360380817 5008041.75326008,530796.370994175 5008041.69223327,530796.318811832 5008041.65066429,530796.368340836 5008041.58079301,530796.314603991 5008041.48937666,530796.314595262 5008041.48937658,530796.262575465 5008041.4983676),(530793.211235069 5008041.45945196,530793.200253503 5008041.55514406,530793.219711326 5008041.63651314,530793.197600164 5008041.66923766,530793.196523466 5008041.70828326,530793.195101439 5008041.72027689,530793.194720399 5008041.75406589,530793.194625236 5008041.76250455,530793.203110118 5008041.77104237,530793.211595195 5008041.77956301,530793.228660317 5008041.78818282,530793.245725634 5008041.79678544,530793.245734362 5008041.79678553,530793.254318966 5008041.79686755,530793.280154849 5008041.78867484,530793.297505848 5008041.77194431,530793.306181445 5008041.76357045,530793.314952205 5008041.74675793,530793.308945258 5008041.72278309,530793.309040422 5008041.71434443,530793.319653779 5008041.65331762,530793.267471436 5008041.61174864,530793.31700044 5008041.54187737,530793.263263595 5008041.45046102,530793.263254866 5008041.45046093,530793.211235069 5008041.45945196),(530787.13331878 5008041.39577181,530787.122337214 5008041.49146392,530787.141795037 5008041.57283299,530787.119683874 5008041.60555751,530787.118607177 5008041.64460312,530787.11718515 5008041.65659674,530787.11680411 5008041.69038574,530787.116708947 5008041.6988244,530787.125193829 5008041.70736223,530787.133678906 5008041.71588287,530787.150744028 5008041.72450268,530787.167809344 5008041.7331053,530787.167818073 5008041.73310538,530787.176402677 5008041.73318741,530787.202238559 5008041.7249947,530787.219589559 5008041.70826416,530787.228265156 5008041.6998903,530787.237035916 5008041.68307779,530787.231028969 5008041.65910294,530787.231124132 5008041.65066429,530787.24173749 5008041.58963748,530787.189555147 5008041.54806849,530787.239084151 5008041.47819722,530787.185347306 5008041.38678087,530787.185338577 5008041.38678079,530787.13331878 5008041.39577181),(530800.288575895 5008041.46298974,530800.277594328 5008041.55868185,530800.297052151 5008041.64005093,530800.274940989 5008041.67277545,530800.273864291 5008041.71182105,530800.272442265 5008041.72381468,530800.272061224 5008041.75760368,530800.271966061 5008041.76604233,530800.280450944 5008041.77458016,530800.28893602 5008041.7831008,530800.306001143 5008041.79172061,530800.323066459 5008041.80032323,530800.323075188 5008041.80032332,530800.331659792 5008041.80040534,530800.357495674 5008041.79221263,530800.374846674 5008041.7754821,530800.383522271 5008041.76710824,530800.392293031 5008041.75029572,530800.386286084 5008041.72632088,530800.386381247 5008041.71788222,530800.396994605 5008041.65685541,530800.344812262 5008041.61528643,530800.394341265 5008041.54541515,530800.34060442 5008041.4539988,530800.340595692 5008041.45399872,530800.288575895 5008041.46298974),(530806.366492184 5008041.52666989,530806.355510618 5008041.622362,530806.374968441 5008041.70373107,530806.352857278 5008041.7364556,530806.351780581 5008041.7755012,530806.350358554 5008041.78749482,530806.349977513 5008041.82128382,530806.34988235 5008041.82972248,530806.358367233 5008041.83826031,530806.36685231 5008041.84678095,530806.383917432 5008041.85540076,530806.400982748 5008041.86400338,530806.400991477 5008041.86400346,530806.409576081 5008041.86408549,530806.435411963 5008041.85589278,530806.452762963 5008041.83916224,530806.46143856 5008041.83078838,530806.47020932 5008041.81397587,530806.464202373 5008041.79000102,530806.464297536 5008041.78156237,530806.474910894 5008041.72053556,530806.422728551 5008041.67896657,530806.472257555 5008041.6090953,530806.418520709 5008041.51767895,530806.418511981 5008041.51767887,530806.366492184 5008041.52666989),(530803.315151788 5008041.48775424,530803.304170222 5008041.58344635,530803.323628045 5008041.66481543,530803.301516882 5008041.69753995,530803.300440185 5008041.73658555,530803.299018158 5008041.74857918,530803.298637118 5008041.78236818,530803.298541954 5008041.79080684,530803.307026837 5008041.79934466,530803.315511914 5008041.8078653,530803.332577036 5008041.81648511,530803.349642352 5008041.82508773,530803.349651081 5008041.82508782,530803.358235685 5008041.82516984,530803.384071567 5008041.81697713,530803.401422567 5008041.8002466,530803.410098164 5008041.79187274,530803.418868924 5008041.77506022,530803.412861977 5008041.75108538,530803.41295714 5008041.74264672,530803.423570498 5008041.68161991,530803.371388155 5008041.64005093,530803.420917159 5008041.57017965,530803.367180314 5008041.4787633,530803.367171585 5008041.47876322,530803.315151788 5008041.48775424),(530797.237235499 5008041.4240741,530797.226253933 5008041.5197662,530797.245711755 5008041.60113528,530797.223600593 5008041.6338598,530797.222523896 5008041.6729054,530797.221101869 5008041.68489903,530797.220720828 5008041.71868803,530797.220625665 5008041.72712669,530797.229110548 5008041.73566451,530797.237595625 5008041.74418515,530797.254660747 5008041.75280496,530797.271726063 5008041.76140759,530797.271734792 5008041.76140767,530797.280319396 5008041.76148969,530797.306155278 5008041.75329699,530797.323506278 5008041.73656645,530797.332181875 5008041.72819259,530797.340952635 5008041.71138007,530797.334945688 5008041.68740523,530797.335040851 5008041.67896657,530797.345654209 5008041.61793977,530797.293471866 5008041.57637078,530797.343000869 5008041.50649951,530797.289264024 5008041.41508316,530797.289255296 5008041.41508307,530797.237235499 5008041.4240741),(530810.534004052 5008041.57619889,530810.523022486 5008041.671891,530810.542480309 5008041.75326008,530810.520369146 5008041.7859846,530810.519292449 5008041.8250302,530810.517870422 5008041.83702383,530810.517489382 5008041.87081283,530810.517394219 5008041.87925149,530810.525879101 5008041.88778931,530810.534364178 5008041.89630995,530810.5514293 5008041.90492976,530810.568494617 5008041.91353238,530810.568503345 5008041.91353247,530810.577087949 5008041.91361449,530810.602923832 5008041.90542178,530810.620274831 5008041.88869125,530810.628950428 5008041.88031739,530810.637721188 5008041.86350487,530810.631714241 5008041.83953003,530810.631809404 5008041.83109137,530810.642422762 5008041.77006456,530810.590240419 5008041.72849558,530810.639769423 5008041.6586243,530810.586032578 5008041.56720795,530810.586023849 5008041.56720787,530810.534004052 5008041.57619889),(530816.611920341 5008041.63987904,530816.600938775 5008041.73557115,530816.620396598 5008041.81694023,530816.598285436 5008041.84966475,530816.597208738 5008041.88871035,530816.595786711 5008041.90070397,530816.595405671 5008041.93449298,530816.595310508 5008041.94293163,530816.60379539 5008041.95146946,530816.612280467 5008041.9599901,530816.629345589 5008041.96860991,530816.646410906 5008041.97721253,530816.646419634 5008041.97721261,530816.655004238 5008041.97729464,530816.680840121 5008041.96910193,530816.698191121 5008041.9523714,530816.706866717 5008041.94399753,530816.715637477 5008041.92718502,530816.70963053 5008041.90321017,530816.709725694 5008041.89477152,530816.720339051 5008041.83374471,530816.668156708 5008041.79217572,530816.717685712 5008041.72230445,530816.663948867 5008041.6308881,530816.663940138 5008041.63088802,530816.611920341 5008041.63987904),(530813.560579946 5008041.6009634,530813.549598379 5008041.6966555,530813.569056202 5008041.77802458,530813.54694504 5008041.8107491,530813.545868342 5008041.8497947,530813.544446315 5008041.86178833,530813.544065275 5008041.89557733,530813.543970112 5008041.90401599,530813.552454995 5008041.91255381,530813.560940071 5008041.92107445,530813.578005194 5008041.92969426,530813.59507051 5008041.93829688,530813.595079239 5008041.93829697,530813.603663843 5008041.93837899,530813.629499725 5008041.93018628,530813.646850725 5008041.91345575,530813.655526321 5008041.90508189,530813.664297081 5008041.88826937,530813.658290135 5008041.86429453,530813.658385298 5008041.85585587,530813.668998656 5008041.79482906,530813.616816313 5008041.75326008,530813.666345316 5008041.68338881,530813.612608471 5008041.59197245,530813.612599742 5008041.59197237,530813.560579946 5008041.6009634),(530807.482663656 5008041.53728325,530807.47168209 5008041.63297536,530807.491139913 5008041.71434443,530807.469028751 5008041.74706895,530807.467952053 5008041.78611455,530807.466530026 5008041.79810818,530807.466148986 5008041.83189718,530807.466053823 5008041.84033584,530807.474538705 5008041.84887367,530807.483023782 5008041.8573943,530807.500088904 5008041.86601411,530807.517154221 5008041.87461674,530807.517162949 5008041.87461682,530807.525747553 5008041.87469884,530807.551583436 5008041.86650614,530807.568934435 5008041.8497756,530807.577610032 5008041.84140174,530807.586380792 5008041.82458922,530807.580373845 5008041.80061438,530807.580469009 5008041.79217572,530807.591082366 5008041.73114892,530807.538900023 5008041.68957993,530807.588429027 5008041.61970866,530807.534692182 5008041.52829231,530807.534683453 5008041.52829222,530807.482663656 5008041.53728325),(530857.685615406 5008033.52419804,530857.67463384 5008033.61989014,530857.694091663 5008033.70125922,530857.671980501 5008033.73398374,530857.670903803 5008033.77302934,530857.669481776 5008033.78502297,530857.669100736 5008033.81881197,530857.669005573 5008033.82725063,530857.677490456 5008033.83578845,530857.685975532 5008033.84430909,530857.703040655 5008033.8529289,530857.720105971 5008033.86153152,530857.7201147 5008033.86153161,530857.728699304 5008033.86161363,530857.754535186 5008033.85342092,530857.771886186 5008033.83669039,530857.780561782 5008033.82831653,530857.789332542 5008033.81150401,530857.783325596 5008033.78752917,530857.783420759 5008033.77909051,530857.794034117 5008033.7180637,530857.741851774 5008033.67649472,530857.791380777 5008033.60662345,530857.737643932 5008033.5152071,530857.737635203 5008033.51520701,530857.685615406 5008033.52419804),(530863.763531696 5008033.58787818,530863.752550129 5008033.68357029,530863.772007952 5008033.76493937,530863.74989679 5008033.79766389,530863.748820092 5008033.83670949,530863.747398066 5008033.84870312,530863.747017025 5008033.88249212,530863.746921862 5008033.89093077,530863.755406745 5008033.8994686,530863.763891821 5008033.90798924,530863.780956944 5008033.91660905,530863.79802226 5008033.92521167,530863.798030989 5008033.92521176,530863.806615593 5008033.92529378,530863.832451475 5008033.91710107,530863.849802475 5008033.90037054,530863.858478072 5008033.89199668,530863.867248832 5008033.87518416,530863.861241885 5008033.85120932,530863.861337048 5008033.84277066,530863.871950406 5008033.78174385,530863.819768063 5008033.74017487,530863.869297066 5008033.67030359,530863.815560221 5008033.57888724,530863.815551493 5008033.57888716,530863.763531696 5008033.58787818),(530860.7121913 5008033.54896254,530860.701209734 5008033.64465464,530860.720667557 5008033.72602372,530860.698556394 5008033.75874824,530860.697479697 5008033.79779384,530860.69605767 5008033.80978747,530860.695676629 5008033.84357647,530860.695581466 5008033.85201513,530860.704066349 5008033.86055295,530860.712551426 5008033.86907359,530860.729616548 5008033.8776934,530860.746681864 5008033.88629603,530860.746690593 5008033.88629611,530860.755275197 5008033.88637813,530860.781111079 5008033.87818542,530860.798462079 5008033.86145489,530860.807137676 5008033.85308103,530860.815908436 5008033.83626851,530860.809901489 5008033.81229367,530860.809996652 5008033.80385501,530860.82061001 5008033.74282821,530860.768427667 5008033.70125922,530860.817956671 5008033.63138795,530860.764219825 5008033.5399716,530860.764211097 5008033.53997151,530860.7121913 5008033.54896254),(530854.634275011 5008033.48528239,530854.623293444 5008033.5809745,530854.642751267 5008033.66234357,530854.620640105 5008033.69506809,530854.619563407 5008033.7341137,530854.618141381 5008033.74610732,530854.61776034 5008033.77989632,530854.617665177 5008033.78833498,530854.62615006 5008033.79687281,530854.634635136 5008033.80539345,530854.651700259 5008033.81401326,530854.668765575 5008033.82261588,530854.668774304 5008033.82261596,530854.677358908 5008033.82269799,530854.70319479 5008033.81450528,530854.72054579 5008033.79777474,530854.729221387 5008033.78940088,530854.737992147 5008033.77258837,530854.7319852 5008033.74861352,530854.732080363 5008033.74017487,530854.742693721 5008033.67914806,530854.690511378 5008033.63757907,530854.740040381 5008033.5677078,530854.686303536 5008033.47629145,530854.686294808 5008033.47629137,530854.634275011 5008033.48528239),(530847.440187249 5008033.58080261,530847.429205683 5008033.67649472,530847.448663506 5008033.7578638,530847.426552343 5008033.79058832,530847.425475646 5008033.82963392,530847.424053619 5008033.84162755,530847.423672579 5008033.87541655,530847.423577416 5008033.8838552,530847.432062298 5008033.89239303,530847.440547375 5008033.90091367,530847.457612497 5008033.90953348,530847.474677813 5008033.9181361,530847.474686542 5008033.91813618,530847.483271146 5008033.91821821,530847.509107028 5008033.9100255,530847.526458028 5008033.89329497,530847.535133625 5008033.88492111,530847.543904385 5008033.86810859,530847.537897438 5008033.84413374,530847.537992601 5008033.83569509,530847.548605959 5008033.77466828,530847.496423616 5008033.73309929,530847.54595262 5008033.66322802,530847.492215775 5008033.57181167,530847.492207046 5008033.57181159,530847.440187249 5008033.58080261),(530853.518103538 5008033.64448276,530853.507121972 5008033.74017487,530853.526579795 5008033.82154394,530853.504468633 5008033.85426846,530853.503391935 5008033.89331406,530853.501969908 5008033.90530769,530853.501588868 5008033.93909669,530853.501493705 5008033.94753535,530853.509978587 5008033.95607318,530853.518463664 5008033.96459381,530853.535528786 5008033.97321362,530853.552594103 5008033.98181625,530853.552602831 5008033.98181633,530853.561187435 5008033.98189836,530853.587023318 5008033.97370565,530853.604374317 5008033.95697511,530853.613049914 5008033.94860125,530853.621820674 5008033.93178874,530853.615813727 5008033.90781389,530853.61590889 5008033.89937523,530853.626522248 5008033.83834843,530853.574339905 5008033.79677944,530853.623868909 5008033.72690817,530853.570132064 5008033.63549182,530853.570123335 5008033.63549173,530853.518103538 5008033.64448276),(530850.466763142 5008033.60556711,530850.455781576 5008033.70125922,530850.475239399 5008033.7826283,530850.453128237 5008033.81535282,530850.452051539 5008033.85439842,530850.450629512 5008033.86639205,530850.450248472 5008033.90018105,530850.450153309 5008033.9086197,530850.458638192 5008033.91715753,530850.467123268 5008033.92567817,530850.484188391 5008033.93429798,530850.501253707 5008033.9429006,530850.501262436 5008033.94290068,530850.50984704 5008033.94298271,530850.535682922 5008033.93479,530850.553033922 5008033.91805947,530850.561709518 5008033.90968561,530850.570480278 5008033.89287309,530850.564473332 5008033.86889825,530850.564568495 5008033.86045959,530850.575181853 5008033.79943278,530850.52299951 5008033.7578638,530850.572528513 5008033.68799252,530850.518791668 5008033.59657617,530850.518782939 5008033.59657609,530850.466763142 5008033.60556711),(530844.388846853 5008033.54188697,530844.377865287 5008033.63757907,530844.39732311 5008033.71894815,530844.375211948 5008033.75167267,530844.37413525 5008033.79071827,530844.372713223 5008033.8027119,530844.372332183 5008033.8365009,530844.37223702 5008033.84493956,530844.380721902 5008033.85347738,530844.389206979 5008033.86199802,530844.406272101 5008033.87061783,530844.423337418 5008033.87922045,530844.423346146 5008033.87922054,530844.43193075 5008033.87930256,530844.457766633 5008033.87110985,530844.475117632 5008033.85437932,530844.483793229 5008033.84600546,530844.492563989 5008033.82919294,530844.486557042 5008033.8052181,530844.486652205 5008033.79677944,530844.497265563 5008033.73575263,530844.44508322 5008033.69418365,530844.494612224 5008033.62431238,530844.440875379 5008033.53289603,530844.44086665 5008033.53289594,530844.388846853 5008033.54188697),(530837.251363667 5008033.46759346,530837.240382101 5008033.56328557,530837.259839924 5008033.64465465,530837.237728762 5008033.67737917,530837.236652064 5008033.71642477,530837.235230037 5008033.72841839,530837.234848997 5008033.7622074,530837.234753834 5008033.77064605,530837.243238716 5008033.77918388,530837.251723793 5008033.78770452,530837.268788915 5008033.79632433,530837.285854232 5008033.80492695,530837.28586296 5008033.80492703,530837.294447564 5008033.80500906,530837.320283447 5008033.79681635,530837.337634446 5008033.78008582,530837.346310043 5008033.77171195,530837.355080803 5008033.75489944,530837.349073856 5008033.73092459,530837.349169019 5008033.72248594,530837.359782377 5008033.66145913,530837.307600034 5008033.61989014,530837.357129038 5008033.55001887,530837.303392193 5008033.45860252,530837.303383464 5008033.45860244,530837.251363667 5008033.46759346),(530843.329279956 5008033.53127361,530843.31829839 5008033.62696572,530843.337756213 5008033.70833479,530843.315645051 5008033.74105931,530843.314568353 5008033.78010491,530843.313146326 5008033.79209854,530843.312765286 5008033.82588754,530843.312670123 5008033.8343262,530843.321155005 5008033.84286403,530843.329640082 5008033.85138466,530843.346705204 5008033.86000447,530843.363770521 5008033.8686071,530843.363779249 5008033.86860718,530843.372363854 5008033.8686892,530843.398199736 5008033.8604965,530843.415550736 5008033.84376596,530843.424226332 5008033.8353921,530843.432997092 5008033.81857958,530843.426990145 5008033.79460474,530843.427085309 5008033.78616608,530843.437698666 5008033.72513928,530843.385516323 5008033.68357029,530843.435045327 5008033.61369902,530843.381308482 5008033.52228267,530843.381299753 5008033.52228258,530843.329279956 5008033.53127361),(530840.277939561 5008033.49235796,530840.266957994 5008033.58805007,530840.286415817 5008033.66941915,530840.264304655 5008033.70214367,530840.263227957 5008033.74118927,530840.261805931 5008033.7531829,530840.26142489 5008033.7869719,530840.261329727 5008033.79541055,530840.26981461 5008033.80394838,530840.278299686 5008033.81246902,530840.295364809 5008033.82108883,530840.312430125 5008033.82969145,530840.312438854 5008033.82969153,530840.321023458 5008033.82977356,530840.34685934 5008033.82158085,530840.36421034 5008033.80485032,530840.372885937 5008033.79647646,530840.381656696 5008033.77966394,530840.37564975 5008033.75568909,530840.375744913 5008033.74725044,530840.386358271 5008033.68622363,530840.334175928 5008033.64465464,530840.383704931 5008033.57478337,530840.329968086 5008033.48336702,530840.329959358 5008033.48336694,530840.277939561 5008033.49235796),(530827.062540085 5008033.32608202,530827.051558519 5008033.42177413,530827.071016342 5008033.50314321,530827.04890518 5008033.53586773,530827.047828482 5008033.57491333,530827.046406455 5008033.58690696,530827.046025415 5008033.62069596,530827.045930252 5008033.62913461,530827.054415134 5008033.63767244,530827.062900211 5008033.64619308,530827.079965333 5008033.65481289,530827.09703065 5008033.66341551,530827.097039378 5008033.6634156,530827.105623982 5008033.66349762,530827.131459865 5008033.65530491,530827.148810864 5008033.63857438,530827.157486461 5008033.63020052,530827.166257221 5008033.613388,530827.160250274 5008033.58941316,530827.160345437 5008033.5809745,530827.170958795 5008033.51994769,530827.118776452 5008033.47837871,530827.168305456 5008033.40850743,530827.114568611 5008033.31709108,530827.114559882 5008033.317091,530827.062540085 5008033.32608202),(530830.089115979 5008033.35084652,530830.078134412 5008033.44653863,530830.097592235 5008033.52790771,530830.075481073 5008033.56063223,530830.074404375 5008033.59967783,530830.072982349 5008033.61167146,530830.072601308 5008033.64546046,530830.072506145 5008033.65389912,530830.080991028 5008033.66243694,530830.089476104 5008033.67095758,530830.106541227 5008033.67957739,530830.123606543 5008033.68818001,530830.123615272 5008033.6881801,530830.132199876 5008033.68826212,530830.158035758 5008033.68006941,530830.175386758 5008033.66333888,530830.184062355 5008033.65496502,530830.192833115 5008033.6381525,530830.186826168 5008033.61417766,530830.186921331 5008033.605739,530830.197534689 5008033.54471219,530830.145352346 5008033.50314321,530830.194881349 5008033.43327193,530830.141144504 5008033.34185558,530830.141135776 5008033.3418555,530830.089115979 5008033.35084652),(530786.278943469 5008032.87324542,530786.267961903 5008032.96893753,530786.287419726 5008033.0503066,530786.265308564 5008033.08303112,530786.264231866 5008033.12207672,530786.262809839 5008033.13407035,530786.262428799 5008033.16785935,530786.262333636 5008033.17629801,530786.270818518 5008033.18483584,530786.279303595 5008033.19335647,530786.296368717 5008033.20197628,530786.313434034 5008033.21057891,530786.313442762 5008033.21057899,530786.322027366 5008033.21066102,530786.347863249 5008033.20246831,530786.365214249 5008033.18573777,530786.373889845 5008033.17736391,530786.382660605 5008033.1605514,530786.376653658 5008033.13657655,530786.376748822 5008033.12813789,530786.387362179 5008033.06711109,530786.335179836 5008033.0255421,530786.38470884 5008032.95567083,530786.330971995 5008032.86425448,530786.330963266 5008032.86425439,530786.278943469 5008032.87324542),(530792.356859759 5008032.93692557,530792.345878192 5008033.03261767,530792.365336015 5008033.11398675,530792.343224853 5008033.14671127,530792.342148155 5008033.18575687,530792.340726129 5008033.1977505,530792.340345088 5008033.2315395,530792.340249925 5008033.23997816,530792.348734808 5008033.24851598,530792.357219884 5008033.25703662,530792.374285007 5008033.26565643,530792.391350323 5008033.27425905,530792.391359052 5008033.27425914,530792.399943656 5008033.27434116,530792.425779538 5008033.26614845,530792.443130538 5008033.24941792,530792.451806135 5008033.24104406,530792.460576894 5008033.22423154,530792.454569948 5008033.2002567,530792.454665111 5008033.19181804,530792.465278469 5008033.13079123,530792.413096126 5008033.08922225,530792.462625129 5008033.01935098,530792.408888284 5008032.92793463,530792.408879556 5008032.92793454,530792.356859759 5008032.93692557),(530789.305519363 5008032.89800992,530789.294537797 5008032.99370203,530789.313995619 5008033.0750711,530789.291884457 5008033.10779562,530789.29080776 5008033.14684123,530789.289385733 5008033.15883485,530789.289004692 5008033.19262385,530789.288909529 5008033.20106251,530789.297394412 5008033.20960034,530789.305879488 5008033.21812098,530789.322944611 5008033.22674078,530789.340009927 5008033.23534341,530789.340018656 5008033.23534349,530789.34860326 5008033.23542552,530789.374439142 5008033.22723281,530789.391790142 5008033.21050227,530789.400465739 5008033.20212841,530789.409236499 5008033.1853159,530789.403229552 5008033.16134105,530789.403324715 5008033.1529024,530789.413938073 5008033.09187559,530789.36175573 5008033.0503066,530789.411284733 5008032.98043533,530789.357547888 5008032.88901898,530789.35753916 5008032.8890189,530789.305519363 5008032.89800992),(530783.227603074 5008032.83432977,530783.216621507 5008032.93002188,530783.23607933 5008033.01139096,530783.213968168 5008033.04411548,530783.21289147 5008033.08316108,530783.211469444 5008033.09515471,530783.211088403 5008033.12894371,530783.21099324 5008033.13738236,530783.219478123 5008033.14592019,530783.227963199 5008033.15444083,530783.245028322 5008033.16306064,530783.262093638 5008033.17166326,530783.262102367 5008033.17166334,530783.270686971 5008033.17174537,530783.296522853 5008033.16355266,530783.313873853 5008033.14682213,530783.32254945 5008033.13844827,530783.331320209 5008033.12163575,530783.325313263 5008033.09766091,530783.325408426 5008033.08922225,530783.336021784 5008033.02819544,530783.283839441 5008032.98662646,530783.333368444 5008032.91675518,530783.279631599 5008032.82533883,530783.27962287 5008032.82533875,530783.227603074 5008032.83432977),(530796.524371627 5008032.98645457,530796.513390061 5008033.08214668,530796.532847884 5008033.16351575,530796.510736721 5008033.19624027,530796.509660024 5008033.23528588,530796.508237997 5008033.2472795,530796.507856956 5008033.2810685,530796.507761793 5008033.28950716,530796.516246676 5008033.29804499,530796.524731753 5008033.30656563,530796.541796875 5008033.31518544,530796.558862191 5008033.32378806,530796.55887092 5008033.32378814,530796.567455524 5008033.32387017,530796.593291406 5008033.31567746,530796.610642406 5008033.29894692,530796.619318003 5008033.29057306,530796.628088763 5008033.27376055,530796.622081816 5008033.2497857,530796.622176979 5008033.24134705,530796.632790337 5008033.18032024,530796.580607994 5008033.13875125,530796.630136998 5008033.06887998,530796.576400152 5008032.97746363,530796.576391424 5008032.97746355,530796.524371627 5008032.98645457),(530802.602287916 5008033.05013472,530802.59130635 5008033.14582682,530802.610764173 5008033.2271959,530802.58865301 5008033.25992042,530802.587576313 5008033.29896602,530802.586154286 5008033.31095965,530802.585773246 5008033.34474865,530802.585678083 5008033.35318731,530802.594162965 5008033.36172513,530802.602648042 5008033.37024577,530802.619713164 5008033.37886558,530802.63677848 5008033.3874682,530802.636787209 5008033.38746829,530802.645371813 5008033.38755031,530802.671207696 5008033.3793576,530802.688558695 5008033.36262707,530802.697234292 5008033.35425321,530802.706005052 5008033.33744069,530802.699998105 5008033.31346585,530802.700093268 5008033.30502719,530802.710706626 5008033.24400038,530802.658524283 5008033.2024314,530802.708053287 5008033.13256013,530802.654316442 5008033.04114378,530802.654307713 5008033.04114369,530802.602287916 5008033.05013472),(530799.55094752 5008033.01121907,530799.539965954 5008033.10691118,530799.559423777 5008033.18828025,530799.537312615 5008033.22100477,530799.536235917 5008033.26005038,530799.53481389 5008033.272044,530799.53443285 5008033.305833,530799.534337687 5008033.31427166,530799.542822569 5008033.32280949,530799.551307646 5008033.33133013,530799.568372768 5008033.33994994,530799.585438085 5008033.34855256,530799.585446813 5008033.34855264,530799.594031417 5008033.34863467,530799.6198673 5008033.34044196,530799.637218299 5008033.32371142,530799.645893896 5008033.31533756,530799.654664656 5008033.29852505,530799.648657709 5008033.2745502,530799.648752872 5008033.26611155,530799.65936623 5008033.20508474,530799.607183887 5008033.16351575,530799.656712891 5008033.09364448,530799.602976046 5008033.00222813,530799.602967317 5008033.00222805,530799.55094752 5008033.01121907),(530793.473031231 5008032.94753892,530793.462049665 5008033.04323103,530793.481507488 5008033.12460011,530793.459396325 5008033.15732463,530793.458319628 5008033.19637023,530793.456897601 5008033.20836386,530793.456516561 5008033.24215286,530793.456421398 5008033.25059151,530793.46490628 5008033.25912934,530793.473391357 5008033.26764998,530793.490456479 5008033.27626979,530793.507521795 5008033.28487241,530793.507530524 5008033.2848725,530793.516115128 5008033.28495452,530793.54195101 5008033.27676181,530793.55930201 5008033.26003128,530793.567977607 5008033.25165742,530793.576748367 5008033.2348449,530793.57074142 5008033.21087006,530793.570836583 5008033.2024314,530793.581449941 5008033.14140459,530793.529267598 5008033.09983561,530793.578796602 5008033.02996433,530793.525059757 5008032.93854798,530793.525051028 5008032.9385479,530793.473031231 5008032.94753892),(530806.628288346 5008033.01475686,530806.617306779 5008033.11044896,530806.636764602 5008033.19181804,530806.61465344 5008033.22454256,530806.613576742 5008033.26358816,530806.612154716 5008033.27558179,530806.611773675 5008033.30937079,530806.611678512 5008033.31780945,530806.620163395 5008033.32634727,530806.628648471 5008033.33486791,530806.645713594 5008033.34348772,530806.66277891 5008033.35209035,530806.662787639 5008033.35209043,530806.671372243 5008033.35217245,530806.697208125 5008033.34397975,530806.714559125 5008033.32724921,530806.723234722 5008033.31887535,530806.732005481 5008033.30206283,530806.725998535 5008033.27808799,530806.726093698 5008033.26964933,530806.736707056 5008033.20862253,530806.684524713 5008033.16705354,530806.734053716 5008033.09718227,530806.680316871 5008033.00576592,530806.680308143 5008033.00576583,530806.628288346 5008033.01475686),(530812.706204635 5008033.078437,530812.695223069 5008033.17412911,530812.714680891 5008033.25549819,530812.692569729 5008033.28822271,530812.691493032 5008033.32726831,530812.690071005 5008033.33926194,530812.689689964 5008033.37305094,530812.689594801 5008033.3814896,530812.698079684 5008033.39002742,530812.706564761 5008033.39854806,530812.723629883 5008033.40716787,530812.740695199 5008033.41577049,530812.740703928 5008033.41577058,530812.749288532 5008033.4158526,530812.775124414 5008033.40765989,530812.792475414 5008033.39092936,530812.801151011 5008033.3825555,530812.809921771 5008033.36574298,530812.803914824 5008033.34176814,530812.804009987 5008033.33332948,530812.814623345 5008033.27230267,530812.762441002 5008033.23073369,530812.811970006 5008033.16086241,530812.75823316 5008033.06944606,530812.758224432 5008033.06944598,530812.706204635 5008033.078437),(530809.654864239 5008033.03952136,530809.643882673 5008033.13521347,530809.663340496 5008033.21658254,530809.641229333 5008033.24930706,530809.640152636 5008033.28835266,530809.638730609 5008033.30034629,530809.638349569 5008033.33413529,530809.638254405 5008033.34257395,530809.646739288 5008033.35111178,530809.655224365 5008033.35963241,530809.672289487 5008033.36825222,530809.689354803 5008033.37685485,530809.689363532 5008033.37685493,530809.697948136 5008033.37693695,530809.723784018 5008033.36874425,530809.741135018 5008033.35201371,530809.749810615 5008033.34363985,530809.758581375 5008033.32682733,530809.752574428 5008033.30285249,530809.752669591 5008033.29441383,530809.763282949 5008033.23338703,530809.711100606 5008033.19181804,530809.76062961 5008033.12194677,530809.706892765 5008033.03053042,530809.706884036 5008033.03053033,530809.654864239 5008033.03952136),(530803.57694795 5008032.97584121,530803.565966384 5008033.07153332,530803.585424206 5008033.1529024,530803.563313044 5008033.18562692,530803.562236347 5008033.22467252,530803.56081432 5008033.23666614,530803.560433279 5008033.27045515,530803.560338116 5008033.2788938,530803.568822999 5008033.28743163,530803.577308076 5008033.29595227,530803.594373198 5008033.30457208,530803.611438514 5008033.3131747,530803.611447243 5008033.31317478,530803.620031847 5008033.31325681,530803.645867729 5008033.3050641,530803.663218729 5008033.28833356,530803.671894326 5008033.2799597,530803.680665086 5008033.26314719,530803.674658139 5008033.23917234,530803.674753302 5008033.23073369,530803.68536666 5008033.16970688,530803.633184317 5008033.12813789,530803.68271332 5008033.05826662,530803.628976475 5008032.96685027,530803.628967747 5008032.96685019,530803.57694795 5008032.97584121),(530816.873716503 5008033.12796601,530816.862734937 5008033.22365812,530816.88219276 5008033.30502719,530816.860081597 5008033.33775171,530816.8590049 5008033.37679731,530816.857582873 5008033.38879094,530816.857201833 5008033.42257994,530816.85710667 5008033.4310186,530816.865591552 5008033.43955643,530816.874076629 5008033.44807706,530816.891141751 5008033.45669687,530816.908207068 5008033.4652995,530816.908215796 5008033.46529958,530816.9168004 5008033.4653816,530816.942636283 5008033.4571889,530816.959987282 5008033.44045836,530816.968662879 5008033.4320845,530816.977433639 5008033.41527198,530816.971426692 5008033.39129714,530816.971521855 5008033.38285848,530816.982135213 5008033.32183168,530816.92995287 5008033.28026269,530816.979481874 5008033.21039142,530816.925745029 5008033.11897507,530816.9257363 5008033.11897498,530816.873716503 5008033.12796601),(530822.951632792 5008033.19164615,530822.940651226 5008033.28733826,530822.960109049 5008033.36870734,530822.937997887 5008033.40143186,530822.936921189 5008033.44047746,530822.935499162 5008033.45247109,530822.935118122 5008033.48626009,530822.935022959 5008033.49469875,530822.943507841 5008033.50323657,530822.951992918 5008033.51175721,530822.96905804 5008033.52037702,530822.986123357 5008033.52897964,530822.986132085 5008033.52897973,530822.994716689 5008033.52906175,530823.020552572 5008033.52086904,530823.037903572 5008033.50413851,530823.046579168 5008033.49576465,530823.055349928 5008033.47895213,530823.049342981 5008033.45497729,530823.049438145 5008033.44653863,530823.060051502 5008033.38551182,530823.007869159 5008033.34394284,530823.057398163 5008033.27407156,530823.003661318 5008033.18265521,530823.003652589 5008033.18265513,530822.951632792 5008033.19164615),(530819.900292397 5008033.15273051,530819.88931083 5008033.24842262,530819.908768653 5008033.32979169,530819.886657491 5008033.36251621,530819.885580793 5008033.40156181,530819.884158766 5008033.41355544,530819.883777726 5008033.44734444,530819.883682563 5008033.4557831,530819.892167446 5008033.46432093,530819.900652522 5008033.47284156,530819.917717645 5008033.48146137,530819.934782961 5008033.490064,530819.93479169 5008033.49006408,530819.943376294 5008033.49014611,530819.969212176 5008033.4819534,530819.986563176 5008033.46522286,530819.995238772 5008033.456849,530820.004009532 5008033.44003648,530819.998002586 5008033.41606164,530819.998097749 5008033.40762298,530820.008711107 5008033.34659618,530819.956528764 5008033.30502719,530820.006057767 5008033.23515592,530819.952320922 5008033.14373957,530819.952312193 5008033.14373948,530819.900292397 5008033.15273051),(530813.822376107 5008033.08905036,530813.811394541 5008033.18474247,530813.830852364 5008033.26611155,530813.808741202 5008033.29883607,530813.807664504 5008033.33788167,530813.806242477 5008033.3498753,530813.805861437 5008033.3836643,530813.805766274 5008033.39210295,530813.814251156 5008033.40064078,530813.822736233 5008033.40916142,530813.839801355 5008033.41778123,530813.856866672 5008033.42638385,530813.8568754 5008033.42638393,530813.865460004 5008033.42646596,530813.891295887 5008033.41827325,530813.908646886 5008033.40154272,530813.917322483 5008033.39316886,530813.926093243 5008033.37635634,530813.920086296 5008033.35238149,530813.92018146 5008033.34394284,530813.930794817 5008033.28291603,530813.878612474 5008033.24134704,530813.928141478 5008033.17147577,530813.874404633 5008033.08005942,530813.874395904 5008033.08005934,530813.822376107 5008033.08905036),(530833.117460766 5008033.37914881,530833.106479199 5008033.47484092,530833.125937022 5008033.55621,530833.10382586 5008033.58893452,530833.102749162 5008033.62798012,530833.101327136 5008033.63997375,530833.100946095 5008033.67376275,530833.100850932 5008033.6822014,530833.109335815 5008033.69073923,530833.117820891 5008033.69925987,530833.134886014 5008033.70787968,530833.15195133 5008033.7164823,530833.151960059 5008033.71648238,530833.160544663 5008033.71656441,530833.186380545 5008033.7083717,530833.203731545 5008033.69164117,530833.212407142 5008033.68326731,530833.221177901 5008033.66645479,530833.215170955 5008033.64247994,530833.215266118 5008033.63404129,530833.225879476 5008033.57301448,530833.173697133 5008033.53144549,530833.223226136 5008033.46157422,530833.169489291 5008033.37015787,530833.169480563 5008033.37015779,530833.117460766 5008033.37914881),(530834.221249987 5008033.37914881,530834.210268421 5008033.47484092,530834.229726244 5008033.55621,530834.207615081 5008033.58893452,530834.206538384 5008033.62798012,530834.205116357 5008033.63997375,530834.204735317 5008033.67376275,530834.204640153 5008033.6822014,530834.213125036 5008033.69073923,530834.221610113 5008033.69925987,530834.238675235 5008033.70787968,530834.255740551 5008033.7164823,530834.25574928 5008033.71648238,530834.264333884 5008033.71656441,530834.290169766 5008033.7083717,530834.307520766 5008033.69164117,530834.316196363 5008033.68326731,530834.324967123 5008033.66645479,530834.318960176 5008033.64247994,530834.319055339 5008033.63404129,530834.329668697 5008033.57301448,530834.277486354 5008033.53144549,530834.327015358 5008033.46157422,530834.273278513 5008033.37015787,530834.273269784 5008033.37015779,530834.221249987 5008033.37914881),(530824.004124117 5008033.23763737,530823.993142551 5008033.33332948,530824.012600374 5008033.41469856,530823.990489212 5008033.44742308,530823.989412514 5008033.48646868,530823.987990487 5008033.49846231,530823.987609447 5008033.53225131,530823.987514284 5008033.54068996,530823.995999166 5008033.54922779,530824.004484243 5008033.55774843,530824.021549365 5008033.56636824,530824.038614682 5008033.57497086,530824.03862341 5008033.57497095,530824.047208014 5008033.57505297,530824.073043897 5008033.56686026,530824.090394896 5008033.55012973,530824.099070493 5008033.54175587,530824.107841253 5008033.52494335,530824.101834306 5008033.50096851,530824.101929469 5008033.49252985,530824.112542827 5008033.43150304,530824.060360484 5008033.38993406,530824.109889488 5008033.32006278,530824.056152643 5008033.22864643,530824.056143914 5008033.22864635,530824.004124117 5008033.23763737),(530826.749446027 5008041.7000214,530826.738464461 5008041.79571351,530826.757922283 5008041.87708259,530826.735811121 5008041.90980711,530826.734734424 5008041.94885271,530826.733312397 5008041.96084634,530826.732931356 5008041.99463534,530826.732836193 5008042.003074,530826.741321076 5008042.01161182,530826.749806153 5008042.02013246,530826.766871275 5008042.02875227,530826.783936591 5008042.03735489,530826.78394532 5008042.03735498,530826.792529924 5008042.037437,530826.818365806 5008042.02924429,530826.835716806 5008042.01251376,530826.844392403 5008042.0041399,530826.853163163 5008041.98732738,530826.847156216 5008041.96335254,530826.847251379 5008041.95491388,530826.857864737 5008041.89388707,530826.805682394 5008041.85231809,530826.855211398 5008041.78244681,530826.801474552 5008041.69103046,530826.801465824 5008041.69103038,530826.749446027 5008041.7000214),(530827.82493296 5008041.78492827,530827.813951394 5008041.88062038,530827.833409217 5008041.96198945,530827.811298055 5008041.99471397,530827.810221357 5008042.03375957,530827.80879933 5008042.0457532,530827.80841829 5008042.0795422,530827.808323127 5008042.08798086,530827.81680801 5008042.09651869,530827.825293086 5008042.10503932,530827.842358208 5008042.11365913,530827.859423525 5008042.12226176,530827.859432254 5008042.12226184,530827.868016858 5008042.12234386,530827.89385274 5008042.11415116,530827.91120374 5008042.09742062,530827.919879336 5008042.08904676,530827.928650096 5008042.07223424,530827.92264315 5008042.0482594,530827.922738313 5008042.03982074,530827.933351671 5008041.97879394,530827.881169328 5008041.93722495,530827.930698331 5008041.86735368,530827.876961486 5008041.77593733,530827.876952757 5008041.77593724,530827.82493296 5008041.78492827),(530864.023976395 5008025.11800297,530864.012994829 5008025.21369508,530864.032452651 5008025.29506415,530864.010341489 5008025.32778867,530864.009264792 5008025.36683427,530864.007842765 5008025.3788279,530864.007461724 5008025.4126169,530864.007366561 5008025.42105556,530864.015851444 5008025.42959339,530864.02433652 5008025.43811402,530864.041401643 5008025.44673383,530864.058466959 5008025.45533646,530864.058475688 5008025.45533654,530864.067060292 5008025.45541856,530864.092896174 5008025.44722586,530864.110247174 5008025.43049532,530864.118922771 5008025.42212146,530864.127693531 5008025.40530894,530864.121686584 5008025.3813341,530864.121781747 5008025.37289544,530864.132395105 5008025.31186864,530864.080212762 5008025.27029965,530864.129741765 5008025.20042838,530864.07600492 5008025.10901203,530864.075996192 5008025.10901194,530864.023976395 5008025.11800297),(530870.101892684 5008025.18168311,530870.090911118 5008025.27737522,530870.110368941 5008025.3587443,530870.088257778 5008025.39146882,530870.087181081 5008025.43051442,530870.085759054 5008025.44250805,530870.085378014 5008025.47629705,530870.08528285 5008025.48473571,530870.093767733 5008025.49327353,530870.10225281 5008025.50179417,530870.119317932 5008025.51041398,530870.136383248 5008025.5190166,530870.136391977 5008025.51901669,530870.144976581 5008025.51909871,530870.170812463 5008025.510906,530870.188163463 5008025.49417547,530870.19683906 5008025.48580161,530870.20560982 5008025.46898909,530870.199602873 5008025.44501425,530870.199698036 5008025.43657559,530870.210311394 5008025.37554878,530870.158129051 5008025.3339798,530870.207658055 5008025.26410852,530870.15392121 5008025.17269217,530870.153912481 5008025.17269209,530870.101892684 5008025.18168311),(530867.050552288 5008025.14276747,530867.039570722 5008025.23845958,530867.059028545 5008025.31982865,530867.036917383 5008025.35255317,530867.035840685 5008025.39159877,530867.034418658 5008025.4035924,530867.034037618 5008025.4373814,530867.033942455 5008025.44582006,530867.042427337 5008025.45435789,530867.050912414 5008025.46287852,530867.067977536 5008025.47149833,530867.085042853 5008025.48010096,530867.085051581 5008025.48010104,530867.093636185 5008025.48018306,530867.119472068 5008025.47199036,530867.136823067 5008025.45525982,530867.145498664 5008025.44688596,530867.154269424 5008025.43007344,530867.148262477 5008025.4060986,530867.14835764 5008025.39765994,530867.158970998 5008025.33663314,530867.106788655 5008025.29506415,530867.156317659 5008025.22519288,530867.102580814 5008025.13377653,530867.102572085 5008025.13377644,530867.050552288 5008025.14276747),(530860.972635999 5008025.07908732,530860.961654433 5008025.17477943,530860.981112256 5008025.25614851,530860.959001093 5008025.28887303,530860.957924396 5008025.32791863,530860.956502369 5008025.33991226,530860.956121329 5008025.37370126,530860.956026165 5008025.38213991,530860.964511048 5008025.39067774,530860.972996125 5008025.39919838,530860.990061247 5008025.40781819,530861.007126563 5008025.41642081,530861.007135292 5008025.41642089,530861.015719896 5008025.41650292,530861.041555778 5008025.40831021,530861.058906778 5008025.39157968,530861.067582375 5008025.38320582,530861.076353135 5008025.3663933,530861.070346188 5008025.34241845,530861.070441351 5008025.3339798,530861.081054709 5008025.27295299,530861.028872366 5008025.231384,530861.07840137 5008025.16151273,530861.024664524 5008025.07009638,530861.024655796 5008025.0700963,530860.972635999 5008025.07908732),(530853.778548237 5008025.17460754,530853.767566671 5008025.27029965,530853.787024494 5008025.35166873,530853.764913332 5008025.38439325,530853.763836634 5008025.42343885,530853.762414607 5008025.43543248,530853.762033567 5008025.46922148,530853.761938404 5008025.47766013,530853.770423286 5008025.48619796,530853.778908363 5008025.4947186,530853.795973485 5008025.50333841,530853.813038802 5008025.51194103,530853.81304753 5008025.51194112,530853.821632134 5008025.51202314,530853.847468017 5008025.50383043,530853.864819017 5008025.4870999,530853.873494613 5008025.47872604,530853.882265373 5008025.46191352,530853.876258426 5008025.43793868,530853.87635359 5008025.42950002,530853.886966947 5008025.36847321,530853.834784604 5008025.32690423,530853.884313608 5008025.25703295,530853.830576763 5008025.1656166,530853.830568034 5008025.16561652,530853.778548237 5008025.17460754),(530859.856464527 5008025.23828769,530859.84548296 5008025.3339798,530859.864940783 5008025.41534887,530859.842829621 5008025.44807339,530859.841752923 5008025.487119,530859.840330897 5008025.49911262,530859.839949856 5008025.53290162,530859.839854693 5008025.54134028,530859.848339576 5008025.54987811,530859.856824652 5008025.55839875,530859.873889775 5008025.56701856,530859.890955091 5008025.57562118,530859.89096382 5008025.57562126,530859.899548424 5008025.57570329,530859.925384306 5008025.56751058,530859.942735306 5008025.55078004,530859.951410903 5008025.54240618,530859.960181662 5008025.52559367,530859.954174716 5008025.50161882,530859.954269879 5008025.49318017,530859.964883237 5008025.43215336,530859.912700894 5008025.39058437,530859.962229897 5008025.3207131,530859.908493052 5008025.22929675,530859.908484324 5008025.22929667,530859.856464527 5008025.23828769),(530856.805124131 5008025.19937204,530856.794142565 5008025.29506415,530856.813600387 5008025.37643323,530856.791489225 5008025.40915775,530856.790412528 5008025.44820335,530856.788990501 5008025.46019698,530856.78860946 5008025.49398598,530856.788514297 5008025.50242463,530856.79699918 5008025.51096246,530856.805484256 5008025.5194831,530856.822549379 5008025.52810291,530856.839614695 5008025.53670553,530856.839623424 5008025.53670562,530856.848208028 5008025.53678764,530856.87404391 5008025.52859493,530856.89139491 5008025.5118644,530856.900070507 5008025.50349054,530856.908841267 5008025.48667802,530856.90283432 5008025.46270318,530856.902929483 5008025.45426452,530856.913542841 5008025.39323771,530856.861360498 5008025.35166873,530856.910889501 5008025.28179745,530856.857152656 5008025.1903811,530856.857143928 5008025.19038102,530856.805124131 5008025.19937204),(530850.727207842 5008025.1356919,530850.716226275 5008025.231384,530850.735684098 5008025.31275308,530850.713572936 5008025.3454776,530850.712496238 5008025.3845232,530850.711074212 5008025.39651683,530850.710693171 5008025.43030583,530850.710598008 5008025.43874449,530850.719082891 5008025.44728231,530850.727567967 5008025.45580295,530850.74463309 5008025.46442276,530850.761698406 5008025.47302539,530850.761707135 5008025.47302547,530850.770291739 5008025.47310749,530850.796127621 5008025.46491478,530850.813478621 5008025.44818425,530850.822154218 5008025.43981039,530850.830924977 5008025.42299787,530850.824918031 5008025.39902303,530850.825013194 5008025.39058437,530850.835626552 5008025.32955757,530850.783444209 5008025.28798858,530850.832973212 5008025.21811731,530850.779236367 5008025.12670096,530850.779227639 5008025.12670087,530850.727207842 5008025.1356919),(530843.589724655 5008025.06139839,530843.578743089 5008025.1570905,530843.598200912 5008025.23845958,530843.57608975 5008025.2711841,530843.575013052 5008025.3102297,530843.573591025 5008025.32222333,530843.573209985 5008025.35601233,530843.573114822 5008025.36445098,530843.581599705 5008025.37298881,530843.590084781 5008025.38150945,530843.607149904 5008025.39012926,530843.62421522 5008025.39873188,530843.624223949 5008025.39873196,530843.632808553 5008025.39881399,530843.658644435 5008025.39062128,530843.675995435 5008025.37389075,530843.684671031 5008025.36551689,530843.693441791 5008025.34870437,530843.687434845 5008025.32472953,530843.687530008 5008025.31629087,530843.698143366 5008025.25526406,530843.645961023 5008025.21369508,530843.695490026 5008025.1438238,530843.641753181 5008025.05240745,530843.641744452 5008025.05240737,530843.589724655 5008025.06139839),(530849.667640945 5008025.12507854,530849.656659378 5008025.22077065,530849.676117201 5008025.30213972,530849.654006039 5008025.33486424,530849.652929341 5008025.37390985,530849.651507315 5008025.38590347,530849.651126274 5008025.41969247,530849.651031111 5008025.42813113,530849.659515994 5008025.43666896,530849.66800107 5008025.4451896,530849.685066193 5008025.4538094,530849.702131509 5008025.46241203,530849.702140238 5008025.46241211,530849.710724842 5008025.46249414,530849.736560724 5008025.45430143,530849.753911724 5008025.43757089,530849.762587321 5008025.42919703,530849.771358081 5008025.41238452,530849.765351134 5008025.38840967,530849.765446297 5008025.37997102,530849.776059655 5008025.31894421,530849.723877312 5008025.27737522,530849.773406315 5008025.20750395,530849.71966947 5008025.1160876,530849.719660742 5008025.11608751,530849.667640945 5008025.12507854),(530846.616300549 5008025.08616289,530846.605318983 5008025.181855,530846.624776806 5008025.26322408,530846.602665643 5008025.2959486,530846.601588946 5008025.3349942,530846.600166919 5008025.34698783,530846.599785878 5008025.38077683,530846.599690715 5008025.38921548,530846.608175598 5008025.39775331,530846.616660675 5008025.40627395,530846.633725797 5008025.41489376,530846.650791113 5008025.42349638,530846.650799842 5008025.42349647,530846.659384446 5008025.42357849,530846.685220328 5008025.41538578,530846.702571328 5008025.39865525,530846.711246925 5008025.39028139,530846.720017685 5008025.37346887,530846.714010738 5008025.34949403,530846.714105901 5008025.34105537,530846.724719259 5008025.28002856,530846.672536916 5008025.23845958,530846.72206592 5008025.1685883,530846.668329074 5008025.07717195,530846.668320346 5008025.07717187,530846.616300549 5008025.08616289),(530833.400901074 5008024.91988696,530833.389919507 5008025.01557906,530833.40937733 5008025.09694814,530833.387266168 5008025.12967266,530833.38618947 5008025.16871826,530833.384767444 5008025.18071189,530833.384386403 5008025.21450089,530833.38429124 5008025.22293955,530833.392776123 5008025.23147737,530833.401261199 5008025.23999801,530833.418326322 5008025.24861782,530833.435391638 5008025.25722044,530833.435400367 5008025.25722053,530833.443984971 5008025.25730255,530833.469820853 5008025.24910984,530833.487171853 5008025.23237931,530833.49584745 5008025.22400545,530833.504618209 5008025.20719293,530833.498611263 5008025.18321809,530833.498706426 5008025.17477943,530833.509319784 5008025.11375262,530833.457137441 5008025.07218364,530833.506666444 5008025.00231236,530833.452929599 5008024.91089601,530833.452920871 5008024.91089593,530833.400901074 5008024.91988696),(530836.427476967 5008024.94465146,530836.416495401 5008025.04034356,530836.435953224 5008025.12171264,530836.413842061 5008025.15443716,530836.412765364 5008025.19348276,530836.411343337 5008025.20547639,530836.410962297 5008025.23926539,530836.410867133 5008025.24770405,530836.419352016 5008025.25624187,530836.427837093 5008025.26476251,530836.444902215 5008025.27338232,530836.461967531 5008025.28198494,530836.46197626 5008025.28198503,530836.470560864 5008025.28206705,530836.496396746 5008025.27387434,530836.513747746 5008025.25714381,530836.522423343 5008025.24876995,530836.531194103 5008025.23195743,530836.525187156 5008025.20798259,530836.525282319 5008025.19954393,530836.535895677 5008025.13851712,530836.483713334 5008025.09694814,530836.533242338 5008025.02707687,530836.479505492 5008024.93566051,530836.479496764 5008024.93566043,530836.427476967 5008024.94465146),(530792.617304458 5008024.46705035,530792.606322891 5008024.56274246,530792.625780714 5008024.64411153,530792.603669552 5008024.67683605,530792.602592854 5008024.71588166,530792.601170828 5008024.72787528,530792.600789787 5008024.76166428,530792.600694624 5008024.77010294,530792.609179507 5008024.77864077,530792.617664583 5008024.78716141,530792.634729706 5008024.79578122,530792.651795022 5008024.80438384,530792.651803751 5008024.80438392,530792.660388355 5008024.80446595,530792.686224237 5008024.79627324,530792.703575237 5008024.7795427,530792.712250834 5008024.77116884,530792.721021594 5008024.75435633,530792.715014647 5008024.73038148,530792.71510981 5008024.72194283,530792.725723168 5008024.66091602,530792.673540825 5008024.61934703,530792.723069828 5008024.54947576,530792.669332983 5008024.45805941,530792.669324255 5008024.45805933,530792.617304458 5008024.46705035),(530798.695220747 5008024.5307305,530798.684239181 5008024.6264226,530798.703697004 5008024.70779168,530798.681585841 5008024.7405162,530798.680509144 5008024.7795618,530798.679087117 5008024.79155543,530798.678706076 5008024.82534443,530798.678610913 5008024.83378309,530798.687095796 5008024.84232091,530798.695580873 5008024.85084155,530798.712645995 5008024.85946136,530798.729711311 5008024.86806399,530798.72972004 5008024.86806407,530798.738304644 5008024.86814609,530798.764140526 5008024.85995338,530798.781491526 5008024.84322285,530798.790167123 5008024.83484899,530798.798937883 5008024.81803647,530798.792930936 5008024.79406163,530798.793026099 5008024.78562297,530798.803639457 5008024.72459617,530798.751457114 5008024.68302718,530798.800986118 5008024.61315591,530798.747249272 5008024.52173956,530798.747240544 5008024.52173947,530798.695220747 5008024.5307305),(530795.643880351 5008024.49181485,530795.632898785 5008024.58750696,530795.652356608 5008024.66887604,530795.630245445 5008024.70160056,530795.629168748 5008024.74064616,530795.627746721 5008024.75263978,530795.627365681 5008024.78642878,530795.627270518 5008024.79486744,530795.6357554 5008024.80340527,530795.644240477 5008024.81192591,530795.661305599 5008024.82054572,530795.678370915 5008024.82914834,530795.678379644 5008024.82914842,530795.686964248 5008024.82923045,530795.71280013 5008024.82103774,530795.73015113 5008024.8043072,530795.738826727 5008024.79593334,530795.747597487 5008024.77912083,530795.74159054 5008024.75514598,530795.741685703 5008024.74670733,530795.752299061 5008024.68568052,530795.700116718 5008024.64411153,530795.749645722 5008024.57424026,530795.695908877 5008024.48282391,530795.695900148 5008024.48282383,530795.643880351 5008024.49181485),(530789.565964062 5008024.4281347,530789.554982496 5008024.52382681,530789.574440319 5008024.60519589,530789.552329156 5008024.63792041,530789.551252459 5008024.67696601,530789.549830432 5008024.68895964,530789.549449391 5008024.72274864,530789.549354228 5008024.7311873,530789.557839111 5008024.73972512,530789.566324188 5008024.74824576,530789.58338931 5008024.75686557,530789.600454626 5008024.76546819,530789.600463355 5008024.76546828,530789.609047959 5008024.7655503,530789.634883841 5008024.75735759,530789.652234841 5008024.74062706,530789.660910438 5008024.7322532,530789.669681198 5008024.71544068,530789.663674251 5008024.69146584,530789.663769414 5008024.68302718,530789.674382772 5008024.62200037,530789.622200429 5008024.58043139,530789.671729433 5008024.51056011,530789.617992587 5008024.41914376,530789.617983859 5008024.41914368,530789.565964062 5008024.4281347),(530802.862732615 5008024.5802595,530802.851751049 5008024.67595161,530802.871208872 5008024.75732069,530802.84909771 5008024.79004521,530802.848021012 5008024.82909081,530802.846598985 5008024.84108443,530802.846217945 5008024.87487344,530802.846122782 5008024.88331209,530802.854607664 5008024.89184992,530802.863092741 5008024.90037056,530802.880157863 5008024.90899037,530802.89722318 5008024.91759299,530802.897231908 5008024.91759307,530802.905816512 5008024.9176751,530802.931652395 5008024.90948239,530802.949003394 5008024.89275185,530802.957678991 5008024.88437799,530802.966449751 5008024.86756548,530802.960442804 5008024.84359063,530802.960537967 5008024.83515198,530802.971151325 5008024.77412517,530802.918968982 5008024.73255618,530802.968497986 5008024.66268491,530802.914761141 5008024.57126856,530802.914752412 5008024.57126848,530802.862732615 5008024.5802595),(530808.940648904 5008024.64393965,530808.929667338 5008024.73963176,530808.949125161 5008024.82100083,530808.927013999 5008024.85372535,530808.925937301 5008024.89277095,530808.924515274 5008024.90476458,530808.924134234 5008024.93855358,530808.924039071 5008024.94699224,530808.932523953 5008024.95553007,530808.94100903 5008024.9640507,530808.958074152 5008024.97267051,530808.975139469 5008024.98127314,530808.975148197 5008024.98127322,530808.983732802 5008024.98135524,530809.009568684 5008024.97316254,530809.026919684 5008024.956432,530809.03559528 5008024.94805814,530809.04436604 5008024.93124562,530809.038359093 5008024.90727078,530809.038454257 5008024.89883212,530809.049067614 5008024.83780532,530808.996885272 5008024.79623633,530809.046414275 5008024.72636506,530808.99267743 5008024.63494871,530808.992668701 5008024.63494862,530808.940648904 5008024.64393965),(530805.889308509 5008024.605024,530805.878326942 5008024.70071611,530805.897784765 5008024.78208519,530805.875673603 5008024.81480971,530805.874596905 5008024.85385531,530805.873174879 5008024.86584894,530805.872793838 5008024.89963794,530805.872698675 5008024.90807659,530805.881183558 5008024.91661442,530805.889668634 5008024.92513506,530805.906733757 5008024.93375487,530805.923799073 5008024.94235749,530805.923807802 5008024.94235757,530805.932392406 5008024.9424396,530805.958228288 5008024.93424689,530805.975579288 5008024.91751636,530805.984254885 5008024.9091425,530805.993025644 5008024.89232998,530805.987018698 5008024.86835513,530805.987113861 5008024.85991648,530805.997727219 5008024.79888967,530805.945544876 5008024.75732068,530805.995073879 5008024.68744941,530805.941337034 5008024.59603306,530805.941328306 5008024.59603298,530805.889308509 5008024.605024),(530799.811392219 5008024.54134385,530799.800410653 5008024.63703596,530799.819868476 5008024.71840504,530799.797757314 5008024.75112956,530799.796680616 5008024.79017516,530799.795258589 5008024.80216879,530799.794877549 5008024.83595779,530799.794782386 5008024.84439645,530799.803267268 5008024.85293427,530799.811752345 5008024.86145491,530799.828817467 5008024.87007472,530799.845882784 5008024.87867734,530799.845891512 5008024.87867743,530799.854476116 5008024.87875945,530799.880311999 5008024.87056674,530799.897662999 5008024.85383621,530799.906338595 5008024.84546235,530799.915109355 5008024.82864983,530799.909102408 5008024.80467499,530799.909197572 5008024.79623633,530799.919810929 5008024.73520952,530799.867628586 5008024.69364054,530799.91715759 5008024.62376926,530799.863420745 5008024.53235291,530799.863412016 5008024.53235283,530799.811392219 5008024.54134385),(530812.966649334 5008024.60856179,530812.955667768 5008024.7042539,530812.975125591 5008024.78562297,530812.953014428 5008024.81834749,530812.951937731 5008024.85739309,530812.950515704 5008024.86938672,530812.950134663 5008024.90317572,530812.9500395 5008024.91161438,530812.958524383 5008024.92015221,530812.96700946 5008024.92867284,530812.984074582 5008024.93729265,530813.001139898 5008024.94589528,530813.001148627 5008024.94589536,530813.009733231 5008024.94597739,530813.035569113 5008024.93778468,530813.052920113 5008024.92105414,530813.06159571 5008024.91268028,530813.07036647 5008024.89586776,530813.064359523 5008024.87189292,530813.064454686 5008024.86345426,530813.075068044 5008024.80242746,530813.022885701 5008024.76085847,530813.072414705 5008024.6909872,530813.018677859 5008024.59957085,530813.018669131 5008024.59957076,530812.966649334 5008024.60856179),(530819.044565623 5008024.67224194,530819.033584057 5008024.76793404,530819.05304188 5008024.84930312,530819.030930717 5008024.88202764,530819.02985402 5008024.92107324,530819.028431993 5008024.93306687,530819.028050953 5008024.96685587,530819.02795579 5008024.97529453,530819.036440672 5008024.98383235,530819.044925749 5008024.99235299,530819.061990871 5008025.0009728,530819.079056188 5008025.00957542,530819.079064916 5008025.00957551,530819.08764952 5008025.00965753,530819.113485403 5008025.00146482,530819.130836402 5008024.98473429,530819.139511999 5008024.97636043,530819.148282759 5008024.95954791,530819.142275812 5008024.93557307,530819.142370975 5008024.92713441,530819.152984333 5008024.8661076,530819.10080199 5008024.82453862,530819.150330994 5008024.75466735,530819.096594149 5008024.66325099,530819.09658542 5008024.66325091,530819.044565623 5008024.67224194),(530815.993225227 5008024.63332629,530815.982243661 5008024.7290184,530816.001701484 5008024.81038747,530815.979590322 5008024.84311199,530815.978513624 5008024.88215759,530815.977091597 5008024.89415122,530815.976710557 5008024.92794022,530815.976615394 5008024.93637888,530815.985100276 5008024.94491671,530815.993585353 5008024.95343735,530816.010650475 5008024.96205715,530816.027715792 5008024.97065978,530816.02772452 5008024.97065986,530816.036309124 5008024.97074189,530816.062145007 5008024.96254918,530816.079496006 5008024.94581864,530816.088171603 5008024.93744478,530816.096942363 5008024.92063227,530816.090935416 5008024.89665742,530816.09103058 5008024.88821877,530816.101643937 5008024.82719196,530816.049461594 5008024.78562297,530816.098990598 5008024.7157517,530816.045253753 5008024.62433535,530816.045245024 5008024.62433526,530815.993225227 5008024.63332629),(530809.915308938 5008024.56964614,530809.904327372 5008024.66533825,530809.923785195 5008024.74670733,530809.901674032 5008024.77943185,530809.900597335 5008024.81847745,530809.899175308 5008024.83047108,530809.898794268 5008024.86426008,530809.898699105 5008024.87269873,530809.907183987 5008024.88123656,530809.915669064 5008024.8897572,530809.932734186 5008024.89837701,530809.949799503 5008024.90697963,530809.949808231 5008024.90697971,530809.958392835 5008024.90706174,530809.984228718 5008024.89886903,530810.001579717 5008024.8821385,530810.010255314 5008024.87376464,530810.019026074 5008024.85695212,530810.013019127 5008024.83297728,530810.01311429 5008024.82453862,530810.023727648 5008024.76351181,530809.971545305 5008024.72194283,530810.021074309 5008024.65207155,530809.967337464 5008024.5606552,530809.967328735 5008024.56065512,530809.915308938 5008024.56964614),(530823.212077491 5008024.72177094,530823.201095925 5008024.81746305,530823.220553748 5008024.89883212,530823.198442586 5008024.93155664,530823.197365888 5008024.97060225,530823.195943861 5008024.98259587,530823.195562821 5008025.01638487,530823.195467658 5008025.02482353,530823.203952541 5008025.03336136,530823.212437617 5008025.041882,530823.22950274 5008025.0505018,530823.246568056 5008025.05910443,530823.246576785 5008025.05910451,530823.255161389 5008025.05918654,530823.280997271 5008025.05099383,530823.298348271 5008025.03426329,530823.307023867 5008025.02588943,530823.315794627 5008025.00907692,530823.309787681 5008024.98510207,530823.309882844 5008024.97666342,530823.320496202 5008024.91563661,530823.268313859 5008024.87406762,530823.317842862 5008024.80419635,530823.264106017 5008024.71278,530823.264097288 5008024.71277991,530823.212077491 5008024.72177094),(530829.289993781 5008024.78545109,530829.279012214 5008024.88114319,530829.298470037 5008024.96251227,530829.276358875 5008024.99523679,530829.275282177 5008025.03428239,530829.273860151 5008025.04627602,530829.27347911 5008025.08006502,530829.273383947 5008025.08850368,530829.28186883 5008025.0970415,530829.290353906 5008025.10556214,530829.307419029 5008025.11418195,530829.324484345 5008025.12278457,530829.324493074 5008025.12278466,530829.333077678 5008025.12286668,530829.35891356 5008025.11467397,530829.37626456 5008025.09794344,530829.384940157 5008025.08956958,530829.393710917 5008025.07275706,530829.38770397 5008025.04878222,530829.387799133 5008025.04034356,530829.398412491 5008024.97931675,530829.346230148 5008024.93774777,530829.395759151 5008024.8678765,530829.342022306 5008024.77646015,530829.342013578 5008024.77646006,530829.289993781 5008024.78545109),(530826.238653385 5008024.74653544,530826.227671819 5008024.84222755,530826.247129641 5008024.92359662,530826.225018479 5008024.95632114,530826.223941782 5008024.99536675,530826.222519755 5008025.00736037,530826.222138714 5008025.04114937,530826.222043551 5008025.04958803,530826.230528434 5008025.05812586,530826.239013511 5008025.0666465,530826.256078633 5008025.07526631,530826.273143949 5008025.08386893,530826.273152678 5008025.08386901,530826.281737282 5008025.08395104,530826.307573164 5008025.07575833,530826.324924164 5008025.05902779,530826.333599761 5008025.05065393,530826.342370521 5008025.03384142,530826.336363574 5008025.00986657,530826.336458737 5008025.00142792,530826.347072095 5008024.94040111,530826.294889752 5008024.89883212,530826.344418755 5008024.82896085,530826.29068191 5008024.7375445,530826.290673182 5008024.73754442,530826.238653385 5008024.74653544),(530820.160737096 5008024.68285529,530820.149755529 5008024.7785474,530820.169213352 5008024.85991648,530820.14710219 5008024.892641,530820.146025492 5008024.9316866,530820.144603466 5008024.94368023,530820.144222425 5008024.97746923,530820.144127262 5008024.98590788,530820.152612145 5008024.99444571,530820.161097221 5008025.00296635,530820.178162344 5008025.01158616,530820.19522766 5008025.02018878,530820.195236389 5008025.02018887,530820.203820993 5008025.02027089,530820.229656875 5008025.01207818,530820.247007875 5008024.99534765,530820.255683472 5008024.98697379,530820.264454231 5008024.97016127,530820.258447285 5008024.94618643,530820.258542448 5008024.93774777,530820.269155806 5008024.87672096,530820.216973463 5008024.83515198,530820.266502466 5008024.7652807,530820.212765621 5008024.67386435,530820.212756893 5008024.67386427,530820.160737096 5008024.68285529),(530839.455821754 5008024.97295374,530839.444840188 5008025.06864585,530839.464298011 5008025.15001493,530839.442186848 5008025.18273945,530839.441110151 5008025.22178505,530839.439688124 5008025.23377868,530839.439307083 5008025.26756768,530839.43921192 5008025.27600633,530839.447696803 5008025.28454416,530839.45618188 5008025.2930648,530839.473247002 5008025.30168461,530839.490312318 5008025.31028723,530839.490321047 5008025.31028732,530839.498905651 5008025.31036934,530839.524741533 5008025.30217663,530839.542092533 5008025.2854461,530839.55076813 5008025.27707224,530839.55953889 5008025.26025972,530839.553531943 5008025.23628488,530839.553627106 5008025.22784622,530839.564240464 5008025.16681941,530839.512058121 5008025.12525043,530839.561587125 5008025.05537915,530839.507850279 5008024.9639628,530839.507841551 5008024.96396272,530839.455821754 5008024.97295374),(530840.559610975 5008024.97295374,530840.548629409 5008025.06864585,530840.568087232 5008025.15001493,530840.54597607 5008025.18273945,530840.544899372 5008025.22178505,530840.543477345 5008025.23377868,530840.543096305 5008025.26756768,530840.543001142 5008025.27600633,530840.551486024 5008025.28454416,530840.559971101 5008025.2930648,530840.577036223 5008025.30168461,530840.59410154 5008025.31028723,530840.594110268 5008025.31028732,530840.602694872 5008025.31036934,530840.628530755 5008025.30217663,530840.645881754 5008025.2854461,530840.654557351 5008025.27707224,530840.663328111 5008025.26025972,530840.657321164 5008025.23628488,530840.657416328 5008025.22784622,530840.668029685 5008025.16681941,530840.615847342 5008025.12525043,530840.665376346 5008025.05537915,530840.611639501 5008024.9639628,530840.611630772 5008024.96396272,530840.559610975 5008024.97295374),(530830.342485106 5008024.8314423,530830.331503539 5008024.92713441,530830.350961362 5008025.00850349,530830.3288502 5008025.04122801,530830.327773502 5008025.08027361,530830.326351476 5008025.09226724,530830.325970435 5008025.12605624,530830.325875272 5008025.1344949,530830.334360155 5008025.14303272,530830.342845231 5008025.15155336,530830.359910354 5008025.16017317,530830.37697567 5008025.16877579,530830.376984399 5008025.16877588,530830.385569003 5008025.1688579,530830.411404885 5008025.16066519,530830.428755885 5008025.14393466,530830.437431482 5008025.1355608,530830.446202241 5008025.11874828,530830.440195295 5008025.09477344,530830.440290458 5008025.08633478,530830.450903816 5008025.02530797,530830.398721473 5008024.98373899,530830.448250476 5008024.91386771,530830.394513631 5008024.82245136,530830.394504903 5008024.82245128,530830.342485106 5008024.8314423),(530860.158025721 5008016.48704332,530860.147044155 5008016.58273543,530860.166501978 5008016.66410451,530860.144390816 5008016.69682903,530860.143314118 5008016.73587463,530860.141892091 5008016.74786826,530860.141511051 5008016.78165726,530860.141415888 5008016.79009592,530860.14990077 5008016.79863374,530860.158385847 5008016.80715438,530860.175450969 5008016.81577419,530860.192516286 5008016.82437681,530860.192525014 5008016.8243769,530860.201109618 5008016.82445892,530860.226945501 5008016.81626621,530860.2442965 5008016.79953568,530860.252972097 5008016.79116182,530860.261742857 5008016.7743493,530860.25573591 5008016.75037446,530860.255831073 5008016.7419358,530860.266444431 5008016.68090899,530860.214262088 5008016.63934001,530860.263791092 5008016.56946873,530860.210054247 5008016.47805238,530860.210045518 5008016.4780523,530860.158025721 5008016.48704332),(530866.23594201 5008016.55072347,530866.224960444 5008016.64641558,530866.244418267 5008016.72778466,530866.222307105 5008016.76050918,530866.221230407 5008016.79955478,530866.21980838 5008016.8115484,530866.21942734 5008016.8453374,530866.219332177 5008016.85377606,530866.227817059 5008016.86231389,530866.236302136 5008016.87083453,530866.253367258 5008016.87945434,530866.270432575 5008016.88805696,530866.270441303 5008016.88805704,530866.279025908 5008016.88813907,530866.30486179 5008016.87994636,530866.32221279 5008016.86321582,530866.330888386 5008016.85484196,530866.339659146 5008016.83802945,530866.333652199 5008016.8140546,530866.333747363 5008016.80561595,530866.34436072 5008016.74458914,530866.292178378 5008016.70302015,530866.341707381 5008016.63314888,530866.287970536 5008016.54173253,530866.287961807 5008016.54173245,530866.23594201 5008016.55072347),(530863.184601615 5008016.51180782,530863.173620048 5008016.60749993,530863.193077871 5008016.68886901,530863.170966709 5008016.72159353,530863.169890011 5008016.76063913,530863.168467985 5008016.77263276,530863.168086944 5008016.80642176,530863.167991781 5008016.81486042,530863.176476664 5008016.82339824,530863.18496174 5008016.83191888,530863.202026863 5008016.84053869,530863.219092179 5008016.84914131,530863.219100908 5008016.8491414,530863.227685512 5008016.84922342,530863.253521394 5008016.84103071,530863.270872394 5008016.82430018,530863.279547991 5008016.81592632,530863.28831875 5008016.7991138,530863.282311804 5008016.77513896,530863.282406967 5008016.7667003,530863.293020325 5008016.70567349,530863.240837982 5008016.66410451,530863.290366985 5008016.59423323,530863.23663014 5008016.50281688,530863.236621412 5008016.5028168,530863.184601615 5008016.51180782),(530857.106685325 5008016.44812768,530857.095703759 5008016.54381979,530857.115161582 5008016.62518886,530857.09305042 5008016.65791338,530857.091973722 5008016.69695898,530857.090551695 5008016.70895261,530857.090170655 5008016.74274161,530857.090075492 5008016.75118027,530857.098560374 5008016.75971809,530857.107045451 5008016.76823873,530857.124110573 5008016.77685854,530857.14117589 5008016.78546117,530857.141184618 5008016.78546125,530857.149769222 5008016.78554327,530857.175605105 5008016.77735057,530857.192956105 5008016.76062003,530857.201631701 5008016.75224617,530857.210402461 5008016.73543365,530857.204395514 5008016.71145881,530857.204490678 5008016.70302015,530857.215104035 5008016.64199335,530857.162921692 5008016.60042436,530857.212450696 5008016.53055309,530857.158713851 5008016.43913674,530857.158705122 5008016.43913665,530857.106685325 5008016.44812768),(530849.912597564 5008016.5436479,530849.901615998 5008016.63934001,530849.92107382 5008016.72070908,530849.898962658 5008016.7534336,530849.897885961 5008016.7924792,530849.896463934 5008016.80447283,530849.896082893 5008016.83826183,530849.89598773 5008016.84670049,530849.904472613 5008016.85523832,530849.912957689 5008016.86375896,530849.930022812 5008016.87237876,530849.947088128 5008016.88098139,530849.947096857 5008016.88098147,530849.955681461 5008016.8810635,530849.981517343 5008016.87287079,530849.998868343 5008016.85614025,530850.00754394 5008016.84776639,530850.0163147 5008016.83095388,530850.010307753 5008016.80697903,530850.010402916 5008016.79854038,530850.021016274 5008016.73751357,530849.968833931 5008016.69594458,530850.018362934 5008016.62607331,530849.964626089 5008016.53465696,530849.964617361 5008016.53465687,530849.912597564 5008016.5436479),(530855.990513853 5008016.60732805,530855.979532287 5008016.70302015,530855.99899011 5008016.78438923,530855.976878947 5008016.81711375,530855.97580225 5008016.85615935,530855.974380223 5008016.86815298,530855.973999183 5008016.90194198,530855.973904019 5008016.91038064,530855.982388902 5008016.91891846,530855.990873979 5008016.9274391,530856.007939101 5008016.93605891,530856.025004417 5008016.94466153,530856.025013146 5008016.94466162,530856.03359775 5008016.94474364,530856.059433632 5008016.93655093,530856.076784632 5008016.9198204,530856.085460229 5008016.91144654,530856.094230989 5008016.89463402,530856.088224042 5008016.87065918,530856.088319205 5008016.86222052,530856.098932563 5008016.80119371,530856.04675022 5008016.75962473,530856.096279224 5008016.68975346,530856.042542379 5008016.59833711,530856.04253365 5008016.59833702,530855.990513853 5008016.60732805),(530852.939173457 5008016.5684124,530852.928191891 5008016.66410451,530852.947649714 5008016.74547358,530852.925538552 5008016.7781981,530852.924461854 5008016.81724371,530852.923039827 5008016.82923733,530852.922658787 5008016.86302633,530852.922563624 5008016.87146499,530852.931048506 5008016.88000282,530852.939533583 5008016.88852346,530852.956598705 5008016.89714327,530852.973664022 5008016.90574589,530852.97367275 5008016.90574597,530852.982257354 5008016.905828,530853.008093237 5008016.89763529,530853.025444236 5008016.88090475,530853.034119833 5008016.87253089,530853.042890593 5008016.85571838,530853.036883646 5008016.83174353,530853.036978809 5008016.82330488,530853.047592167 5008016.76227807,530852.995409824 5008016.72070908,530853.044938828 5008016.65083781,530852.991201983 5008016.55942146,530852.991193254 5008016.55942138,530852.939173457 5008016.5684124),(530846.861257168 5008016.50473225,530846.850275602 5008016.60042436,530846.869733425 5008016.68179344,530846.847622262 5008016.71451796,530846.846545565 5008016.75356356,530846.845123538 5008016.76555719,530846.844742498 5008016.79934619,530846.844647334 5008016.80778484,530846.853132217 5008016.81632267,530846.861617294 5008016.82484331,530846.878682416 5008016.83346312,530846.895747732 5008016.84206574,530846.895756461 5008016.84206583,530846.904341065 5008016.84214785,530846.930176947 5008016.83395514,530846.947527947 5008016.81722461,530846.956203544 5008016.80885075,530846.964974304 5008016.79203823,530846.958967357 5008016.76806339,530846.95906252 5008016.75962473,530846.969675878 5008016.69859792,530846.917493535 5008016.65702894,530846.967022539 5008016.58715766,530846.913285694 5008016.49574131,530846.913276965 5008016.49574123,530846.861257168 5008016.50473225),(530839.723773982 5008016.43043875,530839.712792416 5008016.52613086,530839.732250239 5008016.60749993,530839.710139076 5008016.64022445,530839.709062379 5008016.67927005,530839.707640352 5008016.69126368,530839.707259311 5008016.72505268,530839.707164148 5008016.73349134,530839.715649031 5008016.74202917,530839.724134108 5008016.7505498,530839.74119923 5008016.75916961,530839.758264546 5008016.76777224,530839.758273275 5008016.76777232,530839.766857879 5008016.76785435,530839.792693761 5008016.75966164,530839.810044761 5008016.7429311,530839.818720358 5008016.73455724,530839.827491118 5008016.71774472,530839.821484171 5008016.69376988,530839.821579334 5008016.68533122,530839.832192692 5008016.62430442,530839.780010349 5008016.58273543,530839.829539353 5008016.51286416,530839.775802507 5008016.42144781,530839.775793779 5008016.42144772,530839.723773982 5008016.43043875),(530845.801690271 5008016.4941189,530845.790708705 5008016.589811,530845.810166528 5008016.67118008,530845.788055365 5008016.7039046,530845.786978668 5008016.7429502,530845.785556641 5008016.75494383,530845.785175601 5008016.78873283,530845.785080438 5008016.79717149,530845.79356532 5008016.80570931,530845.802050397 5008016.81422995,530845.819115519 5008016.82284976,530845.836180835 5008016.83145238,530845.836189564 5008016.83145247,530845.844774168 5008016.83153449,530845.870610051 5008016.82334178,530845.88796105 5008016.80661125,530845.896636647 5008016.79823739,530845.905407407 5008016.78142487,530845.89940046 5008016.75745003,530845.899495623 5008016.74901137,530845.910108981 5008016.68798456,530845.857926638 5008016.64641558,530845.907455642 5008016.57654431,530845.853718797 5008016.48512795,530845.853710068 5008016.48512787,530845.801690271 5008016.4941189),(530842.750349875 5008016.45520325,530842.739368309 5008016.55089536,530842.758826132 5008016.63226443,530842.73671497 5008016.66498895,530842.735638272 5008016.70403455,530842.734216245 5008016.71602818,530842.733835205 5008016.74981718,530842.733740042 5008016.75825584,530842.742224924 5008016.76679367,530842.750710001 5008016.7753143,530842.767775123 5008016.78393411,530842.78484044 5008016.79253674,530842.784849168 5008016.79253682,530842.793433772 5008016.79261885,530842.819269655 5008016.78442614,530842.836620654 5008016.7676956,530842.845296251 5008016.75932174,530842.854067011 5008016.74250923,530842.848060064 5008016.71853438,530842.848155227 5008016.71009573,530842.858768585 5008016.64906892,530842.806586242 5008016.60749993,530842.856115246 5008016.53762866,530842.802378401 5008016.44621231,530842.802369672 5008016.44621222,530842.750349875 5008016.45520325),(530829.5349504 5008016.28892731,530829.523968834 5008016.38461942,530829.543426657 5008016.4659885,530829.521315494 5008016.49871302,530829.520238797 5008016.53775862,530829.51881677 5008016.54975224,530829.51843573 5008016.58354125,530829.518340566 5008016.5919799,530829.526825449 5008016.60051773,530829.535310526 5008016.60903837,530829.552375648 5008016.61765818,530829.569440964 5008016.6262608,530829.569449693 5008016.62626088,530829.578034297 5008016.62634291,530829.603870179 5008016.6181502,530829.621221179 5008016.60141966,530829.629896776 5008016.5930458,530829.638667536 5008016.57623329,530829.632660589 5008016.55225844,530829.632755752 5008016.54381979,530829.64336911 5008016.48279298,530829.591186767 5008016.44122399,530829.640715771 5008016.37135272,530829.586978926 5008016.27993637,530829.586970197 5008016.27993629,530829.5349504 5008016.28892731),(530832.561526293 5008016.31369181,530832.550544727 5008016.40938392,530832.57000255 5008016.490753,530832.547891388 5008016.52347752,530832.54681469 5008016.56252312,530832.545392663 5008016.57451675,530832.545011623 5008016.60830575,530832.54491646 5008016.6167444,530832.553401342 5008016.62528223,530832.561886419 5008016.63380287,530832.578951541 5008016.64242268,530832.596016858 5008016.6510253,530832.596025586 5008016.65102538,530832.60461019 5008016.65110741,530832.630446073 5008016.6429147,530832.647797073 5008016.62618417,530832.656472669 5008016.61781031,530832.665243429 5008016.60099779,530832.659236482 5008016.57702294,530832.659331646 5008016.56858429,530832.669945003 5008016.50755748,530832.61776266 5008016.46598849,530832.667291664 5008016.39611722,530832.613554819 5008016.30470087,530832.61354609 5008016.30470079,530832.561526293 5008016.31369181),(530788.751353784 5008015.83609071,530788.740372218 5008015.93178281,530788.759830041 5008016.01315189,530788.737718878 5008016.04587641,530788.736642181 5008016.08492201,530788.735220154 5008016.09691564,530788.734839114 5008016.13070464,530788.734743951 5008016.1391433,530788.743228833 5008016.14768112,530788.75171391 5008016.15620176,530788.768779032 5008016.16482157,530788.785844348 5008016.17342419,530788.785853077 5008016.17342428,530788.794437681 5008016.1735063,530788.820273563 5008016.16531359,530788.837624563 5008016.14858306,530788.84630016 5008016.1402092,530788.85507092 5008016.12339668,530788.849063973 5008016.09942184,530788.849159136 5008016.09098318,530788.859772494 5008016.02995637,530788.807590151 5008015.98838739,530788.857119155 5008015.91851612,530788.80338231 5008015.82709977,530788.803373581 5008015.82709968,530788.751353784 5008015.83609071),(530794.829270073 5008015.89977085,530794.818288507 5008015.99546296,530794.83774633 5008016.07683204,530794.815635168 5008016.10955656,530794.81455847 5008016.14860216,530794.813136443 5008016.16059579,530794.812755403 5008016.19438479,530794.81266024 5008016.20282344,530794.821145122 5008016.21136127,530794.829630199 5008016.21988191,530794.846695321 5008016.22850172,530794.863760638 5008016.23710434,530794.863769366 5008016.23710443,530794.87235397 5008016.23718645,530794.898189853 5008016.22899374,530794.915540852 5008016.21226321,530794.924216449 5008016.20388935,530794.932987209 5008016.18707683,530794.926980262 5008016.16310199,530794.927075426 5008016.15466333,530794.937688783 5008016.09363652,530794.88550644 5008016.05206754,530794.935035444 5008015.98219626,530794.881298599 5008015.89077991,530794.88128987 5008015.89077983,530794.829270073 5008015.89977085),(530791.777929678 5008015.86085521,530791.766948111 5008015.95654731,530791.786405934 5008016.03791639,530791.764294772 5008016.07064091,530791.763218074 5008016.10968651,530791.761796047 5008016.12168014,530791.761415007 5008016.15546914,530791.761319844 5008016.1639078,530791.769804727 5008016.17244562,530791.778289803 5008016.18096626,530791.795354926 5008016.18958607,530791.812420242 5008016.1981887,530791.812428971 5008016.19818878,530791.821013575 5008016.1982708,530791.846849457 5008016.19007809,530791.864200457 5008016.17334756,530791.872876053 5008016.1649737,530791.881646813 5008016.14816118,530791.875639867 5008016.12418634,530791.87573503 5008016.11574768,530791.886348388 5008016.05472087,530791.834166045 5008016.01315189,530791.883695048 5008015.94328062,530791.829958203 5008015.85186427,530791.829949474 5008015.85186418,530791.777929678 5008015.86085521),(530785.700013388 5008015.79717506,530785.689031822 5008015.89286717,530785.708489645 5008015.97423624,530785.686378483 5008016.00696076,530785.685301785 5008016.04600637,530785.683879758 5008016.05799999,530785.683498718 5008016.09178899,530785.683403555 5008016.10022765,530785.691888437 5008016.10876548,530785.700373514 5008016.11728612,530785.717438636 5008016.12590593,530785.734503953 5008016.13450855,530785.734512681 5008016.13450863,530785.743097285 5008016.13459066,530785.768933168 5008016.12639795,530785.786284167 5008016.10966741,530785.794959764 5008016.10129355,530785.803730524 5008016.08448104,530785.797723577 5008016.06050619,530785.79781874 5008016.05206754,530785.808432098 5008015.99104073,530785.756249755 5008015.94947174,530785.805778759 5008015.87960047,530785.752041914 5008015.78818412,530785.752033185 5008015.78818404,530785.700013388 5008015.79717506),(530798.996781942 5008015.94929986,530798.985800375 5008016.04499196,530799.005258198 5008016.12636104,530798.983147036 5008016.15908556,530798.982070338 5008016.19813116,530798.980648312 5008016.21012479,530798.980267271 5008016.24391379,530798.980172108 5008016.25235245,530798.988656991 5008016.26089027,530798.997142067 5008016.26941091,530799.01420719 5008016.27803072,530799.031272506 5008016.28663335,530799.031281235 5008016.28663343,530799.039865839 5008016.28671545,530799.065701721 5008016.27852274,530799.083052721 5008016.26179221,530799.091728318 5008016.25341835,530799.100499077 5008016.23660583,530799.094492131 5008016.21263099,530799.094587294 5008016.20419233,530799.105200652 5008016.14316553,530799.053018309 5008016.10159654,530799.102547312 5008016.03172527,530799.048810467 5008015.94030892,530799.048801739 5008015.94030883,530798.996781942 5008015.94929986),(530805.074698231 5008016.01298,530805.063716665 5008016.10867211,530805.083174487 5008016.19004119,530805.061063325 5008016.22276571,530805.059986628 5008016.26181131,530805.058564601 5008016.27380494,530805.05818356 5008016.30759394,530805.058088397 5008016.3160326,530805.06657328 5008016.32457042,530805.075058357 5008016.33309106,530805.092123479 5008016.34171087,530805.109188795 5008016.35031349,530805.109197524 5008016.35031358,530805.117782128 5008016.3503956,530805.14361801 5008016.34220289,530805.16096901 5008016.32547236,530805.169644607 5008016.3170985,530805.178415367 5008016.30028598,530805.17240842 5008016.27631114,530805.172503583 5008016.26787248,530805.183116941 5008016.20684567,530805.130934598 5008016.16527669,530805.180463601 5008016.09540541,530805.126726756 5008016.00398906,530805.126718028 5008016.00398898,530805.074698231 5008016.01298),(530802.023357835 5008015.97406436,530802.012376269 5008016.06975647,530802.031834092 5008016.15112554,530802.009722929 5008016.18385006,530802.008646232 5008016.22289566,530802.007224205 5008016.23488929,530802.006843165 5008016.26867829,530802.006748001 5008016.27711695,530802.015232884 5008016.28565477,530802.023717961 5008016.29417541,530802.040783083 5008016.30279522,530802.057848399 5008016.31139785,530802.057857128 5008016.31139793,530802.066441732 5008016.31147995,530802.092277614 5008016.30328725,530802.109628614 5008016.28655671,530802.118304211 5008016.27818285,530802.127074971 5008016.26137033,530802.121068024 5008016.23739549,530802.121163187 5008016.22895683,530802.131776545 5008016.16793003,530802.079594202 5008016.12636104,530802.129123206 5008016.05648977,530802.075386361 5008015.96507342,530802.075377632 5008015.96507333,530802.023357835 5008015.97406436),(530795.945441546 5008015.91038421,530795.93445998 5008016.00607632,530795.953917802 5008016.0874454,530795.93180664 5008016.12016992,530795.930729943 5008016.15921552,530795.929307916 5008016.17120914,530795.928926875 5008016.20499814,530795.928831712 5008016.2134368,530795.937316595 5008016.22197463,530795.945801671 5008016.23049527,530795.962866794 5008016.23911508,530795.97993211 5008016.2477177,530795.979940839 5008016.24771778,530795.988525443 5008016.24779981,530796.014361325 5008016.2396071,530796.031712325 5008016.22287656,530796.040387922 5008016.2145027,530796.049158682 5008016.19769019,530796.043151735 5008016.17371534,530796.043246898 5008016.16527669,530796.053860256 5008016.10424988,530796.001677913 5008016.06268089,530796.051206916 5008015.99280962,530795.997470071 5008015.90139327,530795.997461343 5008015.90139319,530795.945441546 5008015.91038421),(530809.10069866 5008015.97760214,530809.089717094 5008016.07329425,530809.109174917 5008016.15466333,530809.087063755 5008016.18738785,530809.085987057 5008016.22643345,530809.08456503 5008016.23842708,530809.08418399 5008016.27221608,530809.084088827 5008016.28065474,530809.092573709 5008016.28919256,530809.101058786 5008016.2977132,530809.118123908 5008016.30633301,530809.135189225 5008016.31493563,530809.135197953 5008016.31493572,530809.143782557 5008016.31501774,530809.16961844 5008016.30682503,530809.186969439 5008016.2900945,530809.195645036 5008016.28172064,530809.204415796 5008016.26490812,530809.198408849 5008016.24093328,530809.198504013 5008016.23249462,530809.20911737 5008016.17146781,530809.156935027 5008016.12989883,530809.206464031 5008016.06002755,530809.152727186 5008015.9686112,530809.152718457 5008015.96861112,530809.10069866 5008015.97760214),(530815.17861495 5008016.04128229,530815.167633383 5008016.1369744,530815.187091206 5008016.21834348,530815.164980044 5008016.251068,530815.163903346 5008016.2901136,530815.16248132 5008016.30210723,530815.162100279 5008016.33589623,530815.162005116 5008016.34433488,530815.170489999 5008016.35287271,530815.178975075 5008016.36139335,530815.196040198 5008016.37001316,530815.213105514 5008016.37861578,530815.213114243 5008016.37861586,530815.221698847 5008016.37869789,530815.247534729 5008016.37050518,530815.264885729 5008016.35377465,530815.273561326 5008016.34540079,530815.282332085 5008016.32858827,530815.276325139 5008016.30461342,530815.276420302 5008016.29617477,530815.28703366 5008016.23514796,530815.234851317 5008016.19357897,530815.28438032 5008016.1237077,530815.230643475 5008016.03229135,530815.230634746 5008016.03229127,530815.17861495 5008016.04128229),(530812.127274554 5008016.00236665,530812.116292987 5008016.09805875,530812.13575081 5008016.17942783,530812.113639648 5008016.21215235,530812.11256295 5008016.25119795,530812.111140924 5008016.26319158,530812.110759883 5008016.29698058,530812.11066472 5008016.30541924,530812.119149603 5008016.31395706,530812.127634679 5008016.3224777,530812.144699802 5008016.33109751,530812.161765118 5008016.33970013,530812.161773847 5008016.33970022,530812.170358451 5008016.33978224,530812.196194333 5008016.33158953,530812.213545333 5008016.314859,530812.22222093 5008016.30648514,530812.23099169 5008016.28967262,530812.224984743 5008016.26569778,530812.225079906 5008016.25725912,530812.235693264 5008016.19623231,530812.183510921 5008016.15466333,530812.233039924 5008016.08479206,530812.179303079 5008015.9933757,530812.179294351 5008015.99337562,530812.127274554 5008016.00236665),(530806.049358265 5008015.9386865,530806.038376698 5008016.03437861,530806.057834521 5008016.11574768,530806.035723359 5008016.1484722,530806.034646661 5008016.1875178,530806.033224634 5008016.19951143,530806.032843594 5008016.23330043,530806.032748431 5008016.24173909,530806.041233314 5008016.25027692,530806.04971839 5008016.25879755,530806.066783513 5008016.26741736,530806.083848829 5008016.27601999,530806.083857558 5008016.27602007,530806.092442162 5008016.27610209,530806.118278044 5008016.26790939,530806.135629044 5008016.25117885,530806.14430464 5008016.24280499,530806.1530754 5008016.22599247,530806.147068454 5008016.20201763,530806.147163617 5008016.19357897,530806.157776975 5008016.13255217,530806.105594632 5008016.09098318,530806.155123635 5008016.02111191,530806.10138679 5008015.92969556,530806.101378061 5008015.92969547,530806.049358265 5008015.9386865),(530819.346126818 5008016.0908113,530819.335145252 5008016.1865034,530819.354603074 5008016.26787248,530819.332491912 5008016.300597,530819.331415215 5008016.3396426,530819.329993188 5008016.35163623,530819.329612147 5008016.38542523,530819.329516984 5008016.39386389,530819.338001867 5008016.40240171,530819.346486944 5008016.41092235,530819.363552066 5008016.41954216,530819.380617382 5008016.42814478,530819.380626111 5008016.42814487,530819.389210715 5008016.42822689,530819.415046597 5008016.42003418,530819.432397597 5008016.40330365,530819.441073194 5008016.39492979,530819.449843954 5008016.37811727,530819.443837007 5008016.35414243,530819.44393217 5008016.34570377,530819.454545528 5008016.28467696,530819.402363185 5008016.24310798,530819.451892189 5008016.17323671,530819.398155343 5008016.08182035,530819.398146615 5008016.08182027,530819.346126818 5008016.0908113),(530825.424043107 5008016.15449144,530825.413061541 5008016.25018355,530825.432519364 5008016.33155263,530825.410408201 5008016.36427715,530825.409331504 5008016.40332275,530825.407909477 5008016.41531638,530825.407528437 5008016.44910538,530825.407433274 5008016.45754403,530825.415918156 5008016.46608186,530825.424403233 5008016.4746025,530825.441468355 5008016.48322231,530825.458533671 5008016.49182493,530825.4585424 5008016.49182501,530825.467127004 5008016.49190704,530825.492962886 5008016.48371433,530825.510313886 5008016.4669838,530825.518989483 5008016.45860994,530825.527760243 5008016.44179742,530825.521753296 5008016.41782258,530825.521848459 5008016.40938392,530825.532461817 5008016.34835711,530825.480279474 5008016.30678813,530825.529808478 5008016.23691685,530825.476071633 5008016.1455005,530825.476062904 5008016.14550042,530825.424043107 5008016.15449144),(530822.372702711 5008016.1155758,530822.361721145 5008016.2112679,530822.381178968 5008016.29263698,530822.359067806 5008016.3253615,530822.357991108 5008016.3644071,530822.356569081 5008016.37640073,530822.356188041 5008016.41018973,530822.356092878 5008016.41862839,530822.36457776 5008016.42716621,530822.373062837 5008016.43568685,530822.390127959 5008016.44430666,530822.407193276 5008016.45290928,530822.407202004 5008016.45290937,530822.415786608 5008016.45299139,530822.441622491 5008016.44479868,530822.45897349 5008016.42806815,530822.467649087 5008016.41969429,530822.476419847 5008016.40288177,530822.4704129 5008016.37890693,530822.470508063 5008016.37046827,530822.481121421 5008016.30944146,530822.428939078 5008016.26787248,530822.478468082 5008016.19800121,530822.424731237 5008016.10658486,530822.424722508 5008016.10658477,530822.372702711 5008016.1155758),(530816.294786422 5008016.05189565,530816.283804856 5008016.14758776,530816.303262679 5008016.22895683,530816.281151516 5008016.26168135,530816.280074819 5008016.30072695,530816.278652792 5008016.31272058,530816.278271752 5008016.34650958,530816.278176588 5008016.35494824,530816.286661471 5008016.36348607,530816.295146548 5008016.37200671,530816.31221167 5008016.38062651,530816.329276986 5008016.38922914,530816.329285715 5008016.38922922,530816.337870319 5008016.38931125,530816.363706201 5008016.38111854,530816.381057201 5008016.364388,530816.389732798 5008016.35601414,530816.398503558 5008016.33920163,530816.392496611 5008016.31522678,530816.392591774 5008016.30678813,530816.403205132 5008016.24576132,530816.351022789 5008016.20419233,530816.400551793 5008016.13432106,530816.346814948 5008016.04290471,530816.346806219 5008016.04290462,530816.294786422 5008016.05189565),(530835.58987108 5008016.3419941,530835.578889514 5008016.43768621,530835.598347337 5008016.51905528,530835.576236175 5008016.5517798,530835.575159477 5008016.5908254,530835.57373745 5008016.60281903,530835.57335641 5008016.63660803,530835.573261247 5008016.64504669,530835.581746129 5008016.65358452,530835.590231206 5008016.66210516,530835.607296328 5008016.67072496,530835.624361645 5008016.67932759,530835.624370373 5008016.67932767,530835.632954977 5008016.6794097,530835.65879086 5008016.67121699,530835.676141859 5008016.65448645,530835.684817456 5008016.64611259,530835.693588216 5008016.62930008,530835.687581269 5008016.60532523,530835.687676433 5008016.59688658,530835.69828979 5008016.53585977,530835.646107447 5008016.49429078,530835.695636451 5008016.42441951,530835.641899606 5008016.33300316,530835.641890877 5008016.33300307,530835.58987108 5008016.3419941),(530836.693660302 5008016.3419941,530836.682678735 5008016.43768621,530836.702136558 5008016.51905528,530836.680025396 5008016.5517798,530836.678948698 5008016.5908254,530836.677526672 5008016.60281903,530836.677145631 5008016.63660803,530836.677050468 5008016.64504669,530836.685535351 5008016.65358452,530836.694020427 5008016.66210516,530836.71108555 5008016.67072496,530836.728150866 5008016.67932759,530836.728159595 5008016.67932767,530836.736744199 5008016.6794097,530836.762580081 5008016.67121699,530836.779931081 5008016.65448645,530836.788606678 5008016.64611259,530836.797377438 5008016.62930008,530836.791370491 5008016.60532523,530836.791465654 5008016.59688658,530836.802079012 5008016.53585977,530836.749896669 5008016.49429078,530836.799425672 5008016.42441951,530836.745688827 5008016.33300316,530836.745680099 5008016.33300307,530836.693660302 5008016.3419941),(530826.476534432 5008016.20048266,530826.465552866 5008016.29617477,530826.485010689 5008016.37754385,530826.462899526 5008016.41026837,530826.461822829 5008016.44931397,530826.460400802 5008016.46130759,530826.460019762 5008016.4950966,530826.459924598 5008016.50353525,530826.468409481 5008016.51207308,530826.476894558 5008016.52059372,530826.49395968 5008016.52921353,530826.511024996 5008016.53781615,530826.511033725 5008016.53781623,530826.519618329 5008016.53789826,530826.545454211 5008016.52970555,530826.562805211 5008016.51297501,530826.571480808 5008016.50460115,530826.580251568 5008016.48778864,530826.574244621 5008016.46381379,530826.574339784 5008016.45537514,530826.584953142 5008016.39434833,530826.532770799 5008016.35277934,530826.582299803 5008016.28290807,530826.528562958 5008016.19149172,530826.528554229 5008016.19149164,530826.476534432 5008016.20048266),(530867.44039792 5008008.12580117,530867.429416354 5008008.22149328,530867.448874177 5008008.30286235,530867.426763015 5008008.33558687,530867.425686317 5008008.37463247,530867.42426429 5008008.3866261,530867.42388325 5008008.4204151,530867.423788087 5008008.42885376,530867.43227297 5008008.43739159,530867.440758046 5008008.44591223,530867.457823168 5008008.45453203,530867.474888485 5008008.46313466,530867.474897214 5008008.46313474,530867.483481818 5008008.46321677,530867.5093177 5008008.45502406,530867.5266687 5008008.43829352,530867.535344296 5008008.42991966,530867.544115056 5008008.41310715,530867.538108109 5008008.3891323,530867.538203273 5008008.38069365,530867.548816631 5008008.31966684,530867.496634288 5008008.27809785,530867.546163291 5008008.20822658,530867.492426446 5008008.11681023,530867.492417717 5008008.11681014,530867.44039792 5008008.12580117),(530873.51831421 5008008.18948132,530873.507332643 5008008.28517342,530873.526790466 5008008.3665425,530873.504679304 5008008.39926702,530873.503602606 5008008.43831262,530873.50218058 5008008.45030625,530873.501799539 5008008.48409525,530873.501704376 5008008.49253391,530873.510189259 5008008.50107173,530873.518674335 5008008.50959237,530873.535739458 5008008.51821218,530873.552804774 5008008.5268148,530873.552813503 5008008.52681489,530873.561398107 5008008.52689691,530873.587233989 5008008.5187042,530873.604584989 5008008.50197367,530873.613260586 5008008.49359981,530873.622031345 5008008.47678729,530873.616024399 5008008.45281245,530873.616119562 5008008.44437379,530873.62673292 5008008.38334698,530873.574550577 5008008.341778,530873.62407958 5008008.27190673,530873.570342735 5008008.18049038,530873.570334007 5008008.18049029,530873.51831421 5008008.18948132),(530870.466973814 5008008.15056567,530870.455992248 5008008.24625778,530870.47545007 5008008.32762685,530870.453338908 5008008.36035137,530870.452262211 5008008.39939698,530870.450840184 5008008.4113906,530870.450459143 5008008.4451796,530870.45036398 5008008.45361826,530870.458848863 5008008.46215609,530870.46733394 5008008.47067673,530870.484399062 5008008.47929654,530870.501464378 5008008.48789916,530870.501473107 5008008.48789924,530870.510057711 5008008.48798127,530870.535893593 5008008.47978856,530870.553244593 5008008.46305802,530870.56192019 5008008.45468416,530870.57069095 5008008.43787165,530870.564684003 5008008.4138968,530870.564779166 5008008.40545815,530870.575392524 5008008.34443134,530870.523210181 5008008.30286235,530870.572739184 5008008.23299108,530870.519002339 5008008.14157473,530870.518993611 5008008.14157465,530870.466973814 5008008.15056567),(530864.389057525 5008008.08688552,530864.378075958 5008008.18257763,530864.397533781 5008008.26394671,530864.375422619 5008008.29667123,530864.374345921 5008008.33571683,530864.372923895 5008008.34771046,530864.372542854 5008008.38149946,530864.372447691 5008008.38993811,530864.380932574 5008008.39847594,530864.38941765 5008008.40699658,530864.406482773 5008008.41561639,530864.423548089 5008008.42421901,530864.423556818 5008008.4242191,530864.432141422 5008008.42430112,530864.457977304 5008008.41610841,530864.475328304 5008008.39937788,530864.484003901 5008008.39100402,530864.49277466 5008008.3741915,530864.486767714 5008008.35021666,530864.486862877 5008008.341778,530864.497476235 5008008.28075119,530864.445293892 5008008.23918221,530864.494822895 5008008.16931093,530864.44108605 5008008.07789458,530864.441077322 5008008.0778945,530864.389057525 5008008.08688552),(530857.194969763 5008008.18240574,530857.183988197 5008008.27809785,530857.20344602 5008008.35946693,530857.181334857 5008008.39219145,530857.18025816 5008008.43123705,530857.178836133 5008008.44323068,530857.178455093 5008008.47701968,530857.178359929 5008008.48545834,530857.186844812 5008008.49399616,530857.195329889 5008008.5025168,530857.212395011 5008008.51113661,530857.229460327 5008008.51973923,530857.229469056 5008008.51973932,530857.23805366 5008008.51982134,530857.263889542 5008008.51162863,530857.281240542 5008008.4948981,530857.289916139 5008008.48652424,530857.298686899 5008008.46971172,530857.292679952 5008008.44573688,530857.292775115 5008008.43729822,530857.303388473 5008008.37627141,530857.25120613 5008008.33470243,530857.300735134 5008008.26483115,530857.246998289 5008008.1734148,530857.24698956 5008008.17341472,530857.194969763 5008008.18240574),(530863.272886052 5008008.24608589,530863.261904486 5008008.341778,530863.281362309 5008008.42314708,530863.259251147 5008008.4558716,530863.258174449 5008008.4949172,530863.256752422 5008008.50691083,530863.256371382 5008008.54069983,530863.256276219 5008008.54913848,530863.264761101 5008008.55767631,530863.273246178 5008008.56619695,530863.2903113 5008008.57481676,530863.307376617 5008008.58341938,530863.307385345 5008008.58341946,530863.315969949 5008008.58350149,530863.341805832 5008008.57530878,530863.359156831 5008008.55857825,530863.367832428 5008008.55020439,530863.376603188 5008008.53339187,530863.370596241 5008008.50941702,530863.370691404 5008008.50097837,530863.381304762 5008008.43995156,530863.329122419 5008008.39838257,530863.378651423 5008008.3285113,530863.324914578 5008008.23709495,530863.324905849 5008008.23709487,530863.272886052 5008008.24608589),(530860.221545656 5008008.20717025,530860.21056409 5008008.30286235,530860.230021913 5008008.38423143,530860.207910751 5008008.41695595,530860.206834053 5008008.45600155,530860.205412026 5008008.46799518,530860.205030986 5008008.50178418,530860.204935823 5008008.51022284,530860.213420706 5008008.51876066,530860.221905782 5008008.5272813,530860.238970904 5008008.53590111,530860.256036221 5008008.54450373,530860.25604495 5008008.54450382,530860.264629554 5008008.54458584,530860.290465436 5008008.53639313,530860.307816436 5008008.5196626,530860.316492032 5008008.51128874,530860.325262792 5008008.49447622,530860.319255846 5008008.47050138,530860.319351009 5008008.46206272,530860.329964367 5008008.40103591,530860.277782024 5008008.35946693,530860.327311027 5008008.28959566,530860.273574182 5008008.1981793,530860.273565453 5008008.19817922,530860.221545656 5008008.20717025),(530854.143629367 5008008.1434901,530854.132647801 5008008.23918221,530854.152105624 5008008.32055128,530854.129994462 5008008.3532758,530854.128917764 5008008.3923214,530854.127495737 5008008.40431503,530854.127114697 5008008.43810403,530854.127019534 5008008.44654269,530854.135504416 5008008.45508052,530854.143989493 5008008.46360115,530854.161054615 5008008.47222096,530854.178119932 5008008.48082359,530854.17812866 5008008.48082367,530854.186713264 5008008.48090569,530854.212549147 5008008.47271299,530854.229900146 5008008.45598245,530854.238575743 5008008.44760859,530854.247346503 5008008.43079607,530854.241339556 5008008.40682123,530854.241434719 5008008.39838257,530854.252048077 5008008.33735577,530854.199865734 5008008.29578678,530854.249394738 5008008.22591551,530854.195657893 5008008.13449916,530854.195649164 5008008.13449907,530854.143629367 5008008.1434901),(530847.006146181 5008008.06919659,530846.995164615 5008008.1648887,530847.014622438 5008008.24625778,530846.992511275 5008008.2789823,530846.991434578 5008008.3180279,530846.990012551 5008008.33002153,530846.989631511 5008008.36381053,530846.989536348 5008008.37224919,530846.99802123 5008008.38078701,530847.006506307 5008008.38930765,530847.023571429 5008008.39792746,530847.040636746 5008008.40653008,530847.040645474 5008008.40653017,530847.049230078 5008008.40661219,530847.075065961 5008008.39841948,530847.09241696 5008008.38168895,530847.101092557 5008008.37331509,530847.109863317 5008008.35650257,530847.10385637 5008008.33252773,530847.103951533 5008008.32408907,530847.114564891 5008008.26306226,530847.062382548 5008008.22149328,530847.111911552 5008008.151622,530847.058174707 5008008.06020565,530847.058165978 5008008.06020557,530847.006146181 5008008.06919659),(530853.08406247 5008008.13287674,530853.073080904 5008008.22856885,530853.092538727 5008008.30993793,530853.070427565 5008008.34266245,530853.069350867 5008008.38170805,530853.06792884 5008008.39370167,530853.0675478 5008008.42749067,530853.067452637 5008008.43592933,530853.075937519 5008008.44446716,530853.084422596 5008008.4529878,530853.101487718 5008008.46160761,530853.118553035 5008008.47021023,530853.118561763 5008008.47021031,530853.127146367 5008008.47029234,530853.15298225 5008008.46209963,530853.170333249 5008008.44536909,530853.179008846 5008008.43699523,530853.187779606 5008008.42018272,530853.181772659 5008008.39620787,530853.181867823 5008008.38776922,530853.19248118 5008008.32674241,530853.140298837 5008008.28517342,530853.189827841 5008008.21530215,530853.136090996 5008008.1238858,530853.136082267 5008008.12388572,530853.08406247 5008008.13287674),(530850.032722075 5008008.09396109,530850.021740508 5008008.1896532,530850.041198331 5008008.27102228,530850.019087169 5008008.3037468,530850.018010471 5008008.3427924,530850.016588444 5008008.35478603,530850.016207404 5008008.38857503,530850.016112241 5008008.39701369,530850.024597124 5008008.40555151,530850.0330822 5008008.41407215,530850.050147323 5008008.42269196,530850.067212639 5008008.43129458,530850.067221368 5008008.43129467,530850.075805972 5008008.43137669,530850.101641854 5008008.42318398,530850.118992854 5008008.40645345,530850.12766845 5008008.39807959,530850.13643921 5008008.38126707,530850.130432264 5008008.35729223,530850.130527427 5008008.34885357,530850.141140785 5008008.28782676,530850.088958442 5008008.24625778,530850.138487445 5008008.1763865,530850.0847506 5008008.08497015,530850.084741871 5008008.08497007,530850.032722075 5008008.09396109),(530836.817322599 5008007.92768516,530836.806341033 5008008.02337726,530836.825798856 5008008.10474634,530836.803687694 5008008.13747086,530836.802610996 5008008.17651646,530836.801188969 5008008.18851009,530836.800807929 5008008.22229909,530836.800712766 5008008.23073775,530836.809197648 5008008.23927557,530836.817682725 5008008.24779621,530836.834747847 5008008.25641602,530836.851813164 5008008.26501864,530836.851821892 5008008.26501873,530836.860406496 5008008.26510075,530836.886242379 5008008.25690804,530836.903593378 5008008.24017751,530836.912268975 5008008.23180365,530836.921039735 5008008.21499113,530836.915032788 5008008.19101629,530836.915127951 5008008.18257763,530836.925741309 5008008.12155082,530836.873558966 5008008.07998184,530836.92308797 5008008.01011057,530836.869351125 5008007.91869422,530836.869342396 5008007.91869413,530836.817322599 5008007.92768516),(530839.843898493 5008007.95244966,530839.832916926 5008008.04814176,530839.852374749 5008008.12951084,530839.830263587 5008008.16223536,530839.829186889 5008008.20128096,530839.827764863 5008008.21327459,530839.827383822 5008008.24706359,530839.827288659 5008008.25550225,530839.835773542 5008008.26404007,530839.844258618 5008008.27256071,530839.861323741 5008008.28118052,530839.878389057 5008008.28978315,530839.878397786 5008008.28978323,530839.88698239 5008008.28986525,530839.912818272 5008008.28167254,530839.930169272 5008008.26494201,530839.938844869 5008008.25656815,530839.947615628 5008008.23975563,530839.941608682 5008008.21578079,530839.941703845 5008008.20734213,530839.952317203 5008008.14631533,530839.90013486 5008008.10474634,530839.949663863 5008008.03487507,530839.895927018 5008007.94345872,530839.89591829 5008007.94345863,530839.843898493 5008007.95244966),(530796.033725983 5008007.47484855,530796.022744417 5008007.57054066,530796.04220224 5008007.65190974,530796.020091078 5008007.68463426,530796.01901438 5008007.72367986,530796.017592353 5008007.73567349,530796.017211313 5008007.76946249,530796.01711615 5008007.77790114,530796.025601032 5008007.78643897,530796.034086109 5008007.79495961,530796.051151231 5008007.80357942,530796.068216548 5008007.81218204,530796.068225276 5008007.81218212,530796.07680988 5008007.81226415,530796.102645763 5008007.80407144,530796.119996762 5008007.78734091,530796.128672359 5008007.77896705,530796.137443119 5008007.76215453,530796.131436172 5008007.73817968,530796.131531336 5008007.72974103,530796.142144693 5008007.66871422,530796.08996235 5008007.62714523,530796.139491354 5008007.55727396,530796.085754509 5008007.46585761,530796.08574578 5008007.46585753,530796.033725983 5008007.47484855),(530802.111642273 5008007.5385287,530802.100660706 5008007.63422081,530802.120118529 5008007.71558988,530802.098007367 5008007.7483144,530802.096930669 5008007.78736,530802.095508642 5008007.79935363,530802.095127602 5008007.83314263,530802.095032439 5008007.84158129,530802.103517322 5008007.85011912,530802.112002398 5008007.85863975,530802.129067521 5008007.86725956,530802.146132837 5008007.87586219,530802.146141566 5008007.87586227,530802.15472617 5008007.87594429,530802.180562052 5008007.86775159,530802.197913052 5008007.85102105,530802.206588648 5008007.84264719,530802.215359408 5008007.82583467,530802.209352462 5008007.80185983,530802.209447625 5008007.79342117,530802.220060983 5008007.73239437,530802.16787864 5008007.69082538,530802.217407643 5008007.62095411,530802.163670798 5008007.52953776,530802.163662069 5008007.52953767,530802.111642273 5008007.5385287),(530799.060301877 5008007.49961305,530799.04932031 5008007.59530516,530799.068778133 5008007.67667424,530799.046666971 5008007.70939876,530799.045590273 5008007.74844436,530799.044168247 5008007.76043799,530799.043787206 5008007.79422699,530799.043692043 5008007.80266564,530799.052176926 5008007.81120347,530799.060662002 5008007.81972411,530799.077727125 5008007.82834392,530799.094792441 5008007.83694654,530799.09480117 5008007.83694662,530799.103385774 5008007.83702865,530799.129221656 5008007.82883594,530799.146572656 5008007.81210541,530799.155248253 5008007.80373155,530799.164019013 5008007.78691903,530799.158012066 5008007.76294419,530799.158107229 5008007.75450553,530799.168720587 5008007.69347872,530799.116538244 5008007.65190974,530799.166067247 5008007.58203846,530799.112330402 5008007.49062211,530799.112321674 5008007.49062203,530799.060301877 5008007.49961305),(530792.982385588 5008007.43593291,530792.971404021 5008007.53162501,530792.990861844 5008007.61299409,530792.968750682 5008007.64571861,530792.967673984 5008007.68476421,530792.966251957 5008007.69675784,530792.965870917 5008007.73054684,530792.965775754 5008007.7389855,530792.974260637 5008007.74752332,530792.982745713 5008007.75604396,530792.999810836 5008007.76466377,530793.016876152 5008007.77326639,530793.016884881 5008007.77326648,530793.025469485 5008007.7733485,530793.051305367 5008007.76515579,530793.068656367 5008007.74842526,530793.077331963 5008007.7400514,530793.086102723 5008007.72323888,530793.080095777 5008007.69926404,530793.08019094 5008007.69082538,530793.090804298 5008007.62979857,530793.038621955 5008007.58822959,530793.088150958 5008007.51835832,530793.034414113 5008007.42694196,530793.034405384 5008007.42694188,530792.982385588 5008007.43593291),(530806.279154141 5008007.5880577,530806.268172575 5008007.68374981,530806.287630397 5008007.76511889,530806.265519235 5008007.79784341,530806.264442538 5008007.83688901,530806.263020511 5008007.84888264,530806.26263947 5008007.88267164,530806.262544307 5008007.89111029,530806.27102919 5008007.89964812,530806.279514267 5008007.90816876,530806.296579389 5008007.91678857,530806.313644705 5008007.92539119,530806.313653434 5008007.92539127,530806.322238038 5008007.9254733,530806.34807392 5008007.91728059,530806.36542492 5008007.90055006,530806.374100517 5008007.8921762,530806.382871277 5008007.87536368,530806.37686433 5008007.85138884,530806.376959493 5008007.84295018,530806.387572851 5008007.78192337,530806.335390508 5008007.74035439,530806.384919512 5008007.67048311,530806.331182666 5008007.57906676,530806.331173938 5008007.57906668,530806.279154141 5008007.5880577),(530812.35707043 5008007.65173785,530812.346088864 5008007.74742996,530812.365546687 5008007.82879903,530812.343435524 5008007.86152355,530812.342358827 5008007.90056915,530812.3409368 5008007.91256278,530812.34055576 5008007.94635178,530812.340460596 5008007.95479044,530812.348945479 5008007.96332827,530812.357430556 5008007.97184891,530812.374495678 5008007.98046871,530812.391560994 5008007.98907134,530812.391569723 5008007.98907142,530812.400154327 5008007.98915345,530812.425990209 5008007.98096074,530812.443341209 5008007.9642302,530812.452016806 5008007.95585634,530812.460787566 5008007.93904383,530812.454780619 5008007.91506898,530812.454875782 5008007.90663033,530812.46548914 5008007.84560352,530812.413306797 5008007.80403453,530812.462835801 5008007.73416326,530812.409098956 5008007.64274691,530812.409090227 5008007.64274682,530812.35707043 5008007.65173785),(530809.305730034 5008007.6128222,530809.294748468 5008007.70851431,530809.314206291 5008007.78988339,530809.292095129 5008007.82260791,530809.291018431 5008007.86165351,530809.289596404 5008007.87364714,530809.289215364 5008007.90743614,530809.289120201 5008007.91587479,530809.297605083 5008007.92441262,530809.30609016 5008007.93293326,530809.323155282 5008007.94155307,530809.340220599 5008007.95015569,530809.340229327 5008007.95015578,530809.348813931 5008007.9502378,530809.374649814 5008007.94204509,530809.392000813 5008007.92531456,530809.40067641 5008007.9169407,530809.40944717 5008007.90012818,530809.403440223 5008007.87615334,530809.403535386 5008007.86771468,530809.414148744 5008007.80668787,530809.361966401 5008007.76511889,530809.411495405 5008007.69524761,530809.35775856 5008007.60383126,530809.357749831 5008007.60383118,530809.305730034 5008007.6128222),(530803.227813745 5008007.54914206,530803.216832179 5008007.64483416,530803.236290002 5008007.72620324,530803.214178839 5008007.75892776,530803.213102142 5008007.79797336,530803.211680115 5008007.80996699,530803.211299075 5008007.84375599,530803.211203911 5008007.85219465,530803.219688794 5008007.86073247,530803.228173871 5008007.86925311,530803.245238993 5008007.87787292,530803.262304309 5008007.88647554,530803.262313038 5008007.88647563,530803.270897642 5008007.88655765,530803.296733524 5008007.87836494,530803.314084524 5008007.86163441,530803.322760121 5008007.85326055,530803.331530881 5008007.83644803,530803.325523934 5008007.81247319,530803.325619097 5008007.80403453,530803.336232455 5008007.74300772,530803.284050112 5008007.70143874,530803.333579116 5008007.63156747,530803.279842271 5008007.54015112,530803.279833542 5008007.54015103,530803.227813745 5008007.54914206),(530816.38307086 5008007.61635999,530816.372089293 5008007.7120521,530816.391547116 5008007.79342117,530816.369435954 5008007.82614569,530816.368359256 5008007.8651913,530816.36693723 5008007.87718492,530816.366556189 5008007.91097392,530816.366461026 5008007.91941258,530816.374945909 5008007.92795041,530816.383430985 5008007.93647105,530816.400496108 5008007.94509086,530816.417561424 5008007.95369348,530816.417570153 5008007.95369356,530816.426154757 5008007.95377559,530816.451990639 5008007.94558288,530816.469341639 5008007.92885234,530816.478017236 5008007.92047848,530816.486787995 5008007.90366597,530816.480781049 5008007.87969112,530816.480876212 5008007.87125247,530816.49148957 5008007.81022566,530816.439307227 5008007.76865667,530816.48883623 5008007.6987854,530816.435099385 5008007.60736905,530816.435090657 5008007.60736897,530816.38307086 5008007.61635999),(530822.460987149 5008007.68004014,530822.450005583 5008007.77573224,530822.469463405 5008007.85710132,530822.447352243 5008007.88982584,530822.446275546 5008007.92887144,530822.444853519 5008007.94086507,530822.444472478 5008007.97465407,530822.444377315 5008007.98309273,530822.452862198 5008007.99163055,530822.461347274 5008008.00015119,530822.478412397 5008008.008771,530822.495477713 5008008.01737363,530822.495486442 5008008.01737371,530822.504071046 5008008.01745573,530822.529906928 5008008.00926302,530822.547257928 5008007.99253249,530822.555933525 5008007.98415863,530822.564704285 5008007.96734611,530822.558697338 5008007.94337127,530822.558792501 5008007.93493261,530822.569405859 5008007.8739058,530822.517223516 5008007.83233682,530822.566752519 5008007.76246555,530822.513015674 5008007.6710492,530822.513006946 5008007.67104911,530822.460987149 5008007.68004014),(530819.409646753 5008007.64112449,530819.398665187 5008007.7368166,530819.41812301 5008007.81818567,530819.396011847 5008007.8509102,530819.39493515 5008007.8899558,530819.393513123 5008007.90194942,530819.393132083 5008007.93573842,530819.393036919 5008007.94417708,530819.401521802 5008007.95271491,530819.410006879 5008007.96123555,530819.427072001 5008007.96985536,530819.444137317 5008007.97845798,530819.444146046 5008007.97845806,530819.45273065 5008007.97854009,530819.478566532 5008007.97034738,530819.495917532 5008007.95361684,530819.504593129 5008007.94524298,530819.513363889 5008007.92843047,530819.507356942 5008007.90445562,530819.507452105 5008007.89601697,530819.518065463 5008007.83499016,530819.46588312 5008007.79342117,530819.515412124 5008007.7235499,530819.461675278 5008007.63213355,530819.46166655 5008007.63213347,530819.409646753 5008007.64112449),(530813.331730464 5008007.57744434,530813.320748898 5008007.67313645,530813.34020672 5008007.75450553,530813.318095558 5008007.78723005,530813.31701886 5008007.82627565,530813.315596834 5008007.83826928,530813.315215793 5008007.87205828,530813.31512063 5008007.88049693,530813.323605513 5008007.88903476,530813.332090589 5008007.8975554,530813.349155712 5008007.90617521,530813.366221028 5008007.91477783,530813.366229757 5008007.91477792,530813.374814361 5008007.91485994,530813.400650243 5008007.90666723,530813.418001243 5008007.8899367,530813.42667684 5008007.88156284,530813.4354476 5008007.86475032,530813.429440653 5008007.84077548,530813.429535816 5008007.83233682,530813.440149174 5008007.77131001,530813.387966831 5008007.72974103,530813.437495834 5008007.65986975,530813.383758989 5008007.5684534,530813.383750261 5008007.56845332,530813.331730464 5008007.57744434),(530826.628499017 5008007.72956914,530826.617517451 5008007.82526125,530826.636975274 5008007.90663033,530826.614864111 5008007.93935485,530826.613787414 5008007.97840045,530826.612365387 5008007.99039407,530826.611984347 5008008.02418307,530826.611889184 5008008.03262173,530826.620374066 5008008.04115956,530826.628859143 5008008.0496802,530826.645924265 5008008.05830001,530826.662989581 5008008.06690263,530826.66299831 5008008.06690271,530826.671582914 5008008.06698474,530826.697418796 5008008.05879203,530826.714769796 5008008.04206149,530826.723445393 5008008.03368763,530826.732216153 5008008.01687512,530826.726209206 5008007.99290027,530826.726304369 5008007.98446162,530826.736917727 5008007.92343481,530826.684735384 5008007.88186582,530826.734264388 5008007.81199455,530826.680527543 5008007.7205782,530826.680518814 5008007.72057812,530826.628499017 5008007.72956914),(530832.706415306 5008007.79324929,530832.69543374 5008007.8889414,530832.714891563 5008007.97031047,530832.692780401 5008008.00303499,530832.691703703 5008008.04208059,530832.690281676 5008008.05407422,530832.689900636 5008008.08786322,530832.689805473 5008008.09630188,530832.698290355 5008008.1048397,530832.706775432 5008008.11336034,530832.723840554 5008008.12198015,530832.740905871 5008008.13058278,530832.740914599 5008008.13058286,530832.749499203 5008008.13066488,530832.775335086 5008008.12247218,530832.792686085 5008008.10574164,530832.801361682 5008008.09736778,530832.810132442 5008008.08055526,530832.804125495 5008008.05658042,530832.804220658 5008008.04814176,530832.814834016 5008007.98711496,530832.762651673 5008007.94554597,530832.812180677 5008007.8756747,530832.758443832 5008007.78425835,530832.758435103 5008007.78425826,530832.706415306 5008007.79324929),(530829.65507491 5008007.75433364,530829.644093344 5008007.85002575,530829.663551167 5008007.93139483,530829.641440005 5008007.96411935,530829.640363307 5008008.00316495,530829.63894128 5008008.01515858,530829.63856024 5008008.04894758,530829.638465077 5008008.05738623,530829.64694996 5008008.06592406,530829.655435036 5008008.0744447,530829.672500159 5008008.08306451,530829.689565475 5008008.09166713,530829.689574204 5008008.09166721,530829.698158808 5008008.09174924,530829.72399469 5008008.08355653,530829.74134569 5008008.066826,530829.750021286 5008008.05845213,530829.758792046 5008008.04163962,530829.7527851 5008008.01766477,530829.752880263 5008008.00922612,530829.763493621 5008007.94819931,530829.711311278 5008007.90663032,530829.760840281 5008007.83675905,530829.707103436 5008007.7453427,530829.707094707 5008007.74534262,530829.65507491 5008007.75433364),(530823.577158621 5008007.69065349,530823.566177055 5008007.7863456,530823.585634878 5008007.86771468,530823.563523716 5008007.9004392,530823.562447018 5008007.9394848,530823.561024991 5008007.95147843,530823.560643951 5008007.98526743,530823.560548788 5008007.99370609,530823.56903367 5008008.00224391,530823.577518747 5008008.01076455,530823.594583869 5008008.01938436,530823.611649186 5008008.02798698,530823.611657914 5008008.02798707,530823.620242518 5008008.02806909,530823.646078401 5008008.01987638,530823.6634294 5008008.00314585,530823.672104997 5008007.99477199,530823.680875757 5008007.97795947,530823.67486881 5008007.95398463,530823.674963973 5008007.94554597,530823.685577331 5008007.88451916,530823.633394988 5008007.84295018,530823.682923992 5008007.7730789,530823.629187147 5008007.68166255,530823.629178418 5008007.68166247,530823.577158621 5008007.69065349),(530842.87224328 5008007.98075194,530842.861261713 5008008.07644405,530842.880719536 5008008.15781313,530842.858608374 5008008.19053765,530842.857531676 5008008.22958325,530842.85610965 5008008.24157688,530842.855728609 5008008.27536588,530842.855633446 5008008.28380454,530842.864118329 5008008.29234236,530842.872603405 5008008.300863,530842.889668528 5008008.30948281,530842.906733844 5008008.31808543,530842.906742573 5008008.31808552,530842.915327177 5008008.31816754,530842.941163059 5008008.30997483,530842.958514059 5008008.2932443,530842.967189656 5008008.28487044,530842.975960415 5008008.26805792,530842.969953469 5008008.24408308,530842.970048632 5008008.23564442,530842.98066199 5008008.17461761,530842.928479647 5008008.13304863,530842.97800865 5008008.06317735,530842.924271805 5008007.971761,530842.924263077 5008007.97176092,530842.87224328 5008007.98075194),(530843.976032501 5008007.98075194,530843.965050935 5008008.07644405,530843.984508758 5008008.15781313,530843.962397595 5008008.19053765,530843.961320898 5008008.22958325,530843.959898871 5008008.24157688,530843.959517831 5008008.27536588,530843.959422667 5008008.28380454,530843.96790755 5008008.29234236,530843.976392627 5008008.300863,530843.993457749 5008008.30948281,530844.010523065 5008008.31808543,530844.010531794 5008008.31808552,530844.019116398 5008008.31816754,530844.04495228 5008008.30997483,530844.06230328 5008008.2932443,530844.070978877 5008008.28487044,530844.079749637 5008008.26805792,530844.07374269 5008008.24408308,530844.073837853 5008008.23564442,530844.084451211 5008008.17461761,530844.032268868 5008008.13304863,530844.081797872 5008008.06317735,530844.028061026 5008007.971761,530844.028052298 5008007.97176092,530843.976032501 5008007.98075194),(530833.758906631 5008007.83924051,530833.747925065 5008007.93493261,530833.767382888 5008008.01630169,530833.745271726 5008008.04902621,530833.744195028 5008008.08807181,530833.742773001 5008008.10006544,530833.742391961 5008008.13385444,530833.742296798 5008008.1422931,530833.75078168 5008008.15083092,530833.759266757 5008008.15935156,530833.776331879 5008008.16797137,530833.793397196 5008008.17657399,530833.793405924 5008008.17657408,530833.801990528 5008008.1766561,530833.827826411 5008008.16846339,530833.84517741 5008008.15173286,530833.853853007 5008008.143359,530833.862623767 5008008.12654648,530833.85661682 5008008.10257164,530833.856711983 5008008.09413298,530833.867325341 5008008.03310617,530833.815142998 5008007.99153719,530833.864672002 5008007.92166592,530833.810935157 5008007.83024957,530833.810926428 5008007.83024948,530833.758906631 5008007.83924051),(530852.879993716 5007999.61055646,530852.86901215 5007999.70624856,530852.888469973 5007999.78761764,530852.866358811 5007999.82034216,530852.865282113 5007999.85938776,530852.863860086 5007999.87138139,530852.863479046 5007999.90517039,530852.863383883 5007999.91360905,530852.871868765 5007999.92214687,530852.880353842 5007999.93066751,530852.897418964 5007999.93928732,530852.914484281 5007999.94788994,530852.914493009 5007999.94789003,530852.923077613 5007999.94797205,530852.948913496 5007999.93977934,530852.966264495 5007999.92304881,530852.974940092 5007999.91467495,530852.983710852 5007999.89786243,530852.977703905 5007999.87388759,530852.977799068 5007999.86544893,530852.988412426 5007999.80442212,530852.936230083 5007999.76285314,530852.985759087 5007999.69298187,530852.932022242 5007999.60156552,530852.932013513 5007999.60156543,530852.879993716 5007999.61055646),(530858.957910005 5007999.6742366,530858.946928439 5007999.76992871,530858.966386262 5007999.85129779,530858.9442751 5007999.88402231,530858.943198402 5007999.92306791,530858.941776375 5007999.93506154,530858.941395335 5007999.96885054,530858.941300172 5007999.97728919,530858.949785055 5007999.98582702,530858.958270131 5007999.99434766,530858.975335254 5008000.00296747,530858.99240057 5008000.01157009,530858.992409299 5008000.01157018,530859.000993903 5008000.0116522,530859.026829785 5008000.00345949,530859.044180785 5007999.98672896,530859.052856381 5007999.9783551,530859.061627141 5007999.96154258,530859.055620195 5007999.93756774,530859.055715358 5007999.92912908,530859.066328716 5007999.86810227,530859.014146373 5007999.82653329,530859.063675376 5007999.75666201,530859.009938531 5007999.66524566,530859.009929802 5007999.66524558,530858.957910005 5007999.6742366),(530855.90656961 5007999.63532096,530855.895588043 5007999.73101306,530855.915045866 5007999.81238214,530855.892934704 5007999.84510666,530855.891858006 5007999.88415226,530855.89043598 5007999.89614589,530855.890054939 5007999.92993489,530855.889959776 5007999.93837355,530855.898444659 5007999.94691137,530855.906929735 5007999.95543201,530855.923994858 5007999.96405182,530855.941060174 5007999.97265445,530855.941068903 5007999.97265453,530855.949653507 5007999.97273655,530855.975489389 5007999.96454384,530855.992840389 5007999.94781331,530856.001515986 5007999.93943945,530856.010286745 5007999.92262693,530856.004279799 5007999.89865209,530856.004374962 5007999.89021343,530856.01498832 5007999.82918662,530855.962805977 5007999.78761764,530856.01233498 5007999.71774637,530855.958598135 5007999.62633002,530855.958589407 5007999.62632993,530855.90656961 5007999.63532096),(530842.691170134 5007999.46904502,530842.680188568 5007999.56473713,530842.699646391 5007999.6461062,530842.677535229 5007999.67883072,530842.676458531 5007999.71787632,530842.675036504 5007999.72986995,530842.674655464 5007999.76365895,530842.674560301 5007999.77209761,530842.683045183 5007999.78063544,530842.69153026 5007999.78915607,530842.708595382 5007999.79777588,530842.725660699 5007999.80637851,530842.725669427 5007999.80637859,530842.734254031 5007999.80646062,530842.760089914 5007999.79826791,530842.777440913 5007999.78153737,530842.78611651 5007999.77316351,530842.79488727 5007999.756351,530842.788880323 5007999.73237615,530842.788975487 5007999.72393749,530842.799588844 5007999.66291069,530842.747406501 5007999.6213417,530842.796935505 5007999.55147043,530842.74319866 5007999.46005408,530842.743189931 5007999.46005399,530842.691170134 5007999.46904502),(530845.717746028 5007999.49380952,530845.706764461 5007999.58950163,530845.726222284 5007999.6708707,530845.704111122 5007999.70359522,530845.703034424 5007999.74264082,530845.701612398 5007999.75463445,530845.701231357 5007999.78842345,530845.701136194 5007999.79686211,530845.709621077 5007999.80539994,530845.718106153 5007999.81392058,530845.735171276 5007999.82254038,530845.752236592 5007999.83114301,530845.752245321 5007999.83114309,530845.760829925 5007999.83122512,530845.786665807 5007999.82303241,530845.804016807 5007999.80630187,530845.812692404 5007999.79792801,530845.821463164 5007999.7811155,530845.815456217 5007999.75714065,530845.81555138 5007999.748702,530845.826164738 5007999.68767519,530845.773982395 5007999.6461062,530845.823511398 5007999.57623493,530845.769774553 5007999.48481858,530845.769765825 5007999.48481849,530845.717746028 5007999.49380952),(530801.907573518 5007999.01620841,530801.896591952 5007999.11190052,530801.916049775 5007999.1932696,530801.893938613 5007999.22599412,530801.892861915 5007999.26503972,530801.891439888 5007999.27703335,530801.891058848 5007999.31082235,530801.890963685 5007999.31926101,530801.899448568 5007999.32779883,530801.907933644 5007999.33631947,530801.924998767 5007999.34493928,530801.942064083 5007999.3535419,530801.942072812 5007999.35354199,530801.950657416 5007999.35362401,530801.976493298 5007999.3454313,530801.993844298 5007999.32870077,530802.002519894 5007999.32032691,530802.011290654 5007999.30351439,530802.005283708 5007999.27953955,530802.005378871 5007999.27110089,530802.015992229 5007999.21007408,530801.963809886 5007999.1685051,530802.013338889 5007999.09863382,530801.959602044 5007999.00721747,530801.959593315 5007999.00721739,530801.907573518 5007999.01620841),(530807.985489808 5007999.07988856,530807.974508241 5007999.17558067,530807.993966064 5007999.25694975,530807.971854902 5007999.28967427,530807.970778204 5007999.32871987,530807.969356178 5007999.34071349,530807.968975137 5007999.37450249,530807.968879974 5007999.38294115,530807.977364857 5007999.39147898,530807.985849933 5007999.39999962,530808.002915056 5007999.40861943,530808.019980372 5007999.41722205,530808.019989101 5007999.41722213,530808.028573705 5007999.41730416,530808.054409587 5007999.40911145,530808.071760587 5007999.39238091,530808.080436184 5007999.38400705,530808.089206944 5007999.36719454,530808.083199997 5007999.34321969,530808.08329516 5007999.33478104,530808.093908518 5007999.27375423,530808.041726175 5007999.23218524,530808.091255178 5007999.16231397,530808.037518333 5007999.07089762,530808.037509605 5007999.07089754,530807.985489808 5007999.07988856),(530804.934149412 5007999.04097291,530804.923167846 5007999.13666502,530804.942625668 5007999.2180341,530804.920514506 5007999.25075862,530804.919437809 5007999.28980422,530804.918015782 5007999.30179785,530804.917634741 5007999.33558685,530804.917539578 5007999.34402551,530804.926024461 5007999.35256333,530804.934509538 5007999.36108397,530804.95157466 5007999.36970378,530804.968639976 5007999.3783064,530804.968648705 5007999.37830649,530804.977233309 5007999.37838851,530805.003069191 5007999.3701958,530805.020420191 5007999.35346527,530805.029095788 5007999.34509141,530805.037866548 5007999.32827889,530805.031859601 5007999.30430405,530805.031954764 5007999.29586539,530805.042568122 5007999.23483858,530804.990385779 5007999.1932696,530805.039914783 5007999.12339832,530804.986177937 5007999.03198197,530804.986169209 5007999.03198189,530804.934149412 5007999.04097291),(530798.856233123 5007998.97729277,530798.845251556 5007999.07298488,530798.864709379 5007999.15435395,530798.842598217 5007999.18707847,530798.841521519 5007999.22612407,530798.840099493 5007999.2381177,530798.839718452 5007999.2719067,530798.839623289 5007999.28034536,530798.848108172 5007999.28888319,530798.856593248 5007999.29740382,530798.873658371 5007999.30602363,530798.890723687 5007999.31462626,530798.890732416 5007999.31462634,530798.89931702 5007999.31470836,530798.925152902 5007999.30651566,530798.942503902 5007999.28978512,530798.951179499 5007999.28141126,530798.959950258 5007999.26459874,530798.953943312 5007999.2406239,530798.954038475 5007999.23218524,530798.964651833 5007999.17115844,530798.91246949 5007999.12958945,530798.961998493 5007999.05971818,530798.908261648 5007998.96830183,530798.90825292 5007998.96830174,530798.856233123 5007998.97729277),(530812.153001676 5007999.12941756,530812.14202011 5007999.22510967,530812.161477933 5007999.30647875,530812.13936677 5007999.33920327,530812.138290073 5007999.37824887,530812.136868046 5007999.3902425,530812.136487006 5007999.4240315,530812.136391842 5007999.43247016,530812.144876725 5007999.44100798,530812.153361802 5007999.44952862,530812.170426924 5007999.45814843,530812.18749224 5007999.46675105,530812.187500969 5007999.46675114,530812.196085573 5007999.46683316,530812.221921455 5007999.45864045,530812.239272455 5007999.44190992,530812.247948052 5007999.43353606,530812.256718812 5007999.41672354,530812.250711865 5007999.3927487,530812.250807028 5007999.38431004,530812.261420386 5007999.32328323,530812.209238043 5007999.28171425,530812.258767047 5007999.21184297,530812.205030201 5007999.12042662,530812.205021473 5007999.12042654,530812.153001676 5007999.12941756),(530818.230917965 5007999.19309771,530818.219936399 5007999.28878982,530818.239394222 5007999.3701589,530818.217283059 5007999.40288342,530818.216206362 5007999.44192902,530818.214784335 5007999.45392265,530818.214403295 5007999.48771165,530818.214308132 5007999.4961503,530818.222793014 5007999.50468813,530818.231278091 5007999.51320877,530818.248343213 5007999.52182858,530818.26540853 5007999.5304312,530818.265417258 5007999.53043128,530818.274001862 5007999.53051331,530818.299837745 5007999.5223206,530818.317188744 5007999.50559007,530818.325864341 5007999.49721621,530818.334635101 5007999.48040369,530818.328628154 5007999.45642884,530818.328723317 5007999.44799019,530818.339336675 5007999.38696338,530818.287154332 5007999.34539439,530818.336683336 5007999.27552312,530818.282946491 5007999.18410677,530818.282937762 5007999.18410669,530818.230917965 5007999.19309771),(530815.179577569 5007999.15418207,530815.168596003 5007999.24987417,530815.188053826 5007999.33124325,530815.165942664 5007999.36396777,530815.164865966 5007999.40301337,530815.163443939 5007999.415007,530815.163062899 5007999.448796,530815.162967736 5007999.45723466,530815.171452618 5007999.46577248,530815.179937695 5007999.47429312,530815.197002817 5007999.48291293,530815.214068134 5007999.49151555,530815.214076862 5007999.49151564,530815.222661466 5007999.49159766,530815.248497349 5007999.48340495,530815.265848348 5007999.46667442,530815.274523945 5007999.45830056,530815.283294705 5007999.44148804,530815.277287758 5007999.4175132,530815.277382922 5007999.40907454,530815.287996279 5007999.34804773,530815.235813936 5007999.30647875,530815.28534294 5007999.23660748,530815.231606095 5007999.14519112,530815.231597366 5007999.14519104,530815.179577569 5007999.15418207),(530809.10166128 5007999.09050192,530809.090679714 5007999.18619403,530809.110137537 5007999.2675631,530809.088026374 5007999.30028762,530809.086949677 5007999.33933322,530809.08552765 5007999.35132685,530809.08514661 5007999.38511585,530809.085051447 5007999.39355451,530809.093536329 5007999.40209234,530809.102021406 5007999.41061297,530809.119086528 5007999.41923278,530809.136151845 5007999.42783541,530809.136160573 5007999.42783549,530809.144745177 5007999.42791751,530809.17058106 5007999.41972481,530809.187932059 5007999.40299427,530809.196607656 5007999.39462041,530809.205378416 5007999.37780789,530809.199371469 5007999.35383305,530809.199466632 5007999.34539439,530809.21007999 5007999.28436759,530809.157897647 5007999.2427986,530809.207426651 5007999.17292733,530809.153689806 5007999.08151098,530809.153681077 5007999.08151089,530809.10166128 5007999.09050192),(530822.256918395 5007999.15771985,530822.245936828 5007999.25341196,530822.265394651 5007999.33478104,530822.243283489 5007999.36750556,530822.242206791 5007999.40655116,530822.240784765 5007999.41854479,530822.240403724 5007999.45233379,530822.240308561 5007999.46077244,530822.248793444 5007999.46931027,530822.25727852 5007999.47783091,530822.274343643 5007999.48645072,530822.291408959 5007999.49505334,530822.291417688 5007999.49505342,530822.300002292 5007999.49513545,530822.325838174 5007999.48694274,530822.343189174 5007999.47021221,530822.351864771 5007999.46183835,530822.360635531 5007999.44502583,530822.354628584 5007999.42105099,530822.354723747 5007999.41261233,530822.365337105 5007999.35158552,530822.313154762 5007999.31001654,530822.362683765 5007999.24014526,530822.30894692 5007999.14872891,530822.308938192 5007999.14872883,530822.256918395 5007999.15771985),(530828.334834684 5007999.2214,530828.323853118 5007999.31709211,530828.343310941 5007999.39846118,530828.321199778 5007999.4311857,530828.320123081 5007999.4702313,530828.318701054 5007999.48222493,530828.318320013 5007999.51601393,530828.31822485 5007999.52445259,530828.326709733 5007999.53299042,530828.33519481 5007999.54151106,530828.352259932 5007999.55013086,530828.369325248 5007999.55873349,530828.369333977 5007999.55873357,530828.377918581 5007999.5588156,530828.403754463 5007999.55062289,530828.421105463 5007999.53389235,530828.42978106 5007999.52551849,530828.43855182 5007999.50870598,530828.432544873 5007999.48473113,530828.432640036 5007999.47629248,530828.443253394 5007999.41526567,530828.391071051 5007999.37369668,530828.440600055 5007999.30382541,530828.386863209 5007999.21240906,530828.386854481 5007999.21240897,530828.334834684 5007999.2214),(530825.283494288 5007999.18248435,530825.272512722 5007999.27817646,530825.291970545 5007999.35954554,530825.269859382 5007999.39227006,530825.268782685 5007999.43131566,530825.267360658 5007999.44330929,530825.266979618 5007999.47709829,530825.266884455 5007999.48553694,530825.275369337 5007999.49407477,530825.283854414 5007999.50259541,530825.300919536 5007999.51121522,530825.317984852 5007999.51981784,530825.317993581 5007999.51981793,530825.326578185 5007999.51989995,530825.352414067 5007999.51170724,530825.369765067 5007999.49497671,530825.378440664 5007999.48660285,530825.387211424 5007999.46979033,530825.381204477 5007999.44581549,530825.38129964 5007999.43737683,530825.391912998 5007999.37635002,530825.339730655 5007999.33478104,530825.389259659 5007999.26490976,530825.335522814 5007999.17349341,530825.335514085 5007999.17349333,530825.283494288 5007999.18248435),(530819.205577999 5007999.11880421,530819.194596433 5007999.21449631,530819.214054256 5007999.29586539,530819.191943093 5007999.32858991,530819.190866396 5007999.36763551,530819.189444369 5007999.37962914,530819.189063328 5007999.41341814,530819.188968165 5007999.4218568,530819.197453048 5007999.43039462,530819.205938125 5007999.43891526,530819.223003247 5007999.44753507,530819.240068563 5007999.45613769,530819.240077292 5007999.45613778,530819.248661896 5007999.4562198,530819.274497778 5007999.44802709,530819.291848778 5007999.43129656,530819.300524375 5007999.4229227,530819.309295135 5007999.40611018,530819.303288188 5007999.38213534,530819.303383351 5007999.37369668,530819.313996709 5007999.31266987,530819.261814366 5007999.27110089,530819.31134337 5007999.20122962,530819.257606524 5007999.10981327,530819.257597796 5007999.10981318,530819.205577999 5007999.11880421),(530832.502346552 5007999.270929,530832.491364986 5007999.36662111,530832.510822809 5007999.44799019,530832.488711647 5007999.48071471,530832.487634949 5007999.51976031,530832.486212922 5007999.53175394,530832.485831882 5007999.56554294,530832.485736719 5007999.57398159,530832.494221601 5007999.58251942,530832.502706678 5007999.59104006,530832.5197718 5007999.59965987,530832.536837117 5007999.60826249,530832.536845845 5007999.60826258,530832.545430449 5007999.6083446,530832.571266332 5007999.60015189,530832.588617331 5007999.58342136,530832.597292928 5007999.5750475,530832.606063688 5007999.55823498,530832.600056741 5007999.53426014,530832.600151904 5007999.52582148,530832.610765262 5007999.46479467,530832.558582919 5007999.42322569,530832.608111923 5007999.35335441,530832.554375078 5007999.26193806,530832.554366349 5007999.26193798,530832.502346552 5007999.270929),(530838.580262841 5007999.33460915,530838.569281275 5007999.43030126,530838.588739098 5007999.51167033,530838.566627936 5007999.54439485,530838.565551238 5007999.58344046,530838.564129211 5007999.59543408,530838.563748171 5007999.62922308,530838.563653008 5007999.63766174,530838.572137891 5007999.64619957,530838.580622967 5007999.65472021,530838.597688089 5007999.66334002,530838.614753406 5007999.67194264,530838.614762135 5007999.67194272,530838.623346739 5007999.67202475,530838.649182621 5007999.66383204,530838.666533621 5007999.6471015,530838.675209217 5007999.63872764,530838.683979977 5007999.62191513,530838.67797303 5007999.59794028,530838.678068194 5007999.58950163,530838.688681551 5007999.52847482,530838.636499209 5007999.48690583,530838.686028212 5007999.41703456,530838.632291367 5007999.32561821,530838.632282638 5007999.32561813,530838.580262841 5007999.33460915),(530835.528922446 5007999.2956935,530835.517940879 5007999.39138561,530835.537398702 5007999.47275469,530835.51528754 5007999.50547921,530835.514210842 5007999.54452481,530835.512788816 5007999.55651844,530835.512407775 5007999.59030744,530835.512312612 5007999.59874609,530835.520797495 5007999.60728392,530835.529282571 5007999.61580456,530835.546347694 5007999.62442437,530835.56341301 5007999.63302699,530835.563421739 5007999.63302708,530835.572006343 5007999.6331091,530835.597842225 5007999.62491639,530835.615193225 5007999.60818586,530835.623868822 5007999.599812,530835.632639581 5007999.58299948,530835.626632635 5007999.55902464,530835.626727798 5007999.55058598,530835.637341156 5007999.48955917,530835.585158813 5007999.44799019,530835.634687816 5007999.37811891,530835.580950971 5007999.28670256,530835.580942243 5007999.28670248,530835.528922446 5007999.2956935),(530829.451006156 5007999.23201336,530829.44002459 5007999.32770546,530829.459482413 5007999.40907454,530829.437371251 5007999.44179906,530829.436294553 5007999.48084466,530829.434872526 5007999.49283829,530829.434491486 5007999.52662729,530829.434396323 5007999.53506595,530829.442881205 5007999.54360377,530829.451366282 5007999.55212441,530829.468431404 5007999.56074422,530829.485496721 5007999.56934685,530829.485505449 5007999.56934693,530829.494090053 5007999.56942895,530829.519925936 5007999.56123624,530829.537276936 5007999.54450571,530829.545952532 5007999.53613185,530829.554723292 5007999.51931933,530829.548716345 5007999.49534449,530829.548811509 5007999.48690583,530829.559424866 5007999.42587902,530829.507242523 5007999.38431004,530829.556771527 5007999.31443877,530829.503034682 5007999.22302242,530829.503025953 5007999.22302233,530829.451006156 5007999.23201336),(530848.746090815 5007999.52211181,530848.735109248 5007999.61780391,530848.754567071 5007999.69917299,530848.732455909 5007999.73189751,530848.731379211 5007999.77094311,530848.729957185 5007999.78293674,530848.729576144 5007999.81672574,530848.729480981 5007999.8251644,530848.737965864 5007999.83370222,530848.74645094 5007999.84222286,530848.763516063 5007999.85084267,530848.780581379 5007999.8594453,530848.780590108 5007999.85944538,530848.789174712 5007999.8595274,530848.815010594 5007999.85133469,530848.832361594 5007999.83460416,530848.841037191 5007999.8262303,530848.849807951 5007999.80941778,530848.843801004 5007999.78544294,530848.843896167 5007999.77700428,530848.854509525 5007999.71597748,530848.802327182 5007999.67440849,530848.851856185 5007999.60453722,530848.79811934 5007999.51312087,530848.798110612 5007999.51312078,530848.746090815 5007999.52211181),(530849.849880036 5007999.52211181,530849.83889847 5007999.61780391,530849.858356293 5007999.69917299,530849.83624513 5007999.73189751,530849.835168433 5007999.77094311,530849.833746406 5007999.78293674,530849.833365366 5007999.81672574,530849.833270203 5007999.8251644,530849.841755085 5007999.83370222,530849.850240162 5007999.84222286,530849.867305284 5007999.85084267,530849.8843706 5007999.8594453,530849.884379329 5007999.85944538,530849.892963933 5007999.8595274,530849.918799815 5007999.85133469,530849.936150815 5007999.83460416,530849.944826412 5007999.8262303,530849.953597172 5007999.80941778,530849.947590225 5007999.78544294,530849.947685388 5007999.77700428,530849.958298746 5007999.71597748,530849.906116403 5007999.67440849,530849.955645407 5007999.60453722,530849.901908562 5007999.51312087,530849.901899833 5007999.51312078,530849.849880036 5007999.52211181),(530839.632754166 5007999.38060037,530839.6217726 5007999.47629248,530839.641230423 5007999.55766155,530839.619119261 5007999.59038607,530839.618042563 5007999.62943167,530839.616620536 5007999.6414253,530839.616239496 5007999.6752143,530839.616144333 5007999.68365296,530839.624629215 5007999.69219079,530839.633114292 5007999.70071142,530839.650179414 5007999.70933123,530839.667244731 5007999.71793386,530839.667253459 5007999.71793394,530839.675838063 5007999.71801597,530839.701673946 5007999.70982326,530839.719024946 5007999.69309272,530839.727700542 5007999.68471886,530839.736471302 5007999.66790634,530839.730464355 5007999.6439315,530839.730559519 5007999.63549284,530839.741172876 5007999.57446604,530839.688990533 5007999.53289705,530839.738519537 5007999.46302578,530839.684782692 5007999.37160943,530839.684773963 5007999.37160934,530839.632754166 5007999.38060037),(530805.323995044 5007990.68493487,530805.313013478 5007990.78062698,530805.332471301 5007990.86199605,530805.310360138 5007990.89472057,530805.309283441 5007990.93376617,530805.307861414 5007990.9457598,530805.307480374 5007990.9795488,530805.30738521 5007990.98798746,530805.315870093 5007990.99652529,530805.32435517 5007991.00504592,530805.341420292 5007991.01366573,530805.358485608 5007991.02226836,530805.358494337 5007991.02226844,530805.367078941 5007991.02235046,530805.392914823 5007991.01415776,530805.410265823 5007990.99742722,530805.41894142 5007990.98905336,530805.42771218 5007990.97224084,530805.421705233 5007990.948266,530805.421800396 5007990.93982734,530805.432413754 5007990.87880054,530805.380231411 5007990.83723155,530805.429760415 5007990.76736028,530805.376023569 5007990.67594393,530805.376014841 5007990.67594384,530805.323995044 5007990.68493487),(530811.401911333 5007990.74861502,530811.390929767 5007990.84430712,530811.41038759 5007990.9256762,530811.388276428 5007990.95840072,530811.38719973 5007990.99744632,530811.385777703 5007991.00943995,530811.385396663 5007991.04322895,530811.3853015 5007991.05166761,530811.393786382 5007991.06020543,530811.402271459 5007991.06872607,530811.419336581 5007991.07734588,530811.436401898 5007991.0859485,530811.436410626 5007991.08594859,530811.44499523 5007991.08603061,530811.470831113 5007991.0778379,530811.488182112 5007991.06110737,530811.496857709 5007991.05273351,530811.505628469 5007991.03592099,530811.499621522 5007991.01194615,530811.499716685 5007991.00350749,530811.510330043 5007990.94248068,530811.4581477 5007990.9009117,530811.507676704 5007990.83104043,530811.453939859 5007990.73962407,530811.45393113 5007990.73962399,530811.401911333 5007990.74861502),(530808.350570937 5007990.70969937,530808.339589371 5007990.80539148,530808.359047194 5007990.88676055,530808.336936032 5007990.91948507,530808.335859334 5007990.95853067,530808.334437307 5007990.9705243,530808.334056267 5007991.0043133,530808.333961104 5007991.01275196,530808.342445986 5007991.02128979,530808.350931063 5007991.02981042,530808.367996185 5007991.03843023,530808.385061502 5007991.04703286,530808.38507023 5007991.04703294,530808.393654834 5007991.04711497,530808.419490717 5007991.03892226,530808.436841717 5007991.02219172,530808.445517313 5007991.01381786,530808.454288073 5007990.99700535,530808.448281126 5007990.9730305,530808.44837629 5007990.96459184,530808.458989647 5007990.90356504,530808.406807304 5007990.86199605,530808.456336308 5007990.79212478,530808.402599463 5007990.70070843,530808.402590734 5007990.70070834,530808.350570937 5007990.70969937),(530802.272654648 5007990.64601922,530802.261673082 5007990.74171133,530802.281130905 5007990.82308041,530802.259019742 5007990.85580493,530802.257943045 5007990.89485053,530802.256521018 5007990.90684416,530802.256139978 5007990.94063316,530802.256044815 5007990.94907181,530802.264529697 5007990.95760964,530802.273014774 5007990.96613028,530802.290079896 5007990.97475009,530802.307145213 5007990.98335271,530802.307153941 5007990.98335279,530802.315738545 5007990.98343482,530802.341574428 5007990.97524211,530802.358925427 5007990.95851158,530802.367601024 5007990.95013772,530802.376371784 5007990.9333252,530802.370364837 5007990.90935036,530802.37046 5007990.9009117,530802.381073358 5007990.83988489,530802.328891015 5007990.79831591,530802.378420019 5007990.72844463,530802.324683174 5007990.63702828,530802.324674445 5007990.6370282,530802.272654648 5007990.64601922),(530815.569423201 5007990.79814402,530815.558441635 5007990.89383613,530815.577899458 5007990.9752052,530815.555788296 5007991.00792972,530815.554711598 5007991.04697532,530815.553289571 5007991.05896895,530815.552908531 5007991.09275795,530815.552813368 5007991.10119661,530815.561298251 5007991.10973444,530815.569783327 5007991.11825508,530815.58684845 5007991.12687488,530815.603913766 5007991.13547751,530815.603922495 5007991.13547759,530815.612507099 5007991.13555962,530815.638342981 5007991.12736691,530815.655693981 5007991.11063637,530815.664369577 5007991.10226251,530815.673140337 5007991.08545,530815.667133391 5007991.06147515,530815.667228554 5007991.0530365,530815.677841912 5007990.99200969,530815.625659569 5007990.9504407,530815.675188572 5007990.88056943,530815.621451727 5007990.78915308,530815.621442998 5007990.78915299,530815.569423201 5007990.79814402),(530821.647339491 5007990.86182417,530821.636357924 5007990.95751627,530821.655815747 5007991.03888535,530821.633704585 5007991.07160987,530821.632627887 5007991.11065547,530821.631205861 5007991.1226491,530821.63082482 5007991.1564381,530821.630729657 5007991.16487676,530821.63921454 5007991.17341458,530821.647699616 5007991.18193522,530821.664764739 5007991.19055503,530821.681830055 5007991.19915765,530821.681838784 5007991.19915774,530821.690423388 5007991.19923976,530821.71625927 5007991.19104705,530821.73361027 5007991.17431652,530821.742285867 5007991.16594266,530821.751056627 5007991.14913014,530821.74504968 5007991.1251553,530821.745144843 5007991.11671664,530821.755758201 5007991.05568983,530821.703575858 5007991.01412085,530821.753104861 5007990.94424958,530821.699368016 5007990.85283323,530821.699359288 5007990.85283314,530821.647339491 5007990.86182417),(530818.595999095 5007990.82290852,530818.585017529 5007990.91860063,530818.604475352 5007990.9999697,530818.582364189 5007991.03269422,530818.581287492 5007991.07173983,530818.579865465 5007991.08373345,530818.579484424 5007991.11752245,530818.579389261 5007991.12596111,530818.587874144 5007991.13449894,530818.596359221 5007991.14301958,530818.613424343 5007991.15163939,530818.630489659 5007991.16024201,530818.630498388 5007991.16024209,530818.639082992 5007991.16032412,530818.664918874 5007991.15213141,530818.682269874 5007991.13540087,530818.690945471 5007991.12702701,530818.699716231 5007991.1102145,530818.693709284 5007991.08623965,530818.693804447 5007991.077801,530818.704417805 5007991.01677419,530818.652235462 5007990.9752052,530818.701764466 5007990.90533393,530818.64802762 5007990.81391758,530818.648018892 5007990.8139175,530818.595999095 5007990.82290852),(530812.518082806 5007990.75922837,530812.507101239 5007990.85492048,530812.526559062 5007990.93628956,530812.5044479 5007990.96901408,530812.503371202 5007991.00805968,530812.501949176 5007991.02005331,530812.501568135 5007991.05384231,530812.501472972 5007991.06228096,530812.509957855 5007991.07081879,530812.518442931 5007991.07933943,530812.535508054 5007991.08795924,530812.55257337 5007991.09656186,530812.552582099 5007991.09656195,530812.561166703 5007991.09664397,530812.587002585 5007991.08845126,530812.604353585 5007991.07172073,530812.613029182 5007991.06334687,530812.621799942 5007991.04653435,530812.615792995 5007991.02255951,530812.615888158 5007991.01412085,530812.626501516 5007990.95309404,530812.574319173 5007990.91152506,530812.623848176 5007990.84165378,530812.570111331 5007990.75023743,530812.570102603 5007990.75023735,530812.518082806 5007990.75922837),(530825.67333992 5007990.82644631,530825.662358354 5007990.92213841,530825.681816177 5007991.00350749,530825.659705015 5007991.03623201,530825.658628317 5007991.07527761,530825.65720629 5007991.08727124,530825.65682525 5007991.12106024,530825.656730087 5007991.1294989,530825.665214969 5007991.13803672,530825.673700046 5007991.14655736,530825.690765168 5007991.15517717,530825.707830485 5007991.1637798,530825.707839213 5007991.16377988,530825.716423817 5007991.1638619,530825.7422597 5007991.15566919,530825.759610699 5007991.13893866,530825.768286296 5007991.1305648,530825.777057056 5007991.11375228,530825.771050109 5007991.08977744,530825.771145272 5007991.08133878,530825.78175863 5007991.02031197,530825.729576287 5007990.97874299,530825.779105291 5007990.90887172,530825.725368446 5007990.81745537,530825.725359717 5007990.81745528,530825.67333992 5007990.82644631),(530831.751256209 5007990.89012645,530831.740274643 5007990.98581856,530831.759732466 5007991.06718764,530831.737621304 5007991.09991216,530831.736544606 5007991.13895776,530831.735122579 5007991.15095139,530831.734741539 5007991.18474039,530831.734646376 5007991.19317904,530831.743131259 5007991.20171687,530831.751616335 5007991.21023751,530831.768681457 5007991.21885732,530831.785746774 5007991.22745994,530831.785755503 5007991.22746003,530831.794340107 5007991.22754205,530831.820175989 5007991.21934934,530831.837526989 5007991.20261881,530831.846202585 5007991.19424495,530831.854973345 5007991.17743243,530831.848966399 5007991.15345759,530831.849061562 5007991.14501893,530831.85967492 5007991.08399212,530831.807492577 5007991.04242314,530831.85702158 5007990.97255186,530831.803284735 5007990.88113551,530831.803276006 5007990.88113543,530831.751256209 5007990.89012645),(530828.699915814 5007990.85121081,530828.688934247 5007990.94690291,530828.70839207 5007991.02827199,530828.686280908 5007991.06099651,530828.68520421 5007991.10004211,530828.683782184 5007991.11203574,530828.683401143 5007991.14582474,530828.68330598 5007991.1542634,530828.691790863 5007991.16280122,530828.700275939 5007991.17132186,530828.717341062 5007991.17994167,530828.734406378 5007991.1885443,530828.734415107 5007991.18854438,530828.742999711 5007991.1886264,530828.768835593 5007991.1804337,530828.786186593 5007991.16370316,530828.79486219 5007991.1553293,530828.803632949 5007991.13851678,530828.797626003 5007991.11454194,530828.797721166 5007991.10610328,530828.808334524 5007991.04507648,530828.756152181 5007991.00350749,530828.805681184 5007990.93363622,530828.751944339 5007990.84221987,530828.751935611 5007990.84221978,530828.699915814 5007990.85121081),(530822.621999524 5007990.78753066,530822.611017958 5007990.88322277,530822.630475781 5007990.96459184,530822.608364619 5007990.99731637,530822.607287921 5007991.03636197,530822.605865894 5007991.04835559,530822.605484854 5007991.08214459,530822.605389691 5007991.09058325,530822.613874573 5007991.09912108,530822.62235965 5007991.10764172,530822.639424772 5007991.11626153,530822.656490089 5007991.12486415,530822.656498817 5007991.12486423,530822.665083422 5007991.12494626,530822.690919304 5007991.11675355,530822.708270304 5007991.10002301,530822.7169459 5007991.09164915,530822.72571666 5007991.07483664,530822.719709713 5007991.05086179,530822.719804877 5007991.04242314,530822.730418234 5007990.98139633,530822.678235892 5007990.93982734,530822.727764895 5007990.86995607,530822.67402805 5007990.77853972,530822.674019321 5007990.77853964,530822.621999524 5007990.78753066),(530835.918768078 5007990.93965546,530835.907786511 5007991.03534757,530835.927244334 5007991.11671664,530835.905133172 5007991.14944116,530835.904056474 5007991.18848676,530835.902634448 5007991.20048039,530835.902253407 5007991.23426939,530835.902158244 5007991.24270805,530835.910643127 5007991.25124587,530835.919128203 5007991.25976651,530835.936193326 5007991.26838632,530835.953258642 5007991.27698895,530835.953267371 5007991.27698903,530835.961851975 5007991.27707105,530835.987687857 5007991.26887835,530836.005038857 5007991.25214781,530836.013714454 5007991.24377395,530836.022485214 5007991.22696143,530836.016478267 5007991.20298659,530836.01657343 5007991.19454793,530836.027186788 5007991.13352113,530835.975004445 5007991.09195214,530836.024533448 5007991.02208087,530835.970796603 5007990.93066452,530835.970787875 5007990.93066443,530835.918768078 5007990.93965546),(530841.996684367 5007991.0033356,530841.985702801 5007991.09902771,530842.005160624 5007991.18039679,530841.983049461 5007991.21312131,530841.981972764 5007991.25216691,530841.980550737 5007991.26416054,530841.980169697 5007991.29794954,530841.980074533 5007991.3063882,530841.988559416 5007991.31492602,530841.997044493 5007991.32344666,530842.014109615 5007991.33206647,530842.031174931 5007991.34066909,530842.03118366 5007991.34066918,530842.039768264 5007991.3407512,530842.065604146 5007991.33255849,530842.082955146 5007991.31582796,530842.091630743 5007991.3074541,530842.100401503 5007991.29064158,530842.094394556 5007991.26666674,530842.094489719 5007991.25822808,530842.105103077 5007991.19720127,530842.052920734 5007991.15563229,530842.102449738 5007991.08576101,530842.048712892 5007990.99434466,530842.048704164 5007990.99434458,530841.996684367 5007991.0033356),(530838.945343971 5007990.96441996,530838.934362405 5007991.06011207,530838.953820228 5007991.14148114,530838.931709065 5007991.17420566,530838.930632368 5007991.21325126,530838.929210341 5007991.22524489,530838.928829301 5007991.25903389,530838.928734138 5007991.26747255,530838.93721902 5007991.27601038,530838.945704097 5007991.28453101,530838.962769219 5007991.29315082,530838.979834536 5007991.30175345,530838.979843264 5007991.30175353,530838.988427868 5007991.30183555,530839.014263751 5007991.29364285,530839.03161475 5007991.27691231,530839.040290347 5007991.26853845,530839.049061107 5007991.25172593,530839.04305416 5007991.22775109,530839.043149323 5007991.21931243,530839.053762681 5007991.15828563,530839.001580338 5007991.11671664,530839.051109342 5007991.04684537,530838.997372497 5007990.95542902,530838.997363768 5007990.95542893,530838.945343971 5007990.96441996),(530832.867427682 5007990.90073981,530832.856446116 5007990.99643192,530832.875903939 5007991.077801,530832.853792776 5007991.11052552,530832.852716079 5007991.14957112,530832.851294052 5007991.16156475,530832.850913011 5007991.19535375,530832.850817848 5007991.2037924,530832.859302731 5007991.21233023,530832.867787808 5007991.22085087,530832.88485293 5007991.22947068,530832.901918246 5007991.2380733,530832.901926975 5007991.23807338,530832.910511579 5007991.23815541,530832.936347461 5007991.2299627,530832.953698461 5007991.21323217,530832.962374058 5007991.2048583,530832.971144818 5007991.18804579,530832.965137871 5007991.16407094,530832.965233034 5007991.15563229,530832.975846392 5007991.09460548,530832.923664049 5007991.05303649,530832.973193053 5007990.98316522,530832.919456207 5007990.89174887,530832.919447479 5007990.89174879,530832.867427682 5007990.90073981),(530782.877506249 5008024.33219161,530782.866524682 5008024.42788371,530782.885982505 5008024.50925279,530782.863871343 5008024.54197731,530782.862794645 5008024.58102291,530782.861372619 5008024.59301654,530782.860991578 5008024.62680554,530782.860896415 5008024.6352442,530782.869381298 5008024.64378202,530782.877866374 5008024.65230266,530782.894931497 5008024.66092247,530782.911996813 5008024.66952509,530782.912005542 5008024.66952518,530782.920590146 5008024.6696072,530782.946426028 5008024.66141449,530782.963777028 5008024.64468396,530782.972452625 5008024.6363101,530782.981223385 5008024.61949758,530782.975216438 5008024.59552274,530782.975311601 5008024.58708408,530782.985924959 5008024.52605727,530782.933742616 5008024.48448829,530782.983271619 5008024.41461702,530782.929534774 5008024.32320066,530782.929526046 5008024.32320058,530782.877506249 5008024.33219161),(530788.955422538 5008024.39587175,530788.944440972 5008024.49156386,530788.963898795 5008024.57293294,530788.941787632 5008024.60565746,530788.940710935 5008024.64470306,530788.939288908 5008024.65669669,530788.938907868 5008024.69048569,530788.938812704 5008024.69892434,530788.947297587 5008024.70746217,530788.955782664 5008024.71598281,530788.972847786 5008024.72460262,530788.989913102 5008024.73320524,530788.989921831 5008024.73320532,530788.998506435 5008024.73328735,530789.024342317 5008024.72509464,530789.041693317 5008024.70836411,530789.050368914 5008024.69999025,530789.059139674 5008024.68317773,530789.053132727 5008024.65920288,530789.05322789 5008024.65076423,530789.063841248 5008024.58973742,530789.011658905 5008024.54816843,530789.061187909 5008024.47829716,530789.007451063 5008024.38688081,530789.007442335 5008024.38688073,530788.955422538 5008024.39587175),(530785.904082142 5008024.35695611,530785.893100576 5008024.45264821,530785.912558399 5008024.53401729,530785.890447236 5008024.56674181,530785.889370539 5008024.60578741,530785.887948512 5008024.61778104,530785.887567472 5008024.65157004,530785.887472309 5008024.6600087,530785.895957191 5008024.66854652,530785.904442268 5008024.67706716,530785.92150739 5008024.68568697,530785.938572707 5008024.69428959,530785.938581435 5008024.69428968,530785.947166039 5008024.6943717,530785.973001922 5008024.68617899,530785.990352921 5008024.66944846,530785.999028518 5008024.6610746,530786.007799278 5008024.64426208,530786.001792331 5008024.62028724,530786.001887494 5008024.61184858,530786.012500852 5008024.55082177,530785.960318509 5008024.50925279,530786.009847513 5008024.43938152,530785.956110668 5008024.34796517,530785.956101939 5008024.34796508,530785.904082142 5008024.35695611),(530779.826165853 5008024.29327596,530779.815184287 5008024.38896807,530779.83464211 5008024.47033714,530779.812530947 5008024.50306166,530779.81145425 5008024.54210726,530779.810032223 5008024.55410089,530779.809651182 5008024.58788989,530779.809556019 5008024.59632855,530779.818040902 5008024.60486638,530779.826525979 5008024.61338701,530779.843591101 5008024.62200682,530779.860656417 5008024.63060945,530779.860665146 5008024.63060953,530779.86924975 5008024.63069156,530779.895085632 5008024.62249885,530779.912436632 5008024.60576831,530779.921112229 5008024.59739445,530779.929882989 5008024.58058194,530779.923876042 5008024.55660709,530779.923971205 5008024.54816843,530779.934584563 5008024.48714163,530779.88240222 5008024.44557264,530779.931931224 5008024.37570137,530779.878194378 5008024.28428502,530779.87818565 5008024.28428493,530779.826165853 5008024.29327596),(530811.271790097 5008050.0999766,530811.260808531 5008050.19566871,530811.280266354 5008050.27703779,530811.258155191 5008050.30976231,530811.257078494 5008050.34880791,530811.255656467 5008050.36080154,530811.255275426 5008050.39459054,530811.255180263 5008050.4030292,530811.263665146 5008050.41156702,530811.272150223 5008050.42008766,530811.289215345 5008050.42870747,530811.306280661 5008050.43731009,530811.30628939 5008050.43731018,530811.314873994 5008050.4373922,530811.340709876 5008050.42919949,530811.358060876 5008050.41246896,530811.366736473 5008050.4040951,530811.375507233 5008050.38728258,530811.369500286 5008050.36330774,530811.369595449 5008050.35486908,530811.380208807 5008050.29384227,530811.328026464 5008050.25227329,530811.377555468 5008050.18240201,530811.323818622 5008050.09098566,530811.323809894 5008050.09098558,530811.271790097 5008050.0999766),(530765.082137317 5008063.88885563,530759.507975871 5008053.54968521,530763.8234557 5008055.07808432,530772.993850337 5008058.22478836,530773.083756167 5008062.54026819,530771.285639571 5008065.23744308,530766.700442253 5008066.13650138,530765.082137317 5008063.88885563),(530818.77839415 5008055.60628107,530820.18785533 5008051.33950032,530819.034063838 5008038.4754744,530822.929983163 5008037.21679277,530822.059956936 5008049.85230796,530823.858073532 5008054.84208151,530821.475569043 5008056.64019811,530818.77839415 5008055.60628107),(530762.382152335 5008039.44570814,530762.606916911 5008036.9732978,530762.876634403 5008035.53480451,530762.472058165 5008034.9054637,530762.696822742 5008033.51192333,530763.236257726 5008032.79267668,530763.910551455 5008032.38810044,530764.6297981 5008032.16333587,530765.259138914 5008031.98352421,530766.517820542 5008031.98352421,530767.01230261 5008032.20828878,530767.506784679 5008033.06239417,530766.967349695 5008033.37706458,530764.270174777 5008033.46697041,530764.180268947 5008033.55687624,530764.180268947 5008033.55687624,530764.135316032 5008034.3210758,530764.449986439 5008034.9054637,530764.71970393 5008035.26508702,530765.39399766 5008035.35499285,530766.203150135 5008035.35499285,530767.282020102 5008035.04032245,530768.136125493 5008035.04032245,530768.360890069 5008035.08527536,530769.664524613 5008035.35499285,530769.889289189 5008035.93938075,530768.720513392 5008037.24301529,530766.742585119 5008037.78245028,530765.843526813 5008037.46777987,530764.764656846 5008037.15310946,530764.405033523 5008037.06320363,530764.270174777 5008038.00721485,530765.753620982 5008039.49066106,530769.304901291 5008040.25486062,530769.574618782 5008041.87316557,530767.506784679 5008042.68231805,530766.15819722 5008041.55849516,530765.573809321 5008040.92915435,530763.775692709 5008041.06401309,530762.472058165 5008041.06401309,530762.382152335 5008039.44570814),(530779.464260148 5008071.0476076,530777.081755637 5008065.20372861,530777.216614383 5008062.86617702,530777.666143536 5008060.30386084,530779.194542656 5008058.14612091,530780.228459708 5008055.7636164,530781.532094251 5008054.45998185,530784.274222084 5008053.29120606,530786.701679511 5008053.38111189,530790.612583141 5008053.83064104,530794.208816365 5008055.67371057,530793.534522636 5008058.37088548,530790.3285057 5008055.80794498,530785.183269927 5008055.80357454,530780.538759699 5008056.52719162,530779.979345642 5008065.75752357,530782.829693457 5008068.34148374,530791.487291961 5008068.55459385,530799.958419112 5008068.83430088,530804.09845773 5008063.27075325,530804.323222307 5008066.41745732,530804.188363561 5008070.59807845,530797.321181415 5008070.47258491,530787.286067409 5008070.01369055,530785.442997882 5008070.95770177,530782.296293811 5008071.67694841,530779.464260148 5008071.0476076),(530762.202340674 5008014.99132223,530767.68659634 5008004.74205754,530785.667762459 5007975.79238009,530789.353901513 5007972.82548768,530793.39966389 5007973.36492266,530795.467497993 5007974.53369846,530797.894955419 5007976.33181507,530799.782977862 5007978.7592725,530802.210435288 5007981.36654158,530804.278269392 5007981.72616491,530811.380830008 5007979.74823663,530806.525915156 5007983.79399901,530803.469116916 5007984.24352816,530797.98486125 5007982.80503487,530789.623619005 5007977.77030836,530787.106255748 5007979.6583308,530784.229269169 5007982.71512904,530782.161435066 5007985.95173894,530779.194542656 5007990.5369363,530777.036802722 5007994.13316953,530773.80019282 5008001.14582432,530765.169233084 5008014.00235809,530766.967349695 5008015.44085138,530772.18188787 5008020.38567206,530774.249721973 5008019.0370846,530778.565201842 5008019.93614291,530777.036802722 5008022.63331783,530774.879062788 5008025.24058691,530762.202340674 5008014.99132223))
