POLYGON ((530800.637070358 5008123.08877993,530801.508481207 5008124.19541852,530801.508485571 5008124.19541857,530801.508489936 5008124.19541861,530890.403780647 5008010.10290334,530890.403780743 5008010.10289475,530806.669835958 5007967.85447096,530805.509158342 5007967.28578509,530804.211482768 5007966.69043716,530803.852814384 5007966.53493466,530803.135377945 5007966.23238116,530802.417755325 5007965.94672436,530801.742739347 5007965.68682343,530801.597446856 5007965.63474407,530801.246968895 5007965.51311677,530800.2639217 5007965.17423276,530799.502817592 5007964.93884946,530798.921153847 5007964.77277026,530798.724366825 5007964.72019888,530798.296580199 5007964.60627892,530797.535004083 5007964.41313835,530797.004245876 5007964.29823236,530796.302250749 5007964.14790403,530795.463067094 5007963.98781243,530794.597861329 5007963.85281452,530794.015236182 5007963.77121419,530793.732460606 5007963.73471752,530793.441009555 5007963.70658397,530792.857999003 5007963.6587726,530792.686489493 5007963.64868354,530792.300551768 5007963.62809964,530792.000321156 5007963.61678497,530791.820136145 5007963.61506119,530791.717160127 5007963.61408156,530791.348105878 5007963.61899917,530791.150651987 5007963.62556284,530790.738401957 5007963.65541864,530790.334641418 5007963.69379083,530789.930685702 5007963.74908326,530789.543604929 5007963.82985992,530789.165013257 5007963.91918734,530788.803292041 5007964.03400969,530788.449964884 5007964.16581071,530788.113512596 5007964.32310241,530787.785449689 5007964.49740067,530787.681724707 5007964.56399703,530787.482841866 5007964.69727374,530787.283777234 5007964.84744504,530787.188528503 5007964.92257055,530786.919674588 5007965.1734422,530786.659210053 5007965.44132042,530786.415711283 5007965.72624202,530786.189091553 5007966.03667152,530785.970956826 5007966.35562811,530785.726128682 5007966.75881985,530761.633450379 5008008.23887631,530761.230834918 5008008.93626106,530760.258673778 5008010.67581015,530759.697508992 5008011.73495947,530758.960643034 5008013.15571808,530758.25809367 5008014.57680458,530757.58109887 5008016.01503157,530757.422744526 5008016.35989309,530756.797806992 5008017.74793711,530756.295465504 5008018.91747456,530755.81029749 5008020.0871847,530755.112327346 5008021.86314628,530755.068088141 5008021.98099783,530754.554888609 5008023.35321317,530754.023095427 5008024.85196466,530753.694658165 5008025.8203993,530753.516856713 5008026.36786523,530753.072104504 5008027.75760511,530752.786477448 5008028.73490556,530752.750723223 5008028.86128633,530752.517911247 5008029.72081717,530752.392258344 5008030.20961847,530752.248115297 5008030.81655172,530752.058009829 5008031.69336974,530751.911862053 5008032.47768661,530751.819486418 5008033.05975281,530751.791550255 5008033.25380217,530751.696884014 5008034.03860234,530751.658090001 5008034.43531239,530751.627958395 5008034.82365705,530751.574197158 5008035.78626802,530751.558662641 5008036.40286107,530751.558288044 5008037.19701894,530751.589757546 5008038.21114183,530751.632292877 5008039.00570969,530751.647067393 5008039.21706347,530751.730022698 5008040.2316783,530751.838718723 5008041.24653908,530751.925294203 5008041.94013262,530751.964670584 5008042.25310798,530752.012064373 5008042.6168489,530752.099111692 5008043.26821475,530752.250804176 5008044.27503819,530752.37885622 5008045.09575904,530752.402886428 5008045.24807272,530752.603297808 5008046.50035832,530752.691973277 5008047.008121,530752.788748321 5008047.55820187,530752.86940648 5008048.01519039,530753.007558561 5008048.70083718,530753.235620225 5008049.78442376,530753.423829111 5008050.59727983,530753.612995059 5008051.32565485,530753.860594438 5008052.19821551,530754.13423341 5008053.0456805,530754.39212771 5008053.76627264,530754.72563784 5008054.631206,530755.009848881 5008055.30135204,530755.403234533 5008056.18375383,530755.797278277 5008057.00702478,530756.107901319 5008057.61827747,530756.275890401 5008057.94092985,530756.771762532 5008058.86656028,530756.965215378 5008059.21479186,530756.99886942 5008059.27425913,530757.394346526 5008059.97081278,530757.798403775 5008060.66745701,530757.823663927 5008060.70993057,530758.632254823 5008062.06097418,530759.45809719 5008063.40372587,530761.127141558 5008066.07250739,530762.804956782 5008068.72446779,530765.06502246 5008072.252195,530765.824132573 5008073.42533727,530767.561821138 5008076.09476608,530768.86952102 5008078.0842164,530769.637297904 5008079.24899332,530770.607586454 5008080.71983898,530771.940741178 5008082.73488559,530774.168772139 5008086.05955086,530774.573872982 5008086.6632667,530775.899021403 5008088.62753067,530777.004881289 5008090.25173857,530779.909064773 5008094.49530006,530781.048968275 5008096.14520352,530782.062251005 5008097.60802041,530782.611128736 5008098.39898673,530783.962307924 5008100.33816353,530785.330543699 5008102.28594287,530786.521448073 5008103.97856583,530789.072683434 5008107.55976408,530790.356922486 5008109.3462172,530791.725734186 5008111.24331308,530793.306016456 5008113.41278784,530793.897700223 5008114.21260273,530795.605162121 5008116.51844606,530795.977089297 5008117.02048419,530796.924011986 5008118.27991118,530798.429254643 5008120.25433548,530799.638848215 5008121.81194927,530800.637070358 5008123.08877993),(530833.43244079 5008025.20516263,530833.432449519 5008025.20516271,530833.441034123 5008025.20524474,530833.466870005 5008025.19705203,530833.484221005 5008025.18032149,530833.492896602 5008025.17194763,530833.501667362 5008025.15513512,530833.501857882 5008025.13824061,530833.501953045 5008025.12980196,530833.479165486 5008024.86768266,530833.479156757 5008024.86768258,530833.401930235 5008024.86694469,530833.381911953 5008025.12019823,530833.381816596 5008025.12865407,530833.381435556 5008025.16244307,530833.381340393 5008025.17088173,530833.389825275 5008025.17941956,530833.398310352 5008025.1879402,530833.415375474 5008025.19656,530833.43244079 5008025.20516263),(530856.857437967 5008025.42898486,530856.857446695 5008025.42898494,530856.866031299 5008025.42906697,530856.891867182 5008025.42087426,530856.909218181 5008025.40414373,530856.917893778 5008025.39576987,530856.926664538 5008025.37895735,530856.926855058 5008025.36206285,530856.926950221 5008025.35362419,530856.904162662 5008025.0915049,530856.904153933 5008025.09150481,530856.826927411 5008025.09076693,530856.806909129 5008025.34402046,530856.806813772 5008025.35247631,530856.806432732 5008025.38626531,530856.806337569 5008025.39470396,530856.814822451 5008025.40324179,530856.823307528 5008025.41176243,530856.84037265 5008025.42038224,530856.857437967 5008025.42898486),(530859.903562732 5008025.45809011,530859.912147336 5008025.45817214,530859.937983218 5008025.44997943,530859.955334218 5008025.4332489,530859.964009814 5008025.42487503,530859.972780574 5008025.40806252,530859.972971095 5008025.39116802,530859.973066258 5008025.38272936,530859.950278698 5008025.12061007,530859.95026997 5008025.12060998,530859.873043448 5008025.11987209,530859.853025166 5008025.37312563,530859.852929808 5008025.38158148,530859.852548768 5008025.41537048,530859.852453605 5008025.42380913,530859.860938488 5008025.43234696,530859.869423564 5008025.4408676,530859.886488687 5008025.44948741,530859.903554003 5008025.45809003,530859.903562732 5008025.45809011),(530850.765218987 5008025.37077465,530850.765227715 5008025.37077473,530850.77381232 5008025.37085676,530850.799648202 5008025.36266405,530850.816999202 5008025.34593351,530850.825674798 5008025.33755965,530850.834445558 5008025.32074714,530850.834636078 5008025.30385264,530850.834731242 5008025.29541398,530850.811943682 5008025.03329468,530850.811934954 5008025.0332946,530850.734708432 5008025.03255671,530850.714690149 5008025.28581025,530850.714594792 5008025.29426609,530850.714213752 5008025.32805509,530850.714118589 5008025.33649375,530850.722603471 5008025.34503158,530850.731088548 5008025.35355222,530850.74815367 5008025.36217203,530850.765218987 5008025.37077465),(530860.95896277 5008025.4681743,530860.967547374 5008025.46825632,530860.993383256 5008025.46006361,530861.010734256 5008025.44333308,530861.019409852 5008025.43495922,530861.028180612 5008025.4181467,530861.028371133 5008025.4012522,530861.028466296 5008025.39281354,530861.005678736 5008025.13069425,530861.005670008 5008025.13069417,530860.928443486 5008025.12995628,530860.908425204 5008025.38320982,530860.908329846 5008025.39166566,530860.907948806 5008025.42545466,530860.907853643 5008025.43389332,530860.916338526 5008025.44243114,530860.924823602 5008025.45095178,530860.941888725 5008025.45957159,530860.958954041 5008025.46817421,530860.95896277 5008025.4681743),(530853.811343752 5008025.3998799,530853.819928356 5008025.39996193,530853.845764238 5008025.39176922,530853.863115238 5008025.37503868,530853.871790835 5008025.36666482,530853.880561595 5008025.3498523,530853.880752115 5008025.3329578,530853.880847278 5008025.32451915,530853.858059719 5008025.06239985,530853.85805099 5008025.06239977,530853.780824468 5008025.06166188,530853.760806186 5008025.31491542,530853.760710829 5008025.32337126,530853.760329788 5008025.35716026,530853.760234625 5008025.36559892,530853.768719508 5008025.37413675,530853.777204584 5008025.38265738,530853.794269707 5008025.39127719,530853.811335023 5008025.39987982,530853.811343752 5008025.3998799),(530864.005070077 5008025.49727938,530864.005078806 5008025.49727947,530864.01366341 5008025.49736149,530864.039499292 5008025.48916878,530864.056850292 5008025.47243825,530864.065525889 5008025.46406439,530864.074296649 5008025.44725187,530864.074487169 5008025.43035737,530864.074582332 5008025.42191871,530864.051794773 5008025.15979942,530864.051786044 5008025.15979933,530863.974559522 5008025.15906145,530863.95454124 5008025.41231498,530863.954445883 5008025.42077083,530863.954064842 5008025.45455983,530863.953969679 5008025.46299849,530863.962454562 5008025.47153631,530863.970939639 5008025.48005695,530863.988004761 5008025.48867676,530864.005070077 5008025.49727938),(530830.386333483 5008025.17605754,530830.394918087 5008025.17613957,530830.420753969 5008025.16794686,530830.438104969 5008025.15121632,530830.446780566 5008025.14284246,530830.455551326 5008025.12602995,530830.455741846 5008025.10913545,530830.455837009 5008025.10069679,530830.433049449 5008024.83857749,530830.433040721 5008024.83857741,530830.355814199 5008024.83783952,530830.335795917 5008025.09109306,530830.33570056 5008025.0995489,530830.335319519 5008025.1333379,530830.335224356 5008025.14177656,530830.343709239 5008025.15031439,530830.352194315 5008025.15883503,530830.369259438 5008025.16745484,530830.386324754 5008025.17605746,530830.386333483 5008025.17605754),(530836.478552463 5008025.23426776,530836.487137067 5008025.23434978,530836.512972949 5008025.22615707,530836.530323949 5008025.20942654,530836.538999545 5008025.20105268,530836.547770305 5008025.18424016,530836.547960825 5008025.16734566,530836.548055989 5008025.158907,530836.525268429 5008024.89678771,530836.525259701 5008024.89678762,530836.448033179 5008024.89604974,530836.428014896 5008025.14930327,530836.427919539 5008025.15775912,530836.427538499 5008025.19154812,530836.427443336 5008025.19998677,530836.435928219 5008025.2085246,530836.444413295 5008025.21704524,530836.461478418 5008025.22566505,530836.478543734 5008025.23426767,530836.478552463 5008025.23426776),(530839.524668499 5008025.26337292,530839.533253103 5008025.26345495,530839.559088985 5008025.25526224,530839.576439985 5008025.23853171,530839.585115582 5008025.23015785,530839.593886342 5008025.21334533,530839.594076862 5008025.19645083,530839.594172025 5008025.18801217,530839.571384466 5008024.92589288,530839.571375737 5008024.92589279,530839.494149215 5008024.9251549,530839.474130933 5008025.17840844,530839.474035576 5008025.18686429,530839.473654535 5008025.22065329,530839.473559372 5008025.22909194,530839.482044255 5008025.23762977,530839.490529331 5008025.24615041,530839.507594454 5008025.25477022,530839.52465977 5008025.26337284,530839.524668499 5008025.26337292),(530840.580059808 5008025.27345702,530840.580068537 5008025.27345711,530840.588653141 5008025.27353913,530840.614489023 5008025.26534642,530840.631840023 5008025.24861589,530840.64051562 5008025.24024203,530840.64928638 5008025.22342951,530840.6494769 5008025.20653501,530840.649572063 5008025.19809635,530840.626784504 5008024.93597706,530840.626775775 5008024.93597698,530840.549549253 5008024.93523909,530840.529530971 5008025.18849263,530840.529435614 5008025.19694847,530840.529054573 5008025.23073747,530840.52895941 5008025.23917613,530840.537444293 5008025.24771395,530840.54592937 5008025.25623459,530840.562994492 5008025.2648544,530840.580059808 5008025.27345702),(530843.626175845 5008025.30256219,530843.626184573 5008025.30256228,530843.634769177 5008025.3026443,530843.66060506 5008025.29445159,530843.677956059 5008025.27772106,530843.686631656 5008025.2693472,530843.695402416 5008025.25253468,530843.695592936 5008025.23564018,530843.695688099 5008025.22720152,530843.67290054 5008024.96508223,530843.672891811 5008024.96508215,530843.595665289 5008024.96434426,530843.575647007 5008025.2175978,530843.57555165 5008025.22605364,530843.57517061 5008025.25984264,530843.575075447 5008025.2682813,530843.583560329 5008025.27681912,530843.592045406 5008025.28533976,530843.609110528 5008025.29395957,530843.626175845 5008025.30256219),(530849.718403553 5008025.36077249,530849.726988157 5008025.36085451,530849.752824039 5008025.35266181,530849.770175039 5008025.33593127,530849.778850636 5008025.32755741,530849.787621396 5008025.31074489,530849.787811916 5008025.29385039,530849.787907079 5008025.28541174,530849.76511952 5008025.02329244,530849.765110791 5008025.02329236,530849.687884269 5008025.02255447,530849.667865987 5008025.27580801,530849.66777063 5008025.28426385,530849.667389589 5008025.31805285,530849.667294426 5008025.32649151,530849.675779309 5008025.33502933,530849.684264386 5008025.34354997,530849.701329508 5008025.35216978,530849.718394824 5008025.36077241,530849.718403553 5008025.36077249),(530867.051181749 5008025.52638451,530867.059766353 5008025.52646653,530867.085602236 5008025.51827383,530867.102953235 5008025.50154329,530867.111628832 5008025.49316943,530867.120399592 5008025.47635691,530867.120590112 5008025.45946241,530867.120685275 5008025.45102376,530867.097897716 5008025.18890446,530867.097888987 5008025.18890438,530867.020662465 5008025.18816649,530867.000644183 5008025.44142003,530867.000548826 5008025.44987587,530867.000167786 5008025.48366487,530867.000072623 5008025.49210353,530867.008557505 5008025.50064136,530867.017042582 5008025.50916199,530867.034107704 5008025.5177818,530867.051173021 5008025.52638443,530867.051181749 5008025.52638451),(530846.672278788 5008025.33166724,530846.672287517 5008025.33166732,530846.680872121 5008025.33174935,530846.706708003 5008025.32355664,530846.724059003 5008025.3068261,530846.732734599 5008025.29845224,530846.741505359 5008025.28163972,530846.74169588 5008025.26474522,530846.741791043 5008025.25630657,530846.719003483 5008024.99418727,530846.718994755 5008024.99418719,530846.641768233 5008024.9934493,530846.621749951 5008025.24670284,530846.621654594 5008025.25515868,530846.621273553 5008025.28894768,530846.62117839 5008025.29738634,530846.629663273 5008025.30592417,530846.638148349 5008025.3144448,530846.655213472 5008025.32306461,530846.672278788 5008025.33166724),(530870.097289057 5008025.5554896,530870.097297786 5008025.55548968,530870.10588239 5008025.5555717,530870.131718272 5008025.54737899,530870.149069272 5008025.53064846,530870.157744869 5008025.5222746,530870.166515628 5008025.50546208,530870.166706149 5008025.48856758,530870.166801312 5008025.48012893,530870.144013752 5008025.21800963,530870.144005024 5008025.21800955,530870.066778502 5008025.21727166,530870.04676022 5008025.4705252,530870.046664863 5008025.47898104,530870.046283822 5008025.51277004,530870.046188659 5008025.5212087,530870.054673542 5008025.52974652,530870.063158618 5008025.53826716,530870.080223741 5008025.54688697,530870.097289057 5008025.5554896),(530850.497973545 5008033.85051786,530850.497982273 5008033.85051795,530850.506566877 5008033.85059997,530850.53240276 5008033.84240726,530850.549753759 5008033.82567673,530850.558429356 5008033.81730287,530850.567200116 5008033.80049035,530850.567390636 5008033.78359585,530850.567485799 5008033.77515719,530850.54469824 5008033.5130379,530850.544689511 5008033.51303781,530850.467462989 5008033.51229993,530850.447444707 5008033.76555347,530850.44734935 5008033.77400931,530850.44696831 5008033.80779831,530850.446873147 5008033.81623697,530850.455358029 5008033.82477479,530850.463843106 5008033.83329543,530850.480908228 5008033.84191524,530850.497973545 5008033.85051786),(530853.54409831 5008033.87962312,530853.552682914 5008033.87970514,530853.578518796 5008033.87151243,530853.595869796 5008033.8547819,530853.604545392 5008033.84640804,530853.613316152 5008033.82959552,530853.613506673 5008033.81270102,530853.613601836 5008033.80426236,530853.590814276 5008033.54214307,530853.590805548 5008033.54214298,530853.513579026 5008033.5414051,530853.493560744 5008033.79465863,530853.493465386 5008033.80311448,530853.493084346 5008033.83690348,530853.492989183 5008033.84534213,530853.501474066 5008033.85387996,530853.509959142 5008033.8624006,530853.527024265 5008033.87102041,530853.544089581 5008033.87962303,530853.54409831 5008033.87962312),(530844.405754565 5008033.79230765,530844.405763294 5008033.79230773,530844.414347898 5008033.79238976,530844.44018378 5008033.78419705,530844.45753478 5008033.76746652,530844.466210376 5008033.75909266,530844.474981136 5008033.74228014,530844.475171656 5008033.72538564,530844.47526682 5008033.71694698,530844.45247926 5008033.45482769,530844.452470532 5008033.4548276,530844.37524401 5008033.45408971,530844.355225727 5008033.70734325,530844.35513037 5008033.7157991,530844.35474933 5008033.7495881,530844.354654167 5008033.75802675,530844.363139049 5008033.76656458,530844.371624126 5008033.77508522,530844.388689248 5008033.78370503,530844.405754565 5008033.79230765),(530854.599498348 5008033.8897073,530854.608082952 5008033.88978932,530854.633918834 5008033.88159661,530854.651269834 5008033.86486608,530854.65994543 5008033.85649222,530854.66871619 5008033.8396797,530854.668906711 5008033.8227852,530854.669001874 5008033.81434655,530854.646214314 5008033.55222725,530854.646205586 5008033.55222717,530854.568979064 5008033.55148928,530854.548960782 5008033.80474282,530854.548865424 5008033.81319866,530854.548484384 5008033.84698766,530854.548389221 5008033.85542632,530854.556874104 5008033.86396414,530854.56535918 5008033.87248478,530854.582424303 5008033.88110459,530854.599489619 5008033.88970722,530854.599498348 5008033.8897073),(530847.45187933 5008033.8214129,530847.460463934 5008033.82149493,530847.486299816 5008033.81330222,530847.503650816 5008033.79657168,530847.512326413 5008033.78819782,530847.521097173 5008033.77138531,530847.521287693 5008033.75449081,530847.521382856 5008033.74605215,530847.498595297 5008033.48393285,530847.498586568 5008033.48393277,530847.421360046 5008033.48319488,530847.401341764 5008033.73644842,530847.401246407 5008033.74490426,530847.400865366 5008033.77869326,530847.400770203 5008033.78713192,530847.409255086 5008033.79566975,530847.417740162 5008033.80419039,530847.434805285 5008033.8128102,530847.451870601 5008033.82141282,530847.45187933 5008033.8214129),(530857.645605655 5008033.91881238,530857.645614384 5008033.91881247,530857.654198988 5008033.91889449,530857.68003487 5008033.91070178,530857.69738587 5008033.89397125,530857.706061467 5008033.88559739,530857.714832227 5008033.86878487,530857.715022747 5008033.85189037,530857.71511791 5008033.84345171,530857.692330351 5008033.58133242,530857.692321622 5008033.58133234,530857.6150951 5008033.58059445,530857.595076818 5008033.83384799,530857.594981461 5008033.84230383,530857.59460042 5008033.87609283,530857.594505257 5008033.88453149,530857.60299014 5008033.89306931,530857.611475217 5008033.90158995,530857.628540339 5008033.91020976,530857.645605655 5008033.91881238),(530834.220595386 5008033.69499003,530834.220604115 5008033.69499011,530834.229188719 5008033.69507213,530834.255024601 5008033.68687943,530834.272375601 5008033.67014889,530834.281051198 5008033.66177503,530834.289821958 5008033.64496251,530834.290012478 5008033.62806801,530834.290107641 5008033.61962936,530834.267320082 5008033.35751006,530834.267311353 5008033.35750998,530834.190084831 5008033.35677209,530834.170066549 5008033.61002563,530834.169971192 5008033.61848147,530834.169590151 5008033.65227047,530834.169494988 5008033.66070913,530834.177979871 5008033.66924695,530834.186464948 5008033.67776759,530834.20353007 5008033.6863874,530834.220595386 5008033.69499003),(530837.266711423 5008033.72409519,530837.266720151 5008033.72409528,530837.275304755 5008033.7241773,530837.301140638 5008033.71598459,530837.318491637 5008033.69925406,530837.327167234 5008033.6908802,530837.335937994 5008033.67406768,530837.336128514 5008033.65717318,530837.336223677 5008033.64873452,530837.313436118 5008033.38661523,530837.313427389 5008033.38661515,530837.236200867 5008033.38587726,530837.216182585 5008033.6391308,530837.216087228 5008033.64758664,530837.215706188 5008033.68137564,530837.215611025 5008033.6898143,530837.224095907 5008033.69835212,530837.232580984 5008033.70687276,530837.249646106 5008033.71549257,530837.266711423 5008033.72409519),(530843.358939131 5008033.78230549,530843.367523735 5008033.78238752,530843.393359617 5008033.77419481,530843.410710617 5008033.75746427,530843.419386214 5008033.74909041,530843.428156974 5008033.7322779,530843.428347494 5008033.71538339,530843.428442657 5008033.70694474,530843.405655098 5008033.44482544,530843.405646369 5008033.44482536,530843.328419847 5008033.44408747,530843.308401565 5008033.69734101,530843.308306208 5008033.70579685,530843.307925167 5008033.73958585,530843.307830004 5008033.74802451,530843.316314887 5008033.75656234,530843.324799964 5008033.76508297,530843.341865086 5008033.77370278,530843.358930402 5008033.78230541,530843.358939131 5008033.78230549),(530860.691717327 5008033.94791751,530860.700301931 5008033.94799954,530860.726137814 5008033.93980683,530860.743488813 5008033.92307629,530860.75216441 5008033.91470243,530860.76093517 5008033.89788992,530860.76112569 5008033.88099542,530860.761220853 5008033.87255676,530860.738433294 5008033.61043746,530860.738424565 5008033.61043738,530860.661198043 5008033.60969949,530860.641179761 5008033.86295303,530860.641084404 5008033.87140887,530860.640703364 5008033.90519787,530860.640608201 5008033.91363653,530860.649093083 5008033.92217436,530860.65757816 5008033.930695,530860.674643282 5008033.9393148,530860.691708599 5008033.94791743,530860.691717327 5008033.94791751),(530840.312814366 5008033.75320024,530840.312823095 5008033.75320032,530840.321407699 5008033.75328235,530840.347243581 5008033.74508964,530840.364594581 5008033.7283591,530840.373270178 5008033.71998524,530840.382040937 5008033.70317273,530840.382231458 5008033.68627823,530840.382326621 5008033.67783957,530840.359539061 5008033.41572027,530840.359530333 5008033.41572019,530840.282303811 5008033.4149823,530840.262285529 5008033.66823584,530840.262190172 5008033.67669168,530840.261809131 5008033.71048068,530840.261713968 5008033.71891934,530840.270198851 5008033.72745717,530840.278683927 5008033.73597781,530840.29574905 5008033.74459762,530840.312814366 5008033.75320024),(530863.737824635 5008033.9770226,530863.737833364 5008033.97702268,530863.746417968 5008033.9771047,530863.77225385 5008033.968912,530863.78960485 5008033.95218146,530863.798280447 5008033.9438076,530863.807051206 5008033.92699508,530863.807241727 5008033.91010058,530863.80733689 5008033.90166193,530863.78454933 5008033.63954263,530863.784540602 5008033.63954255,530863.70731408 5008033.63880466,530863.687295798 5008033.8920582,530863.687200441 5008033.90051404,530863.6868194 5008033.93430304,530863.686724237 5008033.9427417,530863.69520912 5008033.95127953,530863.703694196 5008033.95980016,530863.720759319 5008033.96841997,530863.737824635 5008033.9770226),(530844.138491568 5008042.27205929,530844.138500297 5008042.27205938,530844.147084901 5008042.2721414,530844.172920783 5008042.26394869,530844.190271783 5008042.24721816,530844.19894738 5008042.2388443,530844.20771814 5008042.22203178,530844.20790866 5008042.20513728,530844.208003823 5008042.19669862,530844.185216264 5008041.93457933,530844.185207535 5008041.93457924,530844.107981013 5008041.93384136,530844.087962731 5008042.1870949,530844.087867374 5008042.19555074,530844.087486333 5008042.22933974,530844.08739117 5008042.2377784,530844.095876053 5008042.24631622,530844.10436113 5008042.25483686,530844.121426252 5008042.26345667,530844.138491568 5008042.27205929),(530847.184616333 5008042.30116455,530847.193200937 5008042.30124657,530847.21903682 5008042.29305386,530847.236387819 5008042.27632333,530847.245063416 5008042.26794947,530847.253834176 5008042.25113695,530847.254024696 5008042.23424245,530847.254119859 5008042.22580379,530847.2313323 5008041.9636845,530847.231323571 5008041.96368441,530847.154097049 5008041.96294653,530847.134078767 5008042.21620006,530847.13398341 5008042.22465591,530847.13360237 5008042.25844491,530847.133507207 5008042.26688356,530847.141992089 5008042.27542139,530847.150477166 5008042.28394203,530847.167542288 5008042.29256184,530847.184607605 5008042.30116446,530847.184616333 5008042.30116455),(530838.046272589 5008042.21384908,530838.046281317 5008042.21384916,530838.054865921 5008042.21393119,530838.080701804 5008042.20573848,530838.098052803 5008042.18900795,530838.1067284 5008042.18063409,530838.11549916 5008042.16382157,530838.11568968 5008042.14692707,530838.115784843 5008042.13848841,530838.092997284 5008041.87636912,530838.092988555 5008041.87636903,530838.015762033 5008041.87563114,530837.995743751 5008042.12888468,530837.995648394 5008042.13734053,530837.995267354 5008042.17112953,530837.995172191 5008042.17956818,530838.003657073 5008042.18810601,530838.01214215 5008042.19662665,530838.029207272 5008042.20524646,530838.046272589 5008042.21384908),(530848.240016371 5008042.31124873,530848.248600975 5008042.31133075,530848.274436858 5008042.30313804,530848.291787857 5008042.28640751,530848.300463454 5008042.27803365,530848.309234214 5008042.26122113,530848.309424734 5008042.24432663,530848.309519897 5008042.23588798,530848.286732338 5008041.97376868,530848.286723609 5008041.9737686,530848.209497088 5008041.97303071,530848.189478805 5008042.22628425,530848.189383448 5008042.23474009,530848.189002408 5008042.26852909,530848.188907245 5008042.27696775,530848.197392127 5008042.28550557,530848.205877204 5008042.29402621,530848.222942326 5008042.30264602,530848.240007643 5008042.31124865,530848.240016371 5008042.31124873),(530841.092397354 5008042.24295433,530841.100981958 5008042.24303636,530841.12681784 5008042.23484365,530841.14416884 5008042.21811311,530841.152844436 5008042.20973925,530841.161615196 5008042.19292674,530841.161805717 5008042.17603224,530841.16190088 5008042.16759358,530841.13911332 5008041.90547428,530841.139104592 5008041.9054742,530841.06187807 5008041.90473631,530841.041859788 5008042.15798985,530841.04176443 5008042.16644569,530841.04138339 5008042.20023469,530841.041288227 5008042.20867335,530841.04977311 5008042.21721118,530841.058258186 5008042.22573182,530841.075323309 5008042.23435163,530841.092388625 5008042.24295425,530841.092397354 5008042.24295433),(530851.286123679 5008042.34035381,530851.286132408 5008042.3403539,530851.294717012 5008042.34043592,530851.320552894 5008042.33224321,530851.337903894 5008042.31551268,530851.346579491 5008042.30713882,530851.35535025 5008042.2903263,530851.355540771 5008042.2734318,530851.355635934 5008042.26499314,530851.332848374 5008042.00287385,530851.332839646 5008042.00287377,530851.255613124 5008042.00213588,530851.235594842 5008042.25538942,530851.235499485 5008042.26384526,530851.235118444 5008042.29763426,530851.235023281 5008042.30607292,530851.243508164 5008042.31461074,530851.25199324 5008042.32313138,530851.269058363 5008042.33175119,530851.286123679 5008042.34035381),(530827.86111341 5008042.11653146,530827.861122139 5008042.11653154,530827.869706743 5008042.11661356,530827.895542625 5008042.10842086,530827.912893625 5008042.09169032,530827.921569222 5008042.08331646,530827.930339981 5008042.06650394,530827.930530502 5008042.04960944,530827.930625665 5008042.04117079,530827.907838105 5008041.77905149,530827.907829377 5008041.77905141,530827.830602855 5008041.77831352,530827.810584573 5008042.03156706,530827.810489216 5008042.0400229,530827.810108175 5008042.0738119,530827.810013012 5008042.08225056,530827.818497895 5008042.09078838,530827.826982971 5008042.09930902,530827.844048094 5008042.10792883,530827.86111341 5008042.11653146),(530830.907229446 5008042.14563662,530830.907238175 5008042.14563671,530830.915822779 5008042.14571873,530830.941658661 5008042.13752602,530830.959009661 5008042.12079549,530830.967685258 5008042.11242163,530830.976456018 5008042.09560911,530830.976646538 5008042.07871461,530830.976741701 5008042.07027595,530830.953954142 5008041.80815666,530830.953945413 5008041.80815658,530830.876718891 5008041.80741869,530830.856700609 5008042.06067223,530830.856605252 5008042.06912807,530830.856224212 5008042.10291707,530830.856129048 5008042.11135573,530830.864613931 5008042.11989355,530830.873099008 5008042.12841419,530830.89016413 5008042.137034,530830.907229446 5008042.14563662),(530836.999457155 5008042.20384692,530837.008041759 5008042.20392895,530837.033877641 5008042.19573624,530837.051228641 5008042.1790057,530837.059904238 5008042.17063184,530837.068674998 5008042.15381933,530837.068865518 5008042.13692482,530837.068960681 5008042.12848617,530837.046173121 5008041.86636687,530837.046164393 5008041.86636679,530836.968937871 5008041.8656289,530836.948919589 5008042.11888244,530836.948824232 5008042.12733828,530836.948443191 5008042.16112728,530836.948348028 5008042.16956594,530836.956832911 5008042.17810377,530836.965317987 5008042.1866244,530836.98238311 5008042.19524421,530836.999448426 5008042.20384684,530836.999457155 5008042.20384692),(530854.332235351 5008042.36945894,530854.340819955 5008042.36954097,530854.366655837 5008042.36134826,530854.384006837 5008042.34461772,530854.392682434 5008042.33624386,530854.401453194 5008042.31943135,530854.401643714 5008042.30253685,530854.401738877 5008042.29409819,530854.378951318 5008042.03197889,530854.378942589 5008042.03197881,530854.301716067 5008042.03124092,530854.281697785 5008042.28449446,530854.281602428 5008042.2929503,530854.281221388 5008042.3267393,530854.281126224 5008042.33517796,530854.289611107 5008042.34371579,530854.298096184 5008042.35223643,530854.315161306 5008042.36085624,530854.332226622 5008042.36945886,530854.332235351 5008042.36945894),(530833.95333239 5008042.17474167,530833.953341118 5008042.17474175,530833.961925722 5008042.17482378,530833.987761605 5008042.16663107,530834.005112604 5008042.14990053,530834.013788201 5008042.14152667,530834.022558961 5008042.12471416,530834.022749481 5008042.10781966,530834.022844644 5008042.099381,530834.000057085 5008041.8372617,530834.000048356 5008041.83726162,530833.922821835 5008041.83652373,530833.902803552 5008042.08977727,530833.902708195 5008042.09823311,530833.902327155 5008042.13202211,530833.902231992 5008042.14046077,530833.910716874 5008042.1489986,530833.919201951 5008042.15751924,530833.936267073 5008042.16613905,530833.95333239 5008042.17474167),(530857.378342659 5008042.39856403,530857.378351387 5008042.39856411,530857.386935991 5008042.39864613,530857.412771874 5008042.39045343,530857.430122874 5008042.37372289,530857.43879847 5008042.36534903,530857.44756923 5008042.34853651,530857.44775975 5008042.33164201,530857.447854914 5008042.32320336,530857.425067354 5008042.06108406,530857.425058626 5008042.06108398,530857.347832104 5008042.06034609,530857.327813821 5008042.31359963,530857.327718464 5008042.32205547,530857.327337424 5008042.35584447,530857.327242261 5008042.36428313,530857.335727143 5008042.37282096,530857.34421222 5008042.38134159,530857.361277342 5008042.3899614,530857.378342659 5008042.39856403),(530837.770438178 5008050.69351023,530837.770446907 5008050.69351031,530837.779031511 5008050.69359234,530837.804867393 5008050.68539963,530837.822218393 5008050.66866909,530837.83089399 5008050.66029523,530837.839664749 5008050.64348272,530837.83985527 5008050.62658822,530837.839950433 5008050.61814956,530837.817162873 5008050.35603026,530837.817154145 5008050.35603018,530837.739927623 5008050.35529229,530837.719909341 5008050.60854583,530837.719813984 5008050.61700167,530837.719432943 5008050.65079067,530837.71933778 5008050.65922933,530837.727822663 5008050.66776716,530837.736307739 5008050.6762878,530837.753372862 5008050.68490761,530837.770438178 5008050.69351023),(530840.816562943 5008050.72261548,530840.825147547 5008050.72269751,530840.850983429 5008050.7145048,530840.868334429 5008050.69777426,530840.877010026 5008050.6894004,530840.885780786 5008050.67258789,530840.885971306 5008050.65569338,530840.886066469 5008050.64725473,530840.86327891 5008050.38513543,530840.863270181 5008050.38513535,530840.786043659 5008050.38439746,530840.766025377 5008050.637651,530840.76593002 5008050.64610684,530840.76554898 5008050.67989584,530840.765453816 5008050.6883345,530840.773938699 5008050.69687233,530840.782423776 5008050.70539297,530840.799488898 5008050.71401277,530840.816554214 5008050.7226154,530840.816562943 5008050.72261548),(530831.678219198 5008050.63530002,530831.678227927 5008050.6353001,530831.686812531 5008050.63538212,530831.712648413 5008050.62718942,530831.729999413 5008050.61045888,530831.73867501 5008050.60208502,530831.74744577 5008050.5852725,530831.74763629 5008050.568378,530831.747731453 5008050.55993935,530831.724943894 5008050.29782005,530831.724935165 5008050.29781997,530831.647708643 5008050.29708208,530831.627690361 5008050.55033562,530831.627595004 5008050.55879146,530831.627213963 5008050.59258046,530831.6271188 5008050.60101912,530831.635603683 5008050.60955695,530831.64408876 5008050.61807758,530831.661153882 5008050.62669739,530831.678219198 5008050.63530002),(530841.871962981 5008050.73269967,530841.880547585 5008050.73278169,530841.906383467 5008050.72458898,530841.923734467 5008050.70785845,530841.932410064 5008050.69948459,530841.941180824 5008050.68267207,530841.941371344 5008050.66577757,530841.941466507 5008050.65733891,530841.918678948 5008050.39521962,530841.918670219 5008050.39521953,530841.841443697 5008050.39448165,530841.821425415 5008050.64773518,530841.821330058 5008050.65619103,530841.820949018 5008050.68998003,530841.820853854 5008050.69841868,530841.829338737 5008050.70695651,530841.837823814 5008050.71547715,530841.854888936 5008050.72409696,530841.871954252 5008050.73269958,530841.871962981 5008050.73269967),(530834.724343963 5008050.66440527,530834.732928567 5008050.66448729,530834.75876445 5008050.65629458,530834.776115449 5008050.63956405,530834.784791046 5008050.63119019,530834.793561806 5008050.61437767,530834.793752326 5008050.59748317,530834.793847489 5008050.58904452,530834.77105993 5008050.32692522,530834.771051201 5008050.32692514,530834.693824679 5008050.32618725,530834.673806397 5008050.57944079,530834.67371104 5008050.58789663,530834.67333 5008050.62168563,530834.673234837 5008050.63012429,530834.681719719 5008050.63866211,530834.690204796 5008050.64718275,530834.707269918 5008050.65580256,530834.724335235 5008050.66440518,530834.724343963 5008050.66440527),(530844.918070289 5008050.76180475,530844.918079017 5008050.76180483,530844.926663621 5008050.76188686,530844.952499504 5008050.75369415,530844.969850503 5008050.73696362,530844.9785261 5008050.72858976,530844.98729686 5008050.71177724,530844.98748738 5008050.69488274,530844.987582544 5008050.68644408,530844.964794984 5008050.42432479,530844.964786255 5008050.4243247,530844.887559734 5008050.42358681,530844.867541451 5008050.67684035,530844.867446094 5008050.6852962,530844.867065054 5008050.7190852,530844.866969891 5008050.72752385,530844.875454773 5008050.73606168,530844.88393985 5008050.74458232,530844.901004972 5008050.75320213,530844.918070289 5008050.76180475),(530821.49306002 5008050.53798239,530821.493068748 5008050.53798248,530821.501653352 5008050.5380645,530821.527489235 5008050.52987179,530821.544840234 5008050.51314126,530821.553515831 5008050.5047674,530821.562286591 5008050.48795488,530821.562477111 5008050.47106038,530821.562572274 5008050.46262172,530821.539784715 5008050.20050243,530821.539775986 5008050.20050234,530821.462549465 5008050.19976446,530821.442531182 5008050.45301799,530821.442435825 5008050.46147384,530821.442054785 5008050.49526284,530821.441959622 5008050.5037015,530821.450444504 5008050.51223932,530821.458929581 5008050.52075996,530821.475994703 5008050.52937977,530821.49306002 5008050.53798239),(530824.539176056 5008050.56708756,530824.539184785 5008050.56708764,530824.547769389 5008050.56716967,530824.573605271 5008050.55897696,530824.590956271 5008050.54224643,530824.599631868 5008050.53387257,530824.608402628 5008050.51706005,530824.608593148 5008050.50016555,530824.608688311 5008050.49172689,530824.585900751 5008050.2296076,530824.585892023 5008050.22960751,530824.508665501 5008050.22886963,530824.488647219 5008050.48212316,530824.488551862 5008050.49057901,530824.488170821 5008050.52436801,530824.488075658 5008050.53280666,530824.496560541 5008050.54134449,530824.505045617 5008050.54986513,530824.52211074 5008050.55848494,530824.539176056 5008050.56708756),(530830.631403764 5008050.62529786,530830.639988368 5008050.62537988,530830.665824251 5008050.61718717,530830.683175251 5008050.60045664,530830.691850847 5008050.59208278,530830.700621607 5008050.57527026,530830.700812127 5008050.55837576,530830.700907291 5008050.5499371,530830.678119731 5008050.28781781,530830.678111003 5008050.28781773,530830.600884481 5008050.28707984,530830.580866198 5008050.54033338,530830.580770841 5008050.54878922,530830.580389801 5008050.58257822,530830.580294638 5008050.59101688,530830.58877952 5008050.5995547,530830.597264597 5008050.60807534,530830.614329719 5008050.61669515,530830.631395036 5008050.62529777,530830.631403764 5008050.62529786),(530847.964181961 5008050.79090988,530847.972766565 5008050.7909919,530847.998602447 5008050.78279919,530848.015953447 5008050.76606866,530848.024629044 5008050.7576948,530848.033399804 5008050.74088228,530848.033590324 5008050.72398778,530848.033685487 5008050.71554912,530848.010897927 5008050.45342983,530848.010889199 5008050.45342975,530847.933662677 5008050.45269186,530847.913644395 5008050.7059454,530847.913549038 5008050.71440124,530847.913167997 5008050.74819024,530847.913072834 5008050.7566289,530847.921557717 5008050.76516672,530847.930042793 5008050.77368736,530847.947107916 5008050.78230717,530847.964173232 5008050.79090979,530847.964181961 5008050.79090988),(530827.585278999 5008050.5961926,530827.585287728 5008050.59619269,530827.593872332 5008050.59627471,530827.619708214 5008050.588082,530827.637059214 5008050.57135147,530827.645734811 5008050.56297761,530827.654505571 5008050.54616509,530827.654696091 5008050.52927059,530827.654791254 5008050.52083194,530827.632003695 5008050.25871264,530827.631994966 5008050.25871256,530827.554768444 5008050.25797467,530827.534750162 5008050.51122821,530827.534654805 5008050.51968405,530827.534273765 5008050.55347305,530827.534178601 5008050.56191171,530827.542663484 5008050.57044953,530827.551148561 5008050.57897017,530827.568213683 5008050.58758998,530827.585278999 5008050.5961926),(530851.010289268 5008050.82001496,530851.010297997 5008050.82001505,530851.018882601 5008050.82009707,530851.044718483 5008050.81190436,530851.062069483 5008050.79517383,530851.07074508 5008050.78679997,530851.07951584 5008050.76998745,530851.07970636 5008050.75309295,530851.079801523 5008050.74465429,530851.057013964 5008050.482535,530851.057005235 5008050.48253492,530850.979778713 5008050.48179703,530850.959760431 5008050.73505057,530850.959665074 5008050.74350641,530850.959284034 5008050.77729541,530850.959188871 5008050.78573407,530850.967673753 5008050.79427189,530850.97615883 5008050.80279253,530850.993223952 5008050.81141234,530851.010289268 5008050.82001496),(530828.116022136 5008059.08355188,530828.116030864 5008059.08355197,530828.124615468 5008059.08363399,530828.150451351 5008059.07544128,530828.16780235 5008059.05871075,530828.176477947 5008059.05033689,530828.185248707 5008059.03352437,530828.185439227 5008059.01662987,530828.185534391 5008059.00819121,530828.162746831 5008058.74607192,530828.162738102 5008058.74607183,530828.085511581 5008058.74533395,530828.065493298 5008058.99858748,530828.065397941 5008059.00704333,530828.065016901 5008059.04083233,530828.064921738 5008059.04927098,530828.07340662 5008059.05780881,530828.081891697 5008059.06632945,530828.098956819 5008059.07494926,530828.116022136 5008059.08355188),(530831.162133808 5008059.11265701,530831.170718412 5008059.11273903,530831.196554294 5008059.10454633,530831.213905294 5008059.08781579,530831.222580891 5008059.07944193,530831.231351651 5008059.06262941,530831.231542171 5008059.04573491,530831.231637334 5008059.03729626,530831.208849774 5008058.77517696,530831.208841046 5008058.77517688,530831.131614524 5008058.77443899,530831.111596242 5008059.02769253,530831.111500885 5008059.03614837,530831.111119844 5008059.06993737,530831.111024681 5008059.07837603,530831.119509564 5008059.08691385,530831.12799464 5008059.09543449,530831.145059763 5008059.1040543,530831.162125079 5008059.11265693,530831.162133808 5008059.11265701),(530835.263658417 5008059.15186363,530835.272243021 5008059.15194566,530835.298078903 5008059.14375295,530835.315429903 5008059.12702241,530835.3241055 5008059.11864855,530835.33287626 5008059.10183604,530835.33306678 5008059.08494154,530835.333161943 5008059.07650288,530835.310374384 5008058.81438358,530835.310365655 5008058.8143835,530835.233139133 5008058.81364561,530835.213120851 5008059.06689915,530835.213025494 5008059.07535499,530835.212644454 5008059.10914399,530835.21254929 5008059.11758265,530835.221034173 5008059.12612048,530835.22951925 5008059.13464112,530835.246584372 5008059.14326093,530835.263649688 5008059.15186355,530835.263658417 5008059.15186363),(530841.355868668 5008059.21007376,530841.355877397 5008059.21007384,530841.364462001 5008059.21015587,530841.390297883 5008059.20196316,530841.407648883 5008059.18523263,530841.41632448 5008059.17685877,530841.42509524 5008059.16004625,530841.42528576 5008059.14315175,530841.425380923 5008059.13471309,530841.402593363 5008058.8725938,530841.402584635 5008058.87259371,530841.325358113 5008058.87185583,530841.305339831 5008059.12510936,530841.305244474 5008059.13356521,530841.304863433 5008059.16735421,530841.30476827 5008059.17579286,530841.313253153 5008059.18433069,530841.321738229 5008059.19285133,530841.338803352 5008059.20147114,530841.355868668 5008059.21007376),(530838.309765725 5008059.18096872,530838.309774453 5008059.1809688,530838.318359057 5008059.18105082,530838.34419494 5008059.17285812,530838.361545939 5008059.15612758,530838.370221536 5008059.14775372,530838.378992296 5008059.1309412,530838.379182816 5008059.1140467,530838.379277979 5008059.10560805,530838.35649042 5008058.84348875,530838.356481691 5008058.84348867,530838.27925517 5008058.84275078,530838.259236887 5008059.09600432,530838.25914153 5008059.10446016,530838.25876049 5008059.13824916,530838.258665327 5008059.14668782,530838.267150209 5008059.15522565,530838.275635286 5008059.16374628,530838.292700408 5008059.17236609,530838.309765725 5008059.18096872),(530844.401993433 5008059.23917901,530844.410578037 5008059.23926104,530844.436413919 5008059.23106833,530844.453764919 5008059.2143378,530844.462440516 5008059.20596393,530844.471211276 5008059.18915142,530844.471401796 5008059.17225692,530844.471496959 5008059.16381826,530844.4487094 5008058.90169897,530844.448700671 5008058.90169888,530844.371474149 5008058.90096099,530844.351455867 5008059.15421453,530844.35136051 5008059.16267037,530844.35097947 5008059.19645938,530844.350884306 5008059.20489803,530844.359369189 5008059.21343586,530844.367854266 5008059.2219565,530844.384919388 5008059.23057631,530844.401984704 5008059.23917893,530844.401993433 5008059.23917901),(530825.069914828 5008059.0544468,530825.078499432 5008059.05452882,530825.104335314 5008059.04633611,530825.121686314 5008059.02960558,530825.130361911 5008059.02123172,530825.139132671 5008059.0044192,530825.139323191 5008058.9875247,530825.139418354 5008058.97908604,530825.116630795 5008058.71696675,530825.116622066 5008058.71696667,530825.039395544 5008058.71622878,530825.019377262 5008058.96948232,530825.019281905 5008058.97793816,530825.018900865 5008059.01172716,530825.018805701 5008059.02016582,530825.027290584 5008059.02870364,530825.035775661 5008059.03722428,530825.052840783 5008059.04584409,530825.069906099 5008059.05444671,530825.069914828 5008059.0544468),(530834.208249844 5008059.14176218,530834.216834448 5008059.1418442,530834.24267033 5008059.13365149,530834.26002133 5008059.11692096,530834.268696927 5008059.1085471,530834.277467687 5008059.09173458,530834.277658207 5008059.07484008,530834.27775337 5008059.06640142,530834.254965811 5008058.80428213,530834.254957082 5008058.80428205,530834.17773056 5008058.80354416,530834.157712278 5008059.0567977,530834.157616921 5008059.06525354,530834.157235881 5008059.09904254,530834.157140717 5008059.1074812,530834.1656256 5008059.11601902,530834.174110677 5008059.12453966,530834.191175799 5008059.13315947,530834.208241115 5008059.14176209,530834.208249844 5008059.14176218),(530847.060936244 5008008.3707788,530847.060944973 5008008.37077888,530847.069529577 5008008.3708609,530847.095365459 5008008.3626682,530847.112716459 5008008.34593766,530847.121392055 5008008.3375638,530847.130162815 5008008.32075128,530847.130353336 5008008.30385678,530847.130448499 5008008.29541813,530847.107660939 5008008.03329883,530847.107652211 5008008.03329875,530847.030425689 5008008.03256086,530847.010407406 5008008.2858144,530847.010312049 5008008.29427024,530847.009931009 5008008.32805924,530847.009835846 5008008.3364979,530847.018320729 5008008.34503573,530847.026805805 5008008.35355636,530847.043870928 5008008.36217617,530847.060936244 5008008.3707788),(530850.107047916 5008008.39988392,530850.11563252 5008008.39996595,530850.141468402 5008008.39177324,530850.158819402 5008008.37504271,530850.167494999 5008008.36666885,530850.176265759 5008008.34985633,530850.176456279 5008008.33296183,530850.176551442 5008008.32452317,530850.153763883 5008008.06240388,530850.153755154 5008008.06240379,530850.076528632 5008008.0616659,530850.05651035 5008008.31491944,530850.056414993 5008008.32337529,530850.056033952 5008008.35716429,530850.055938789 5008008.36560294,530850.064423672 5008008.37414077,530850.072908749 5008008.38266141,530850.089973871 5008008.39128122,530850.107039187 5008008.39988384,530850.107047916 5008008.39988392),(530854.208572525 5008008.43909055,530854.217157129 5008008.43917257,530854.242993011 5008008.43097986,530854.260344011 5008008.41424933,530854.269019608 5008008.40587547,530854.277790368 5008008.38906295,530854.277980888 5008008.37216845,530854.278076051 5008008.36372979,530854.255288492 5008008.1016105,530854.255279763 5008008.10161041,530854.178053241 5008008.10087253,530854.158034959 5008008.35412607,530854.157939602 5008008.36258191,530854.157558562 5008008.39637091,530854.157463399 5008008.40480957,530854.165948281 5008008.41334739,530854.174433358 5008008.42186803,530854.19149848 5008008.43048784,530854.208563796 5008008.43909046,530854.208572525 5008008.43909055),(530860.300782776 5008008.49730068,530860.300791505 5008008.49730076,530860.309376109 5008008.49738278,530860.335211991 5008008.48919007,530860.352562991 5008008.47245954,530860.361238588 5008008.46408568,530860.370009348 5008008.44727316,530860.370199868 5008008.43037866,530860.370295031 5008008.42194001,530860.347507472 5008008.15982071,530860.347498743 5008008.15982063,530860.270272221 5008008.15908274,530860.250253939 5008008.41233628,530860.250158582 5008008.42079212,530860.249777541 5008008.45458112,530860.249682378 5008008.46301978,530860.258167261 5008008.4715576,530860.266652338 5008008.48007824,530860.28371746 5008008.48869805,530860.300782776 5008008.49730068),(530857.254679833 5008008.46819563,530857.254688562 5008008.46819571,530857.263273166 5008008.46827774,530857.289109048 5008008.46008503,530857.306460048 5008008.4433545,530857.315135644 5008008.43498064,530857.323906404 5008008.41816812,530857.324096925 5008008.40127362,530857.324192088 5008008.39283496,530857.301404528 5008008.13071567,530857.3013958 5008008.13071558,530857.224169278 5008008.1299777,530857.204150995 5008008.38323123,530857.204055638 5008008.39168708,530857.203674598 5008008.42547608,530857.203579435 5008008.43391473,530857.212064318 5008008.44245256,530857.220549394 5008008.4509732,530857.237614517 5008008.45959301,530857.254679833 5008008.46819563),(530863.346907541 5008008.52640593,530863.355492145 5008008.52648795,530863.381328028 5008008.51829524,530863.398679027 5008008.50156471,530863.407354624 5008008.49319085,530863.416125384 5008008.47637833,530863.416315904 5008008.45948383,530863.416411067 5008008.45104517,530863.393623508 5008008.18892588,530863.393614779 5008008.1889258,530863.316388257 5008008.18818791,530863.296369975 5008008.44144145,530863.296274618 5008008.44989729,530863.295893578 5008008.48368629,530863.295798415 5008008.49212495,530863.304283297 5008008.50066277,530863.312768374 5008008.50918341,530863.329833496 5008008.51780322,530863.346898813 5008008.52640584,530863.346907541 5008008.52640593),(530844.014828936 5008008.34167371,530844.02341354 5008008.34175574,530844.049249423 5008008.33356303,530844.066600422 5008008.31683249,530844.075276019 5008008.30845863,530844.084046779 5008008.29164612,530844.084237299 5008008.27475161,530844.084332462 5008008.26631296,530844.061544903 5008008.00419366,530844.061536174 5008008.00419358,530843.984309652 5008008.00345569,530843.96429137 5008008.25670923,530843.964196013 5008008.26516507,530843.963814973 5008008.29895407,530843.96371981 5008008.30739273,530843.972204692 5008008.31593056,530843.980689769 5008008.3244512,530843.997754891 5008008.333071,530844.014820207 5008008.34167363,530844.014828936 5008008.34167371),(530853.153163952 5008008.42898909,530853.161748556 5008008.42907112,530853.187584439 5008008.42087841,530853.204935438 5008008.40414787,530853.213611035 5008008.39577401,530853.222381795 5008008.3789615,530853.222572315 5008008.362067,530853.222667478 5008008.35362834,530853.199879919 5008008.09150905,530853.19987119 5008008.09150896,530853.122644668 5008008.09077107,530853.102626386 5008008.34402461,530853.102531029 5008008.35248045,530853.102149989 5008008.38626945,530853.102054826 5008008.39470811,530853.110539708 5008008.40324594,530853.119024785 5008008.41176658,530853.136089907 5008008.42038639,530853.153155224 5008008.42898901,530853.153163952 5008008.42898909),(530818.54157442 5007991.13369159,530818.550159024 5007991.13377361,530818.575994906 5007991.1255809,530818.593345906 5007991.10885037,530818.602021503 5007991.10047651,530818.610792263 5007991.08366399,530818.610982783 5007991.06676949,530818.611077946 5007991.05833083,530818.588290387 5007990.79621154,530818.588281658 5007990.79621146,530818.511055136 5007990.79547357,530818.491036854 5007991.04872711,530818.490941497 5007991.05718295,530818.490560456 5007991.09097195,530818.490465293 5007991.09941061,530818.498950176 5007991.10794843,530818.507435253 5007991.11646907,530818.524500375 5007991.12508888,530818.541565691 5007991.1336915,530818.54157442 5007991.13369159),(530831.772849635 5007991.26011438,530831.781434239 5007991.2601964,530831.807270121 5007991.25200369,530831.824621121 5007991.23527316,530831.833296718 5007991.2268993,530831.842067478 5007991.21008678,530831.842257998 5007991.19319228,530831.842353161 5007991.18475363,530831.819565602 5007990.92263433,530831.819556873 5007990.92263425,530831.742330351 5007990.92189636,530831.722312069 5007991.1751499,530831.722216712 5007991.18360574,530831.721835671 5007991.21739474,530831.721740508 5007991.2258334,530831.730225391 5007991.23437122,530831.738710467 5007991.24289186,530831.75577559 5007991.25151167,530831.772840906 5007991.2601143,530831.772849635 5007991.26011438),(530832.828240944 5007991.27019848,530832.828249673 5007991.27019856,530832.836834277 5007991.27028059,530832.862670159 5007991.26208788,530832.880021159 5007991.24535734,530832.888696756 5007991.23698348,530832.897467516 5007991.22017097,530832.897658036 5007991.20327647,530832.897753199 5007991.19483781,530832.87496564 5007990.93271852,530832.874956911 5007990.93271843,530832.797730389 5007990.93198054,530832.777712107 5007991.18523408,530832.77761675 5007991.19368992,530832.777235709 5007991.22747893,530832.777140546 5007991.23591758,530832.785625429 5007991.24445541,530832.794110505 5007991.25297605,530832.811175628 5007991.26159586,530832.828240944 5007991.27019848),(530821.587690456 5007991.16279676,530821.59627506 5007991.16287878,530821.622110943 5007991.15468607,530821.639461942 5007991.13795554,530821.648137539 5007991.12958168,530821.656908299 5007991.11276916,530821.657098819 5007991.09587466,530821.657193982 5007991.087436,530821.634406423 5007990.82531671,530821.634397694 5007990.82531662,530821.557171172 5007990.82457874,530821.53715289 5007991.07783227,530821.537057533 5007991.08628812,530821.536676493 5007991.12007712,530821.53658133 5007991.12851577,530821.545066212 5007991.1370536,530821.553551289 5007991.14557424,530821.570616411 5007991.15419405,530821.587681728 5007991.16279667,530821.587690456 5007991.16279676),(530825.680630655 5007991.20190417,530825.689215259 5007991.20198619,530825.715051141 5007991.19379348,530825.732402141 5007991.17706295,530825.741077738 5007991.16868909,530825.749848498 5007991.15187657,530825.750039018 5007991.13498207,530825.750134181 5007991.12654341,530825.727346622 5007990.86442412,530825.727337893 5007990.86442403,530825.650111371 5007990.86368615,530825.630093089 5007991.11693969,530825.629997732 5007991.12539553,530825.629616692 5007991.15918453,530825.629521528 5007991.16762319,530825.638006411 5007991.17616101,530825.646491488 5007991.18468165,530825.66355661 5007991.19330146,530825.680621926 5007991.20190408,530825.680630655 5007991.20190417),(530822.63450589 5007991.17279891,530822.634514619 5007991.172799,530822.643099223 5007991.17288102,530822.668935105 5007991.16468831,530822.686286105 5007991.14795778,530822.694961702 5007991.13958392,530822.703732462 5007991.1227714,530822.703922982 5007991.1058769,530822.704018145 5007991.09743824,530822.681230585 5007990.83531895,530822.681221857 5007990.83531887,530822.603995335 5007990.83458098,530822.583977053 5007991.08783452,530822.583881696 5007991.09629036,530822.583500655 5007991.13007936,530822.583405492 5007991.13851802,530822.591890375 5007991.14705584,530822.600375451 5007991.15557648,530822.617440574 5007991.16419629,530822.63450589 5007991.17279891),(530828.72672487 5007991.23100913,530828.726733599 5007991.23100921,530828.735318203 5007991.23109123,530828.761154085 5007991.22289853,530828.778505085 5007991.20616799,530828.787180681 5007991.19779413,530828.795951441 5007991.18098161,530828.796141961 5007991.16408711,530828.796237125 5007991.15564846,530828.773449565 5007990.89352916,530828.773440837 5007990.89352908,530828.696214315 5007990.89279119,530828.676196032 5007991.14604473,530828.676100675 5007991.15450057,530828.675719635 5007991.18828957,530828.675624472 5007991.19672823,530828.684109355 5007991.20526606,530828.692594431 5007991.21378669,530828.709659553 5007991.2224065,530828.72672487 5007991.23100913),(530812.449346712 5007991.07548129,530812.44935544 5007991.07548137,530812.457940044 5007991.0755634,530812.483775927 5007991.06737069,530812.501126926 5007991.05064016,530812.509802523 5007991.0422663,530812.518573283 5007991.02545378,530812.518763803 5007991.00855928,530812.518858966 5007991.00012062,530812.496071407 5007990.73800133,530812.496062678 5007990.73800124,530812.418836156 5007990.73726335,530812.398817874 5007990.99051689,530812.398722517 5007990.99897274,530812.398341477 5007991.03276174,530812.398246314 5007991.04120039,530812.406731196 5007991.04973822,530812.415216273 5007991.05825886,530812.432281395 5007991.06687867,530812.449346712 5007991.07548129),(530815.495471477 5007991.10458654,530815.504056081 5007991.10466857,530815.529891963 5007991.09647586,530815.547242963 5007991.07974532,530815.555918559 5007991.07137146,530815.564689319 5007991.05455895,530815.56487984 5007991.03766445,530815.564975003 5007991.02922579,530815.542187443 5007990.76710649,530815.542178715 5007990.76710641,530815.464952193 5007990.76636852,530815.444933911 5007991.01962206,530815.444838553 5007991.0280779,530815.444457513 5007991.0618669,530815.44436235 5007991.07030556,530815.452847233 5007991.07884339,530815.461332309 5007991.08736403,530815.478397432 5007991.09598384,530815.495462748 5007991.10458646,530815.495471477 5007991.10458654),(530802.255611657 5007990.97808172,530802.255620386 5007990.97808181,530802.26420499 5007990.97816383,530802.290040872 5007990.96997112,530802.307391872 5007990.95324059,530802.316067469 5007990.94486673,530802.324838229 5007990.92805421,530802.325028749 5007990.91115971,530802.325123912 5007990.90272105,530802.302336353 5007990.64060176,530802.302327624 5007990.64060168,530802.225101102 5007990.63986379,530802.20508282 5007990.89311733,530802.204987463 5007990.90157317,530802.204606423 5007990.93536217,530802.204511259 5007990.94380083,530802.212996142 5007990.95233865,530802.221481219 5007990.96085929,530802.238546341 5007990.9694791,530802.255611657 5007990.97808172),(530805.301736422 5007991.00718698,530805.310321026 5007991.007269,530805.336156909 5007990.99907629,530805.353507909 5007990.98234576,530805.362183505 5007990.9739719,530805.370954265 5007990.95715938,530805.371144785 5007990.94026488,530805.371239949 5007990.93182622,530805.348452389 5007990.66970693,530805.348443661 5007990.66970685,530805.271217139 5007990.66896896,530805.251198856 5007990.9222225,530805.251103499 5007990.93067834,530805.250722459 5007990.96446734,530805.250627296 5007990.972906,530805.259112178 5007990.98144382,530805.267597255 5007990.98996446,530805.284662377 5007990.99858427,530805.301727694 5007991.00718689,530805.301736422 5007991.00718698),(530835.874365709 5007991.29930373,530835.882950313 5007991.29938576,530835.908786196 5007991.29119305,530835.926137195 5007991.27446251,530835.934812792 5007991.26608865,530835.943583552 5007991.24927614,530835.943774072 5007991.23238164,530835.943869235 5007991.22394298,530835.921081676 5007990.96182368,530835.921072947 5007990.9618236,530835.843846425 5007990.96108571,530835.823828143 5007991.21433925,530835.823732786 5007991.22279509,530835.823351746 5007991.25658409,530835.823256583 5007991.26502275,530835.831741465 5007991.27356058,530835.840226542 5007991.28208122,530835.857291664 5007991.29070103,530835.874356981 5007991.29930365,530835.874365709 5007991.29930373),(530838.920459924 5007991.32840869,530838.920468653 5007991.32840878,530838.929053257 5007991.3284908,530838.954889139 5007991.32029809,530838.972240139 5007991.30356756,530838.980915735 5007991.2951937,530838.989686495 5007991.27838118,530838.989877016 5007991.26148668,530838.989972179 5007991.25304802,530838.967184619 5007990.99092873,530838.967175891 5007990.99092864,530838.889949369 5007990.99019076,530838.869931087 5007991.24344429,530838.869835729 5007991.25190014,530838.869454689 5007991.28568914,530838.869359526 5007991.29412779,530838.877844409 5007991.30266562,530838.886329485 5007991.31118626,530838.903394608 5007991.31980607,530838.920459924 5007991.32840869),(530841.966584689 5007991.35751394,530841.975169293 5007991.35759597,530842.001005175 5007991.34940326,530842.018356175 5007991.33267273,530842.027031772 5007991.32429887,530842.035802532 5007991.30748635,530842.035993052 5007991.29059185,530842.036088215 5007991.28215319,530842.013300656 5007991.0200339,530842.013291927 5007991.02003381,530841.936065405 5007991.01929593,530841.916047123 5007991.27254946,530841.915951766 5007991.28100531,530841.915570725 5007991.31479431,530841.915475562 5007991.32323296,530841.923960445 5007991.33177079,530841.932445522 5007991.34029143,530841.949510644 5007991.34891124,530841.96657596 5007991.35751386,530841.966584689 5007991.35751394),(530808.347830637 5007991.03629194,530808.347839366 5007991.03629202,530808.35642397 5007991.03637405,530808.382259852 5007991.02818134,530808.399610852 5007991.0114508,530808.408286449 5007991.00307694,530808.417057209 5007990.98626443,530808.417247729 5007990.96936992,530808.417342892 5007990.96093127,530808.394555332 5007990.69881197,530808.394546604 5007990.69881189,530808.317320082 5007990.698074,530808.2973018 5007990.95132754,530808.297206443 5007990.95978338,530808.296825402 5007990.99357238,530808.296730239 5007991.00201104,530808.305215122 5007991.01054887,530808.313700198 5007991.0190695,530808.330765321 5007991.02768931,530808.347830637 5007991.03629194),(530811.393946673 5007991.06539711,530811.393955402 5007991.06539719,530811.402540006 5007991.06547921,530811.428375888 5007991.05728651,530811.445726888 5007991.04055597,530811.454402485 5007991.03218211,530811.463173245 5007991.01536959,530811.463363765 5007990.99847509,530811.463458928 5007990.99003644,530811.440671369 5007990.72791714,530811.44066264 5007990.72791706,530811.363436118 5007990.72717917,530811.343417836 5007990.98043271,530811.343322479 5007990.98888855,530811.342941439 5007991.02267755,530811.342846276 5007991.03111621,530811.351331158 5007991.03965404,530811.359816235 5007991.04817467,530811.376881357 5007991.05679448,530811.393946673 5007991.06539711),(530852.905577505 5007999.94433104,530852.905586233 5007999.94433112,530852.914170837 5007999.94441314,530852.94000672 5007999.93622043,530852.957357719 5007999.9194899,530852.966033316 5007999.91111604,530852.974804076 5007999.89430352,530852.974994596 5007999.87740902,530852.975089759 5007999.86897037,530852.9523022 5007999.60685107,530852.952293471 5007999.60685099,530852.875066949 5007999.6061131,530852.855048667 5007999.85936664,530852.85495331 5007999.86782248,530852.85457227 5007999.90161148,530852.854477107 5007999.91005014,530852.862961989 5007999.91858796,530852.871447066 5007999.9271086,530852.888512188 5007999.93572841,530852.905577505 5007999.94433104),(530855.951689177 5007999.97343616,530855.960273781 5007999.97351819,530855.986109663 5007999.96532548,530856.003460663 5007999.94859494,530856.012136259 5007999.94022108,530856.020907019 5007999.92340857,530856.02109754 5007999.90651407,530856.021192703 5007999.89807541,530855.998405143 5007999.63595612,530855.998396415 5007999.63595603,530855.921169893 5007999.63521814,530855.901151611 5007999.88847168,530855.901056253 5007999.89692752,530855.900675213 5007999.93071652,530855.90058005 5007999.93915518,530855.909064933 5007999.94769301,530855.917550009 5007999.95621365,530855.934615132 5007999.96483346,530855.951680448 5007999.97343608,530855.951689177 5007999.97343616),(530858.997796484 5008000.00254125,530858.997805213 5008000.00254133,530859.006389817 5008000.00262336,530859.032225699 5007999.99443065,530859.049576699 5007999.97770011,530859.058252296 5007999.96932625,530859.067023056 5007999.95251374,530859.067213576 5007999.93561924,530859.067308739 5007999.92718058,530859.04452118 5007999.66506128,530859.044512451 5007999.6650612,530858.967285929 5007999.66432331,530858.947267647 5007999.91757685,530858.94717229 5007999.92603269,530858.946791249 5007999.95982169,530858.946696086 5007999.96826035,530858.955180969 5007999.97679818,530858.963666046 5007999.98531882,530858.980731168 5007999.99393862,530858.997796484 5008000.00254125),(530849.859461468 5007999.91522587,530849.859470197 5007999.91522595,530849.868054801 5007999.91530797,530849.893890683 5007999.90711527,530849.911241683 5007999.89038473,530849.91991728 5007999.88201087,530849.92868804 5007999.86519835,530849.92887856 5007999.84830385,530849.928973723 5007999.8398652,530849.906186164 5007999.5777459,530849.906177435 5007999.57774582,530849.828950913 5007999.57700793,530849.808932631 5007999.83026147,530849.808837274 5007999.83871731,530849.808456233 5007999.87250631,530849.80836107 5007999.88094497,530849.816845953 5007999.8894828,530849.825331029 5007999.89800343,530849.842396152 5007999.90662324,530849.859461468 5007999.91522587),(530864.402298754 5008008.53649862,530864.410883358 5008008.53658065,530864.43671924 5008008.52838794,530864.45407024 5008008.5116574,530864.462745837 5008008.50328354,530864.471516597 5008008.48647103,530864.471707117 5008008.46957652,530864.47180228 5008008.46113787,530864.449014721 5008008.19901857,530864.449005992 5008008.19901849,530864.37177947 5008008.1982806,530864.351761188 5008008.45153414,530864.351665831 5008008.45998998,530864.35128479 5008008.49377898,530864.351189627 5008008.50221764,530864.35967451 5008008.51075547,530864.368159586 5008008.5192761,530864.385224709 5008008.52789591,530864.402290025 5008008.53649854,530864.402298754 5008008.53649862),(530870.494509005 5008008.59470875,530870.494517734 5008008.59470883,530870.503102338 5008008.59479086,530870.52893822 5008008.58659815,530870.54628922 5008008.56986762,530870.554964816 5008008.56149376,530870.563735576 5008008.54468124,530870.563926097 5008008.52778674,530870.56402126 5008008.51934808,530870.5412337 5008008.25722879,530870.541224972 5008008.2572287,530870.46399845 5008008.25649081,530870.443980168 5008008.50974435,530870.44388481 5008008.5182002,530870.44350377 5008008.5519892,530870.443408607 5008008.56042785,530870.45189349 5008008.56896568,530870.460378566 5008008.57748632,530870.477443689 5008008.58610613,530870.494509005 5008008.59470875),(530867.448406062 5008008.56560371,530867.44841479 5008008.56560379,530867.456999394 5008008.56568581,530867.482835277 5008008.55749311,530867.500186276 5008008.54076257,530867.508861873 5008008.53238871,530867.517632633 5008008.51557619,530867.517823153 5008008.49868169,530867.517918316 5008008.49024304,530867.495130757 5008008.22812374,530867.495122028 5008008.22812366,530867.417895506 5008008.22738577,530867.397877224 5008008.48063931,530867.397781867 5008008.48909515,530867.397400827 5008008.52288415,530867.397305664 5008008.53132281,530867.405790546 5008008.53986064,530867.414275623 5008008.54838127,530867.431340745 5008008.55700108,530867.448406062 5008008.56560371),(530873.54063377 5008008.623814,530873.549218374 5008008.62389603,530873.575054256 5008008.61570332,530873.592405256 5008008.59897278,530873.601080853 5008008.59059892,530873.609851613 5008008.57378641,530873.610042133 5008008.55689191,530873.610137296 5008008.54845325,530873.587349737 5008008.28633395,530873.587341008 5008008.28633387,530873.510114486 5008008.28559598,530873.490096204 5008008.53884952,530873.490000847 5008008.54730536,530873.489619806 5008008.58109436,530873.489524643 5008008.58953302,530873.498009526 5008008.59807085,530873.506494603 5008008.60659149,530873.523559725 5008008.6152113,530873.540625041 5008008.62381392,530873.54063377 5008008.623814),(530838.145483353 5008067.66167854,530838.154067957 5008067.66176057,530838.179903839 5008067.65356786,530838.197254839 5008067.63683732,530838.205930436 5008067.62846346,530838.214701196 5008067.61165095,530838.214891716 5008067.59475644,530838.214986879 5008067.58631779,530838.19219932 5008067.32419849,530838.192190591 5008067.32419841,530838.114964069 5008067.32346052,530838.094945787 5008067.57671406,530838.09485043 5008067.5851699,530838.09446939 5008067.6189589,530838.094374226 5008067.62739756,530838.102859109 5008067.63593539,530838.111344186 5008067.64445603,530838.128409308 5008067.65307583,530838.145474624 5008067.66167846,530838.145483353 5008067.66167854),(530829.007139608 5008067.57436308,530829.007148337 5008067.57436316,530829.015732941 5008067.57444518,530829.041568823 5008067.56625248,530829.058919823 5008067.54952194,530829.06759542 5008067.54114808,530829.07636618 5008067.52433556,530829.0765567 5008067.50744106,530829.076651863 5008067.49900241,530829.053864304 5008067.23688311,530829.053855575 5008067.23688303,530828.976629053 5008067.23614514,530828.956610771 5008067.48939868,530828.956515414 5008067.49785452,530828.956134373 5008067.53164352,530828.95603921 5008067.54008218,530828.964524093 5008067.54862001,530828.97300917 5008067.55714064,530828.990074292 5008067.56576045,530829.007139608 5008067.57436308),(530832.053264373 5008067.60346833,530832.061848977 5008067.60355035,530832.08768486 5008067.59535764,530832.105035859 5008067.57862711,530832.113711456 5008067.57025325,530832.122482216 5008067.55344073,530832.122672736 5008067.53654623,530832.122767899 5008067.52810758,530832.09998034 5008067.26598828,530832.099971611 5008067.2659882,530832.022745089 5008067.26525031,530832.002726807 5008067.51850385,530832.00263145 5008067.52695969,530832.00225041 5008067.56074869,530832.002155247 5008067.56918735,530832.010640129 5008067.57772517,530832.019125206 5008067.58624581,530832.036190328 5008067.59486562,530832.053255645 5008067.60346824,530832.053264373 5008067.60346833),(530835.099367317 5008067.63257337,530835.107951921 5008067.6326554,530835.133787803 5008067.62446269,530835.151138803 5008067.60773215,530835.1598144 5008067.59935829,530835.168585159 5008067.58254578,530835.16877568 5008067.56565128,530835.168870843 5008067.55721262,530835.146083283 5008067.29509332,530835.146074555 5008067.29509324,530835.068848033 5008067.29435535,530835.048829751 5008067.54760889,530835.048734394 5008067.55606473,530835.048353353 5008067.58985373,530835.04825819 5008067.59829239,530835.056743073 5008067.60683022,530835.065228149 5008067.61535086,530835.082293272 5008067.62397067,530835.099358588 5008067.63257329,530835.099367317 5008067.63257337),(530793.054698894 5008007.85476613,530793.054707623 5008007.85476621,530793.063292227 5008007.85484824,530793.089128109 5008007.84665553,530793.106479109 5008007.82992499,530793.115154706 5008007.82155113,530793.123925466 5008007.80473862,530793.124115986 5008007.78784411,530793.124211149 5008007.77940546,530793.101423589 5008007.51728616,530793.101414861 5008007.51728608,530793.024188339 5008007.51654819,530793.004170057 5008007.76980173,530793.0040747 5008007.77825757,530793.003693659 5008007.81204657,530793.003598496 5008007.82048523,530793.012083379 5008007.82902306,530793.020568455 5008007.8375437,530793.037633578 5008007.8461635,530793.054698894 5008007.85476613),(530785.811426136 5008016.26785448,530785.811434865 5008016.26785456,530785.820019469 5008016.26793659,530785.845855351 5008016.25974388,530785.863206351 5008016.24301334,530785.871881947 5008016.23463948,530785.880652707 5008016.21782697,530785.880843227 5008016.20093246,530785.880938391 5008016.19249381,530785.858150831 5008015.93037451,530785.858142103 5008015.93037443,530785.780915581 5008015.92963654,530785.760897298 5008016.18289008,530785.760801941 5008016.19134592,530785.760420901 5008016.22513492,530785.760325738 5008016.23357358,530785.768810621 5008016.24211141,530785.777295697 5008016.25063204,530785.79436082 5008016.25925185,530785.811426136 5008016.26785448),(530788.857542172 5008016.29695965,530788.857550901 5008016.29695973,530788.866135505 5008016.29704175,530788.891971387 5008016.28884905,530788.909322387 5008016.27211851,530788.917997984 5008016.26374465,530788.926768744 5008016.24693213,530788.926959264 5008016.23003763,530788.927054427 5008016.22159898,530788.904266868 5008015.95947968,530788.904258139 5008015.9594796,530788.827031617 5008015.95874171,530788.807013335 5008016.21199525,530788.806917978 5008016.22045109,530788.806536937 5008016.25424009,530788.806441774 5008016.26267875,530788.814926657 5008016.27121658,530788.823411733 5008016.27973721,530788.840476856 5008016.28835702,530788.857542172 5008016.29695965),(530791.903653844 5008016.32606477,530791.912238448 5008016.3261468,530791.938074331 5008016.31795409,530791.95542533 5008016.30122356,530791.964100927 5008016.2928497,530791.972871687 5008016.27603718,530791.973062207 5008016.25914268,530791.97315737 5008016.25070402,530791.950369811 5008015.98858473,530791.950361082 5008015.98858464,530791.87313456 5008015.98784675,530791.853116278 5008016.24110029,530791.853020921 5008016.24955614,530791.852639881 5008016.28334514,530791.852544718 5008016.29178379,530791.8610296 5008016.30032162,530791.869514677 5008016.30884226,530791.886579799 5008016.31746207,530791.903645116 5008016.32606469,530791.903653844 5008016.32606477),(530779.429950492 5008024.68917717,530779.438535096 5008024.68925919,530779.464370978 5008024.68106648,530779.481721978 5008024.66433595,530779.490397574 5008024.65596209,530779.499168334 5008024.63914957,530779.499358855 5008024.62225507,530779.499454018 5008024.61381641,530779.476666458 5008024.35169712,530779.47665773 5008024.35169704,530779.399431208 5008024.35095915,530779.379412926 5008024.60421269,530779.379317568 5008024.61266853,530779.378936528 5008024.64645753,530779.378841365 5008024.65489619,530779.387326248 5008024.66343401,530779.395811324 5008024.67195465,530779.412876447 5008024.68057446,530779.429941763 5008024.68917708,530779.429950492 5008024.68917717),(530782.476057799 5008024.71828225,530782.476066528 5008024.71828234,530782.484651132 5008024.71836436,530782.510487014 5008024.71017165,530782.527838014 5008024.69344112,530782.536513611 5008024.68506726,530782.545284371 5008024.66825474,530782.545474891 5008024.65136024,530782.545570054 5008024.64292158,530782.522782495 5008024.38080229,530782.522773766 5008024.3808022,530782.445547244 5008024.38006432,530782.425528962 5008024.63331786,530782.425433605 5008024.6417737,530782.425052564 5008024.6755627,530782.424957401 5008024.68400136,530782.433442284 5008024.69253918,530782.441927361 5008024.70105982,530782.458992483 5008024.70967963,530782.476057799 5008024.71828225),(530785.522160743 5008024.7473873,530785.522169471 5008024.74738738,530785.530754075 5008024.7474694,530785.556589958 5008024.7392767,530785.573940957 5008024.72254616,530785.582616554 5008024.7141723,530785.591387314 5008024.69735978,530785.591577834 5008024.68046528,530785.591672997 5008024.67202663,530785.568885438 5008024.40990733,530785.568876709 5008024.40990725,530785.491650188 5008024.40916936,530785.471631905 5008024.6624229,530785.471536548 5008024.67087874,530785.471155508 5008024.70466774,530785.471060345 5008024.7131064,530785.479545227 5008024.72164423,530785.488030304 5008024.73016486,530785.505095426 5008024.73878467,530785.522160743 5008024.7473873),(530788.568276779 5008024.77649247,530788.568285508 5008024.77649255,530788.576870112 5008024.77657457,530788.602705994 5008024.76838186,530788.620056994 5008024.75165133,530788.628732591 5008024.74327747,530788.637503351 5008024.72646495,530788.637693871 5008024.70957045,530788.637789034 5008024.7011318,530788.615001474 5008024.4390125,530788.614992746 5008024.43901242,530788.537766224 5008024.43827453,530788.517747942 5008024.69152807,530788.517652585 5008024.69998391,530788.517271544 5008024.73377291,530788.517176381 5008024.74221157,530788.525661264 5008024.75074939,530788.53414634 5008024.75927003,530788.551211463 5008024.76788984,530788.568276779 5008024.77649247),(530789.623685546 5008024.78657673,530789.63227015 5008024.78665876,530789.658106032 5008024.77846605,530789.675457032 5008024.76173551,530789.684132629 5008024.75336165,530789.692903389 5008024.73654914,530789.693093909 5008024.71965464,530789.693189072 5008024.71121598,530789.670401512 5008024.44909669,530789.670392784 5008024.4490966,530789.593166262 5008024.44835871,530789.57314798 5008024.70161225,530789.573052623 5008024.71006809,530789.572671582 5008024.7438571,530789.572576419 5008024.75229575,530789.581061302 5008024.76083358,530789.589546378 5008024.76935422,530789.606611501 5008024.77797403,530789.623676817 5008024.78657665,530789.623685546 5008024.78657673),(530792.669801582 5008024.8156819,530792.678386186 5008024.81576393,530792.704222068 5008024.80757122,530792.721573068 5008024.79084068,530792.730248665 5008024.78246682,530792.739019425 5008024.76565431,530792.739209945 5008024.74875981,530792.739305108 5008024.74032115,530792.716517549 5008024.47820185,530792.71650882 5008024.47820177,530792.639282298 5008024.47746388,530792.619264016 5008024.73071742,530792.619168659 5008024.73917326,530792.618787619 5008024.77296226,530792.618692455 5008024.78140092,530792.627177338 5008024.78993875,530792.635662415 5008024.79845939,530792.652727537 5008024.8070792,530792.669792853 5008024.81568182,530792.669801582 5008024.8156819),(530783.260465441 5008033.20807385,530783.26047417 5008033.20807393,530783.269058774 5008033.20815596,530783.294894656 5008033.19996325,530783.312245656 5008033.18323271,530783.320921252 5008033.17485885,530783.329692012 5008033.15804634,530783.329882533 5008033.14115184,530783.329977696 5008033.13271318,530783.307190136 5008032.87059388,530783.307181408 5008032.8705938,530783.229954886 5008032.86985591,530783.209936604 5008033.12310945,530783.209841246 5008033.13156529,530783.209460206 5008033.16535429,530783.209365043 5008033.17379295,530783.217849926 5008033.18233078,530783.226335002 5008033.19085142,530783.243400125 5008033.19947123,530783.260465441 5008033.20807385),(530786.306581477 5008033.23717902,530786.306590206 5008033.2371791,530786.31517481 5008033.23726113,530786.341010692 5008033.22906842,530786.358361692 5008033.21233788,530786.367037289 5008033.20396402,530786.375808049 5008033.18715151,530786.375998569 5008033.170257,530786.376093732 5008033.16181835,530786.353306173 5008032.89969905,530786.353297444 5008032.89969897,530786.276070922 5008032.89896108,530786.25605264 5008033.15221462,530786.255957283 5008033.16067046,530786.255576242 5008033.19445946,530786.255481079 5008033.20289812,530786.263965962 5008033.21143595,530786.272451039 5008033.21995659,530786.289516161 5008033.22857639,530786.306581477 5008033.23717902),(530789.352684421 5008033.26628406,530789.352693149 5008033.26628415,530789.361277753 5008033.26636617,530789.387113636 5008033.25817346,530789.404464635 5008033.24144293,530789.413140232 5008033.23306907,530789.421910992 5008033.21625655,530789.422101512 5008033.19936205,530789.422196675 5008033.19092339,530789.399409116 5008032.9288041,530789.399400387 5008032.92880401,530789.322173866 5008032.92806613,530789.302155583 5008033.18131966,530789.302060226 5008033.18977551,530789.301679186 5008033.22356451,530789.301584023 5008033.23200316,530789.310068905 5008033.24054099,530789.318553982 5008033.24906163,530789.335619104 5008033.25768144,530789.352684421 5008033.26628406),(530792.398809186 5008033.29538931,530792.40739379 5008033.29547134,530792.433229672 5008033.28727863,530792.450580672 5008033.2705481,530792.459256269 5008033.26217424,530792.468027028 5008033.24536172,530792.468217549 5008033.22846722,530792.468312712 5008033.22002856,530792.445525152 5008032.95790927,530792.445516424 5008032.95790918,530792.368289902 5008032.95717129,530792.34827162 5008033.21042483,530792.348176263 5008033.21888068,530792.347795222 5008033.25266968,530792.347700059 5008033.26110833,530792.356184942 5008033.26964616,530792.364670018 5008033.2781668,530792.381735141 5008033.28678661,530792.398800457 5008033.29538923,530792.398809186 5008033.29538931),(530793.454209224 5008033.3054735,530793.462793828 5008033.30555552,530793.48862971 5008033.29736281,530793.50598071 5008033.28063228,530793.514656307 5008033.27225842,530793.523427067 5008033.2554459,530793.523617587 5008033.2385514,530793.52371275 5008033.23011274,530793.50092519 5008032.96799345,530793.500916462 5008032.96799337,530793.42368994 5008032.96725548,530793.403671658 5008033.22050902,530793.403576301 5008033.22896486,530793.40319526 5008033.26275386,530793.403100097 5008033.27119252,530793.41158498 5008033.27973034,530793.420070056 5008033.28825098,530793.437135179 5008033.29687079,530793.454200495 5008033.30547341,530793.454209224 5008033.3054735),(530776.900992193 5008041.62961536,530776.901000922 5008041.62961545,530776.909585526 5008041.62969747,530776.935421408 5008041.62150476,530776.952772408 5008041.60477423,530776.961448005 5008041.59640037,530776.970218765 5008041.57958785,530776.970409285 5008041.56269335,530776.970504448 5008041.55425469,530776.947716889 5008041.2921354,530776.94770816 5008041.29213532,530776.870481638 5008041.29139743,530776.850463356 5008041.54465097,530776.850367999 5008041.55310681,530776.849986959 5008041.58689581,530776.849891795 5008041.59533447,530776.858376678 5008041.60387229,530776.866861755 5008041.61239293,530776.883926877 5008041.62101274,530776.900992193 5008041.62961536),(530779.947116958 5008041.65872062,530779.955701562 5008041.65880264,530779.981537445 5008041.65060993,530779.998888445 5008041.6338794,530780.007564041 5008041.62550554,530780.016334801 5008041.60869302,530780.016525321 5008041.59179852,530780.016620485 5008041.58335986,530779.993832925 5008041.32124057,530779.993824197 5008041.32124048,530779.916597675 5008041.3205026,530779.896579392 5008041.57375613,530779.896484035 5008041.58221198,530779.896102995 5008041.61600098,530779.896007832 5008041.62443963,530779.904492714 5008041.63297746,530779.912977791 5008041.6414981,530779.930042913 5008041.65011791,530779.94710823 5008041.65872053,530779.947116958 5008041.65872062),(530782.993219902 5008041.68782566,530783.001804506 5008041.68790768,530783.027640388 5008041.67971497,530783.044991388 5008041.66298444,530783.053666985 5008041.65461058,530783.062437745 5008041.63779806,530783.062628265 5008041.62090356,530783.062723428 5008041.61246491,530783.039935868 5008041.35034561,530783.03992714 5008041.35034553,530782.962700618 5008041.34960764,530782.942682336 5008041.60286118,530782.942586979 5008041.61131702,530782.942205938 5008041.64510602,530782.942110775 5008041.65354468,530782.950595658 5008041.6620825,530782.959080734 5008041.67060314,530782.976145857 5008041.67922295,530782.993211173 5008041.68782558,530782.993219902 5008041.68782566),(530786.039327209 5008041.71693074,530786.039335938 5008041.71693083,530786.047920542 5008041.71701285,530786.073756424 5008041.70882014,530786.091107424 5008041.69208961,530786.099783021 5008041.68371575,530786.108553781 5008041.66690323,530786.108744301 5008041.65000873,530786.108839464 5008041.64157007,530786.086051905 5008041.37945078,530786.086043176 5008041.3794507,530786.008816654 5008041.37871281,530785.988798372 5008041.63196635,530785.988703015 5008041.64042219,530785.988321975 5008041.67421119,530785.988226812 5008041.68264985,530785.996711694 5008041.69118767,530786.005196771 5008041.69970831,530786.022261893 5008041.70832812,530786.039327209 5008041.71693074),(530787.094735976 5008041.72701501,530787.10332058 5008041.72709704,530787.129156462 5008041.71890433,530787.146507462 5008041.70217379,530787.155183059 5008041.69379993,530787.163953819 5008041.67698742,530787.164144339 5008041.66009292,530787.164239502 5008041.65165426,530787.141451943 5008041.38953496,530787.141443214 5008041.38953488,530787.064216692 5008041.38879699,530787.04419841 5008041.64205053,530787.044103053 5008041.65050637,530787.043722013 5008041.68429537,530787.04362685 5008041.69273403,530787.052111732 5008041.70127186,530787.060596809 5008041.7097925,530787.077661931 5008041.71841231,530787.094727247 5008041.72701493,530787.094735976 5008041.72701501),(530790.140852013 5008041.75612018,530790.149436617 5008041.75620221,530790.175272499 5008041.7480095,530790.192623499 5008041.73127896,530790.201299095 5008041.7229051,530790.210069855 5008041.70609258,530790.210260376 5008041.68919808,530790.210355539 5008041.68075943,530790.187567979 5008041.41864013,530790.187559251 5008041.41864005,530790.110332729 5008041.41790216,530790.090314446 5008041.6711557,530790.090219089 5008041.67961154,530790.089838049 5008041.71340054,530790.089742886 5008041.7218392,530790.098227769 5008041.73037703,530790.106712845 5008041.73889766,530790.123777968 5008041.74751747,530790.140843284 5008041.7561201,530790.140852013 5008041.75612018),(530793.186946227 5008041.78522514,530793.186954956 5008041.78522522,530793.19553956 5008041.78530725,530793.221375442 5008041.77711454,530793.238726442 5008041.76038401,530793.247402039 5008041.75201015,530793.256172799 5008041.73519763,530793.256363319 5008041.71830313,530793.256458482 5008041.70986447,530793.233670923 5008041.44774518,530793.233662194 5008041.44774509,530793.156435672 5008041.44700721,530793.13641739 5008041.70026074,530793.136322033 5008041.70871659,530793.135940992 5008041.74250559,530793.135845829 5008041.75094424,530793.144330712 5008041.75948207,530793.152815789 5008041.76800271,530793.169880911 5008041.77662252,530793.186946227 5008041.78522514),(530770.541525686 5008050.05113975,530770.541534415 5008050.05113983,530770.550119019 5008050.05122186,530770.575954901 5008050.04302915,530770.593305901 5008050.02629862,530770.601981498 5008050.01792476,530770.610752258 5008050.00111224,530770.610942778 5008049.98421774,530770.611037941 5008049.97577908,530770.588250382 5008049.71365979,530770.588241653 5008049.7136597,530770.511015131 5008049.71292181,530770.490996849 5008049.96617535,530770.490901492 5008049.9746312,530770.490520451 5008050.0084202,530770.490425288 5008050.01685885,530770.498910171 5008050.02539668,530770.507395247 5008050.03391732,530770.52446037 5008050.04253713,530770.541525686 5008050.05113975),(530773.587641723 5008050.08024492,530773.587650451 5008050.080245,530773.596235055 5008050.08032703,530773.622070938 5008050.07213432,530773.639421937 5008050.05540378,530773.648097534 5008050.04702992,530773.656868294 5008050.03021741,530773.657058814 5008050.01332291,530773.657153977 5008050.00488425,530773.634366418 5008049.74276496,530773.634357689 5008049.74276487,530773.557131167 5008049.74202698,530773.537112885 5008049.99528052,530773.537017528 5008050.00373636,530773.536636488 5008050.03752537,530773.536541325 5008050.04596402,530773.545026207 5008050.05450185,530773.553511284 5008050.06302249,530773.570576406 5008050.0716423,530773.587641723 5008050.08024492),(530776.633753395 5008050.10935005,530776.642337999 5008050.10943207,530776.668173881 5008050.10123936,530776.685524881 5008050.08450883,530776.694200477 5008050.07613497,530776.702971237 5008050.05932245,530776.703161758 5008050.04242795,530776.703256921 5008050.03398929,530776.680469361 5008049.77187,530776.680460633 5008049.77186992,530776.603234111 5008049.77113203,530776.583215829 5008050.02438557,530776.583120471 5008050.03284141,530776.582739431 5008050.06663041,530776.582644268 5008050.07506907,530776.591129151 5008050.08360689,530776.599614227 5008050.09212753,530776.61667935 5008050.10074734,530776.633744666 5008050.10934996,530776.633753395 5008050.10935005),(530779.679869431 5008050.13845522,530779.688454035 5008050.13853724,530779.714289917 5008050.13034453,530779.731640917 5008050.113614,530779.740316514 5008050.10524014,530779.749087274 5008050.08842762,530779.749277794 5008050.07153312,530779.749372957 5008050.06309446,530779.726585398 5008049.80097517,530779.726576669 5008049.80097508,530779.649350147 5008049.8002372,530779.629331865 5008050.05349073,530779.629236508 5008050.06194658,530779.628855467 5008050.09573558,530779.628760304 5008050.10417423,530779.637245187 5008050.11271206,530779.645730264 5008050.1212327,530779.662795386 5008050.12985251,530779.679860702 5008050.13845513,530779.679869431 5008050.13845522),(530780.73526074 5008050.14853932,530780.735269469 5008050.1485394,530780.743854073 5008050.14862142,530780.769689955 5008050.14042872,530780.787040955 5008050.12369818,530780.795716552 5008050.11532432,530780.804487312 5008050.0985118,530780.804677832 5008050.0816173,530780.804772995 5008050.07317865,530780.781985436 5008049.81105935,530780.781976707 5008049.81105927,530780.704750185 5008049.81032138,530780.684731903 5008050.06357492,530780.684636546 5008050.07203076,530780.684255505 5008050.10581976,530780.684160342 5008050.11425842,530780.692645225 5008050.12279624,530780.701130302 5008050.13131688,530780.718195424 5008050.13993669,530780.73526074 5008050.14853932),(530783.781376777 5008050.17764448,530783.781385505 5008050.17764457,530783.789970109 5008050.17772659,530783.815805992 5008050.16953388,530783.833156991 5008050.15280335,530783.841832588 5008050.14442949,530783.850603348 5008050.12761697,530783.850793868 5008050.11072247,530783.850889031 5008050.10228381,530783.828101472 5008049.84016452,530783.828092743 5008049.84016444,530783.750866221 5008049.83942655,530783.730847939 5008050.09268009,530783.730752582 5008050.10113593,530783.730371542 5008050.13492493,530783.730276379 5008050.14336359,530783.738761261 5008050.15190141,530783.747246338 5008050.16042205,530783.76431146 5008050.16904186,530783.781376777 5008050.17764448),(530786.82747972 5008050.20674953,530786.827488449 5008050.20674961,530786.836073053 5008050.20683164,530786.861908935 5008050.19863893,530786.879259935 5008050.18190839,530786.887935532 5008050.17353453,530786.896706291 5008050.15672202,530786.896896812 5008050.13982752,530786.896991975 5008050.13138886,530786.874204415 5008049.86926956,530786.874195687 5008049.86926948,530786.796969165 5008049.86853159,530786.776950883 5008050.12178513,530786.776855526 5008050.13024097,530786.776474485 5008050.16402997,530786.776379322 5008050.17246863,530786.784864205 5008050.18100646,530786.793349281 5008050.1895271,530786.810414404 5008050.19814691,530786.82747972 5008050.20674953),(530789.873604485 5008050.23585478,530789.882189089 5008050.23593681,530789.908024971 5008050.2277441,530789.925375971 5008050.21101356,530789.934051568 5008050.2026397,530789.942822328 5008050.18582719,530789.943012848 5008050.16893268,530789.943108011 5008050.16049403,530789.920320452 5008049.89837473,530789.920311723 5008049.89837465,530789.843085201 5008049.89763676,530789.823066919 5008050.1508903,530789.822971562 5008050.15934614,530789.822590522 5008050.19313514,530789.822495358 5008050.2015738,530789.830980241 5008050.21011163,530789.839465318 5008050.21863226,530789.85653044 5008050.22725207,530789.873595756 5008050.2358547,530789.873604485 5008050.23585478),(530790.920428648 5008050.24585702,530790.929013252 5008050.24593905,530790.954849134 5008050.23774634,530790.972200134 5008050.22101581,530790.98087573 5008050.21264195,530790.98964649 5008050.19582943,530790.989837011 5008050.17893493,530790.989932174 5008050.17049627,530790.967144614 5008049.90837698,530790.967135886 5008049.90837689,530790.889909364 5008049.907639,530790.869891081 5008050.16089254,530790.869795724 5008050.16934839,530790.869414684 5008050.20313739,530790.869319521 5008050.21157604,530790.877804404 5008050.22011387,530790.88628948 5008050.22863451,530790.903354603 5008050.23725432,530790.920419919 5008050.24585694,530790.920428648 5008050.24585702),(530793.966535955 5008050.27496211,530793.966544684 5008050.27496219,530793.975129288 5008050.27504422,530794.00096517 5008050.26685151,530794.01831617 5008050.25012097,530794.026991767 5008050.24174711,530794.035762527 5008050.2249346,530794.035953047 5008050.2080401,530794.03604821 5008050.19960144,530794.013260651 5008049.93748214,530794.013251922 5008049.93748206,530793.9360254 5008049.93674417,530793.916007118 5008050.18999771,530793.915911761 5008050.19845355,530793.91553072 5008050.23224255,530793.915435557 5008050.24068121,530793.92392044 5008050.24921904,530793.932405517 5008050.25773968,530793.949470639 5008050.26635949,530793.966535955 5008050.27496211),(530774.118373754 5008058.56762128,530774.118382483 5008058.56762136,530774.126967087 5008058.56770339,530774.152802969 5008058.55951068,530774.170153969 5008058.54278015,530774.178829566 5008058.53440628,530774.187600326 5008058.51759377,530774.187790846 5008058.50069927,530774.187886009 5008058.49226061,530774.165098449 5008058.23014132,530774.165089721 5008058.23014123,530774.087863199 5008058.22940334,530774.067844917 5008058.48265688,530774.06774956 5008058.49111272,530774.067368519 5008058.52490173,530774.067273356 5008058.53334038,530774.075758239 5008058.54187821,530774.084243315 5008058.55039885,530774.101308438 5008058.55901866,530774.118373754 5008058.56762128),(530777.16448979 5008058.59672645,530777.164498519 5008058.59672653,530777.173083123 5008058.59680856,530777.198919005 5008058.58861585,530777.216270005 5008058.57188531,530777.224945602 5008058.56351145,530777.233716362 5008058.54669894,530777.233906882 5008058.52980444,530777.234002045 5008058.52136578,530777.211214486 5008058.25924648,530777.211205757 5008058.2592464,530777.133979235 5008058.25850851,530777.113960953 5008058.51176205,530777.113865596 5008058.52021789,530777.113484556 5008058.55400689,530777.113389392 5008058.56244555,530777.121874275 5008058.57098338,530777.130359352 5008058.57950402,530777.147424474 5008058.58812383,530777.16448979 5008058.59672645),(530780.210601463 5008058.62583158,530780.219186067 5008058.6259136,530780.245021949 5008058.61772089,530780.262372949 5008058.60099036,530780.271048545 5008058.5926165,530780.279819305 5008058.57580398,530780.280009825 5008058.55890948,530780.280104989 5008058.55047082,530780.257317429 5008058.28835153,530780.257308701 5008058.28835144,530780.180082179 5008058.28761356,530780.160063896 5008058.54086709,530780.159968539 5008058.54932294,530780.159587499 5008058.58311194,530780.159492336 5008058.5915506,530780.167977219 5008058.60008842,530780.176462295 5008058.60860906,530780.193527417 5008058.61722887,530780.210592734 5008058.62583149,530780.210601463 5008058.62583158),(530783.256717499 5008058.65493674,530783.265302103 5008058.65501877,530783.291137985 5008058.64682606,530783.308488985 5008058.63009553,530783.317164582 5008058.62172167,530783.325935342 5008058.60490915,530783.326125862 5008058.58801465,530783.326221025 5008058.57957599,530783.303433466 5008058.3174567,530783.303424737 5008058.31745661,530783.226198215 5008058.31671873,530783.206179933 5008058.56997226,530783.206084576 5008058.57842811,530783.205703535 5008058.61221711,530783.205608372 5008058.62065576,530783.214093255 5008058.62919359,530783.222578331 5008058.63771423,530783.239643454 5008058.64633404,530783.25670877 5008058.65493666,530783.256717499 5008058.65493674),(530784.312108808 5008058.66502084,530784.312117537 5008058.66502093,530784.320702141 5008058.66510295,530784.346538023 5008058.65691024,530784.363889023 5008058.64017971,530784.37256462 5008058.63180585,530784.38133538 5008058.61499333,530784.3815259 5008058.59809883,530784.381621063 5008058.58966018,530784.358833504 5008058.32754088,530784.358824775 5008058.3275408,530784.281598253 5008058.32680291,530784.261579971 5008058.58005645,530784.261484614 5008058.58851229,530784.261103573 5008058.62230129,530784.26100841 5008058.63073995,530784.269493293 5008058.63927777,530784.27797837 5008058.64779841,530784.295043492 5008058.65641822,530784.312108808 5008058.66502084),(530787.358233573 5008058.6941261,530787.366818177 5008058.69420812,530787.39265406 5008058.68601541,530787.410005059 5008058.66928488,530787.418680656 5008058.66091102,530787.427451416 5008058.6440985,530787.427641936 5008058.627204,530787.427737099 5008058.61876534,530787.40494954 5008058.35664605,530787.404940811 5008058.35664597,530787.327714289 5008058.35590808,530787.307696007 5008058.60916162,530787.30760065 5008058.61761746,530787.30721961 5008058.65140646,530787.307124447 5008058.65984512,530787.315609329 5008058.66838294,530787.324094406 5008058.67690358,530787.341159528 5008058.68552339,530787.358224845 5008058.69412601,530787.358233573 5008058.6941261),(530790.404336517 5008058.72323114,530790.412921121 5008058.72331317,530790.438757003 5008058.71512046,530790.456108003 5008058.69838992,530790.464783599 5008058.69001606,530790.473554359 5008058.67320355,530790.47374488 5008058.65630904,530790.473840043 5008058.64787039,530790.451052483 5008058.38575109,530790.451043755 5008058.38575101,530790.373817233 5008058.38501312,530790.353798951 5008058.63826666,530790.353703593 5008058.6467225,530790.353322553 5008058.6805115,530790.35322739 5008058.68895016,530790.361712273 5008058.69748799,530790.370197349 5008058.70600863,530790.387262472 5008058.71462843,530790.404327788 5008058.72323106,530790.404336517 5008058.72323114),(530793.450443824 5008058.75233623,530793.450452553 5008058.75233631,530793.459037157 5008058.75241833,530793.484873039 5008058.74422563,530793.502224039 5008058.72749509,530793.510899636 5008058.71912123,530793.519670396 5008058.70230871,530793.519860916 5008058.68541421,530793.519956079 5008058.67697556,530793.49716852 5008058.41485626,530793.497159791 5008058.41485618,530793.419933269 5008058.41411829,530793.399914987 5008058.66737183,530793.39981963 5008058.67582767,530793.399438589 5008058.70961667,530793.399343426 5008058.71805533,530793.407828309 5008058.72659316,530793.416313386 5008058.73511379,530793.433378508 5008058.7437336,530793.450443824 5008058.75233623),(530778.047031291 5008067.0874643,530778.055615895 5008067.08754632,530778.081451777 5008067.07935361,530778.098802777 5008067.06262308,530778.107478374 5008067.05424922,530778.116249134 5008067.0374367,530778.116439654 5008067.0205422,530778.116534817 5008067.01210354,530778.093747257 5008066.74998425,530778.093738529 5008066.74998416,530778.016512007 5008066.74924628,530777.996493725 5008067.00249981,530777.996398368 5008067.01095566,530777.996017327 5008067.04474466,530777.995922164 5008067.05318331,530778.004407047 5008067.06172114,530778.012892123 5008067.07024178,530778.029957246 5008067.07886159,530778.047022562 5008067.08746421,530778.047031291 5008067.0874643),(530781.093147327 5008067.11656946,530781.101731931 5008067.11665149,530781.127567813 5008067.10845878,530781.144918813 5008067.09172825,530781.15359441 5008067.08335439,530781.16236517 5008067.06654187,530781.16255569 5008067.04964737,530781.162650853 5008067.04120871,530781.139863294 5008066.77908942,530781.139854565 5008066.77908933,530781.062628043 5008066.77835144,530781.042609761 5008067.03160498,530781.042514404 5008067.04006083,530781.042133364 5008067.07384983,530781.042038201 5008067.08228848,530781.050523083 5008067.09082631,530781.05900816 5008067.09934695,530781.076073282 5008067.10796676,530781.093138598 5008067.11656938,530781.093147327 5008067.11656946),(530784.139241542 5008067.14567442,530784.139250271 5008067.14567451,530784.147834875 5008067.14575653,530784.173670757 5008067.13756382,530784.191021757 5008067.12083329,530784.199697353 5008067.11245943,530784.208468113 5008067.09564691,530784.208658634 5008067.07875241,530784.208753797 5008067.07031375,530784.185966237 5008066.80819446,530784.185957509 5008066.80819438,530784.108730987 5008066.80745649,530784.088712704 5008067.06071003,530784.088617347 5008067.06916587,530784.088236307 5008067.10295487,530784.088141144 5008067.11139353,530784.096626027 5008067.11993135,530784.105111103 5008067.12845199,530784.122176226 5008067.1370718,530784.139241542 5008067.14567442),(530787.185357578 5008067.17477959,530787.185366307 5008067.17477968,530787.193950911 5008067.1748617,530787.219786793 5008067.16666899,530787.237137793 5008067.14993846,530787.24581339 5008067.1415646,530787.25458415 5008067.12475208,530787.25477467 5008067.10785758,530787.254869833 5008067.09941892,530787.232082274 5008066.83729963,530787.232073545 5008066.83729955,530787.154847023 5008066.83656166,530787.134828741 5008067.0898152,530787.134733384 5008067.09827104,530787.134352343 5008067.13206004,530787.13425718 5008067.1404987,530787.142742063 5008067.14903652,530787.15122714 5008067.15755716,530787.168292262 5008067.16617697,530787.185357578 5008067.17477959),(530788.240757616 5008067.18486378,530788.240766345 5008067.18486386,530788.249350949 5008067.18494589,530788.275186831 5008067.17675318,530788.292537831 5008067.16002264,530788.301213428 5008067.15164878,530788.309984188 5008067.13483626,530788.310174708 5008067.11794176,530788.310269871 5008067.10950311,530788.287482312 5008066.84738381,530788.287473583 5008066.84738373,530788.210247061 5008066.84664584,530788.190228779 5008067.09989938,530788.190133422 5008067.10835522,530788.189752381 5008067.14214422,530788.189657218 5008067.15058288,530788.198142101 5008067.15912071,530788.206627178 5008067.16764134,530788.2236923 5008067.17626115,530788.240757616 5008067.18486378),(530791.286882381 5008067.21396903,530791.295466985 5008067.21405105,530791.321302868 5008067.20585835,530791.338653867 5008067.18912781,530791.347329464 5008067.18075395,530791.356100224 5008067.16394143,530791.356290744 5008067.14704693,530791.356385907 5008067.13860828,530791.333598348 5008066.87648898,530791.333589619 5008066.8764889,530791.256363097 5008066.87575101,530791.236344815 5008067.12900455,530791.236249458 5008067.13746039,530791.235868418 5008067.17124939,530791.235773255 5008067.17968805,530791.244258137 5008067.18822587,530791.252743214 5008067.19674651,530791.269808336 5008067.20536632,530791.286873653 5008067.21396895,530791.286882381 5008067.21396903),(530781.804071231 5008075.60564175,530781.812655835 5008075.60572377,530781.838491717 5008075.59753106,530781.855842717 5008075.58080053,530781.864518313 5008075.57242667,530781.873289073 5008075.55561415,530781.873479594 5008075.53871965,530781.873574757 5008075.53028099,530781.850787197 5008075.2681617,530781.850778469 5008075.26816162,530781.773551947 5008075.26742373,530781.753533665 5008075.52067727,530781.753438307 5008075.52913311,530781.753057267 5008075.56292211,530781.752962104 5008075.57136077,530781.761446987 5008075.57989859,530781.769932063 5008075.58841923,530781.786997186 5008075.59703904,530781.804062502 5008075.60564166,530781.804071231 5008075.60564175),(530784.850178538 5008075.63474683,530784.850187267 5008075.63474692,530784.858771871 5008075.63482894,530784.884607753 5008075.62663623,530784.901958753 5008075.6099057,530784.91063435 5008075.60153184,530784.91940511 5008075.58471932,530784.91959563 5008075.56782482,530784.919690793 5008075.55938616,530784.896903234 5008075.29726687,530784.896894505 5008075.29726678,530784.819667983 5008075.2965289,530784.799649701 5008075.54978243,530784.799554344 5008075.55823828,530784.799173303 5008075.59202728,530784.79907814 5008075.60046593,530784.807563023 5008075.60900376,530784.8160481 5008075.6175244,530784.833113222 5008075.62614421,530784.850178538 5008075.63474683),(530787.896281482 5008075.66385188,530787.89629021 5008075.66385196,530787.904874814 5008075.66393398,530787.930710697 5008075.65574128,530787.948061696 5008075.63901074,530787.956737293 5008075.63063688,530787.965508053 5008075.61382436,530787.965698573 5008075.59692986,530787.965793736 5008075.58849121,530787.943006177 5008075.32637191,530787.942997448 5008075.32637183,530787.865770926 5008075.32563394,530787.845752644 5008075.57888748,530787.845657287 5008075.58734332,530787.845276247 5008075.62113232,530787.845181084 5008075.62957098,530787.853665966 5008075.6381088,530787.862151043 5008075.64662944,530787.879216165 5008075.65524925,530787.896281482 5008075.66385188),(530790.942397518 5008075.69295704,530790.942406247 5008075.69295713,530790.950990851 5008075.69303915,530790.976826733 5008075.68484644,530790.994177733 5008075.66811591,530791.00285333 5008075.65974205,530791.011624089 5008075.64292953,530791.01181461 5008075.62603503,530791.011909773 5008075.61759637,530790.989122213 5008075.35547708,530790.989113485 5008075.355477,530790.911886963 5008075.35473911,530790.891868681 5008075.60799265,530790.891773324 5008075.61644849,530790.891392283 5008075.65023749,530790.89129712 5008075.65867615,530790.899782003 5008075.66721397,530790.908267079 5008075.67573461,530790.925332202 5008075.68435442,530790.942397518 5008075.69295704),(530791.997806285 5008075.70304131,530792.006390889 5008075.70312334,530792.032226771 5008075.69493063,530792.049577771 5008075.67820009,530792.058253368 5008075.66982623,530792.067024127 5008075.65301372,530792.067214648 5008075.63611922,530792.067309811 5008075.62768056,530792.044522251 5008075.36556126,530792.044513523 5008075.36556118,530791.967287001 5008075.36482329,530791.947268719 5008075.61807683,530791.947173362 5008075.62653267,530791.946792321 5008075.66032167,530791.946697158 5008075.66876033,530791.955182041 5008075.67729816,530791.963667117 5008075.6858188,530791.98073224 5008075.69443861,530791.997797556 5008075.70304123,530791.997806285 5008075.70304131),(530785.698403444 5008084.12515679,530785.706988048 5008084.12523881,530785.73282393 5008084.1170461,530785.75017493 5008084.10031557,530785.758850527 5008084.09194171,530785.767621287 5008084.07512919,530785.767811807 5008084.05823469,530785.76790697 5008084.04979603,530785.745119411 5008083.78767674,530785.745110682 5008083.78767666,530785.66788416 5008083.78693877,530785.647865878 5008084.04019231,530785.647770521 5008084.04864815,530785.64738948 5008084.08243715,530785.647294317 5008084.09087581,530785.6557792 5008084.09941363,530785.664264277 5008084.10793427,530785.681329399 5008084.11655408,530785.698394715 5008084.1251567,530785.698403444 5008084.12515679),(530788.744510752 5008084.15426187,530788.74451948 5008084.15426196,530788.753104084 5008084.15434398,530788.778939967 5008084.14615127,530788.796290966 5008084.12942074,530788.804966563 5008084.12104688,530788.813737323 5008084.10423436,530788.813927843 5008084.08733986,530788.814023006 5008084.0789012,530788.791235447 5008083.81678191,530788.791226718 5008083.81678183,530788.714000196 5008083.81604394,530788.693981914 5008084.06929748,530788.693886557 5008084.07775332,530788.693505517 5008084.11154232,530788.693410354 5008084.11998098,530788.701895236 5008084.1285188,530788.710380313 5008084.13703944,530788.727445435 5008084.14565925,530788.744510752 5008084.15426187),(530791.790613695 5008084.18336692,530791.790622424 5008084.183367,530791.799207028 5008084.18344903,530791.82504291 5008084.17525632,530791.84239391 5008084.15852578,530791.851069506 5008084.15015192,530791.859840266 5008084.13333941,530791.860030787 5008084.1164449,530791.86012595 5008084.10800625,530791.83733839 5008083.84588695,530791.837329662 5008083.84588687,530791.76010314 5008083.84514898,530791.740084858 5008084.09840252,530791.7399895 5008084.10685836,530791.73960846 5008084.14064736,530791.739513297 5008084.14908602,530791.74799818 5008084.15762385,530791.756483256 5008084.16614448,530791.773548379 5008084.17476429,530791.790613695 5008084.18336692),(530791.784715758 5008092.68878032,530791.784724486 5008092.6887804,530791.79330909 5008092.68886243,530791.819144973 5008092.68066972,530791.836495972 5008092.66393918,530791.845171569 5008092.65556532,530791.853942329 5008092.63875281,530791.854132849 5008092.62185831,530791.854228012 5008092.61341965,530791.831440453 5008092.35130035,530791.831431724 5008092.35130027,530791.754205202 5008092.35056238,530791.73418692 5008092.60381592,530791.734091563 5008092.61227176,530791.733710523 5008092.64606076,530791.73361536 5008092.65449942,530791.742100242 5008092.66303725,530791.750585319 5008092.67155789,530791.767650441 5008092.6801777,530791.784715758 5008092.68878032),(530791.801651472 5008101.18189563,530791.810236076 5008101.18197766,530791.836071959 5008101.17378495,530791.853422958 5008101.15705442,530791.862098555 5008101.14868056,530791.870869315 5008101.13186804,530791.871059835 5008101.11497354,530791.871154998 5008101.10653488,530791.848367439 5008100.84441559,530791.84835871 5008100.8444155,530791.771132188 5008100.84367761,530791.751113906 5008101.09693115,530791.751018549 5008101.105387,530791.750637509 5008101.139176,530791.750542346 5008101.14761465,530791.759027228 5008101.15615248,530791.767512305 5008101.16467312,530791.784577427 5008101.17329293,530791.801642744 5008101.18189555,530791.801651472 5008101.18189563),(530836.771547353 5008016.75477057,530836.780131957 5008016.7548526,530836.805967839 5008016.74665989,530836.823318839 5008016.72992935,530836.831994435 5008016.72155549,530836.840765195 5008016.70474298,530836.840955716 5008016.68784847,530836.841050879 5008016.67940982,530836.818263319 5008016.41729052,530836.818254591 5008016.41729044,530836.741028069 5008016.41655255,530836.721009786 5008016.66980609,530836.720914429 5008016.67826193,530836.720533389 5008016.71205093,530836.720438226 5008016.72048959,530836.728923109 5008016.72902742,530836.737408185 5008016.73754806,530836.754473308 5008016.74616786,530836.771538624 5008016.75477049,530836.771547353 5008016.75477057),(530798.899335839 5007999.42831403,530798.899344567 5007999.42831411,530798.907929171 5007999.42839614,530798.933765054 5007999.42020343,530798.951116054 5007999.40347289,530798.95979165 5007999.39509903,530798.96856241 5007999.37828652,530798.96875293 5007999.36139202,530798.968848094 5007999.35295336,530798.946060534 5007999.09083406,530798.946051806 5007999.09083398,530798.868825284 5007999.09009609,530798.848807001 5007999.34334963,530798.848711644 5007999.35180547,530798.848330604 5007999.38559447,530798.848235441 5007999.39403313,530798.856720323 5007999.40257096,530798.8652054 5007999.4110916,530798.882270522 5007999.41971141,530798.899335839 5007999.42831403),(530801.945460604 5007999.45741928,530801.954045208 5007999.45750131,530801.97988109 5007999.4493086,530801.99723209 5007999.43257806,530802.005907687 5007999.4242042,530802.014678447 5007999.40739169,530802.014868967 5007999.39049718,530802.01496413 5007999.38205853,530801.99217657 5007999.11993923,530801.992167842 5007999.11993915,530801.91494132 5007999.11920126,530801.894923038 5007999.3724548,530801.894827681 5007999.38091064,530801.89444664 5007999.41469964,530801.894351477 5007999.4231383,530801.90283636 5007999.43167613,530801.911321436 5007999.44019676,530801.928386559 5007999.44881657,530801.945451875 5007999.4574192,530801.945460604 5007999.45741928),(530796.100823659 5008007.88387138,530796.109408263 5008007.8839534,530796.135244145 5008007.8757607,530796.152595145 5008007.85903016,530796.161270742 5008007.8506563,530796.170041502 5008007.83384378,530796.170232022 5008007.81694928,530796.170327185 5008007.80851063,530796.147539626 5008007.54639133,530796.147530897 5008007.54639125,530796.070304375 5008007.54565336,530796.050286093 5008007.7989069,530796.050190736 5008007.80736274,530796.049809696 5008007.84115174,530796.049714532 5008007.8495904,530796.058199415 5008007.85812823,530796.066684492 5008007.86664886,530796.083749614 5008007.87526867,530796.10081493 5008007.8838713,530796.100823659 5008007.88387138),(530799.146917874 5008007.91297634,530799.146926602 5008007.91297642,530799.155511206 5008007.91305845,530799.181347089 5008007.90486574,530799.198698089 5008007.88813521,530799.207373685 5008007.87976135,530799.216144445 5008007.86294883,530799.216334965 5008007.84605433,530799.216430129 5008007.83761567,530799.193642569 5008007.57549638,530799.193633841 5008007.57549629,530799.116407319 5008007.5747584,530799.096389036 5008007.82801194,530799.096293679 5008007.83646779,530799.095912639 5008007.87025679,530799.095817476 5008007.87869544,530799.104302358 5008007.88723327,530799.112787435 5008007.89575391,530799.129852557 5008007.90437372,530799.146917874 5008007.91297634),(530802.193042639 5008007.94208159,530802.201627243 5008007.94216362,530802.227463125 5008007.93397091,530802.244814125 5008007.91724037,530802.253489722 5008007.90886651,530802.262260482 5008007.892054,530802.262451002 5008007.8751595,530802.262546165 5008007.86672084,530802.239758605 5008007.60460155,530802.239749877 5008007.60460146,530802.162523355 5008007.60386357,530802.142505073 5008007.85711711,530802.142409716 5008007.86557295,530802.142028675 5008007.89936196,530802.141933512 5008007.90780061,530802.150418395 5008007.91633844,530802.158903471 5008007.92485908,530802.175968594 5008007.93347889,530802.19303391 5008007.94208151,530802.193042639 5008007.94208159),(530803.248442677 5008007.95216578,530803.257027281 5008007.9522478,530803.282863163 5008007.94405509,530803.300214163 5008007.92732456,530803.30888976 5008007.9189507,530803.31766052 5008007.90213818,530803.31785104 5008007.88524368,530803.317946203 5008007.87680502,530803.295158644 5008007.61468573,530803.295149915 5008007.61468565,530803.217923393 5008007.61394776,530803.197905111 5008007.8672013,530803.197809754 5008007.87565714,530803.197428713 5008007.90944614,530803.19733355 5008007.9178848,530803.205818433 5008007.92642262,530803.214303509 5008007.93494326,530803.231368632 5008007.94356307,530803.248433948 5008007.95216569,530803.248442677 5008007.95216578),(530794.949761152 5008016.35516986,530794.949769881 5008016.35516994,530794.958354485 5008016.35525197,530794.984190367 5008016.34705926,530795.001541367 5008016.33032872,530795.010216963 5008016.32195486,530795.018987723 5008016.30514235,530795.019178244 5008016.28824785,530795.019273407 5008016.27980919,530794.996485847 5008016.01768989,530794.996477119 5008016.01768981,530794.919250597 5008016.01695192,530794.899232315 5008016.27020546,530794.899136957 5008016.2786613,530794.898755917 5008016.3124503,530794.898660754 5008016.32088896,530794.907145637 5008016.32942679,530794.915630713 5008016.33794743,530794.932695836 5008016.34656724,530794.949761152 5008016.35516986),(530796.00516119 5008016.36525404,530796.005169919 5008016.36525413,530796.013754523 5008016.36533615,530796.039590405 5008016.35714344,530796.056941405 5008016.34041291,530796.065617001 5008016.33203905,530796.074387761 5008016.31522653,530796.074578282 5008016.29833203,530796.074673445 5008016.28989337,530796.051885885 5008016.02777408,530796.051877157 5008016.02777399,530795.974650635 5008016.02703611,530795.954632353 5008016.28028965,530795.954536996 5008016.28874549,530795.954155955 5008016.32253449,530795.954060792 5008016.33097315,530795.962545675 5008016.33951097,530795.971030751 5008016.34803161,530795.988095874 5008016.35665142,530796.00516119 5008016.36525404),(530799.051277226 5008016.39435921,530799.051285955 5008016.3943593,530799.059870559 5008016.39444132,530799.085706441 5008016.38624861,530799.103057441 5008016.36951808,530799.111733038 5008016.36114422,530799.120503798 5008016.3443317,530799.120694318 5008016.3274372,530799.120789481 5008016.31899854,530799.098001922 5008016.05687925,530799.097993193 5008016.05687916,530799.020766671 5008016.05614128,530799.000748389 5008016.30939481,530799.000653032 5008016.31785066,530799.000271991 5008016.35163966,530799.000176828 5008016.36007831,530799.008661711 5008016.36861614,530799.017146788 5008016.37713678,530799.03421191 5008016.38575659,530799.051277226 5008016.39435921),(530802.097388898 5008016.42346434,530802.105973502 5008016.42354636,530802.131809385 5008016.41535365,530802.149160384 5008016.39862312,530802.157835981 5008016.39024926,530802.166606741 5008016.37343674,530802.166797261 5008016.35654224,530802.166892424 5008016.34810359,530802.144104865 5008016.08598429,530802.144096136 5008016.08598421,530802.066869615 5008016.08524632,530802.046851332 5008016.33849986,530802.046755975 5008016.3469557,530802.046374935 5008016.3807447,530802.046279772 5008016.38918336,530802.054764654 5008016.39772118,530802.063249731 5008016.40624182,530802.080314853 5008016.41486163,530802.09738017 5008016.42346426,530802.097388898 5008016.42346434),(530795.715904525 5008024.84478695,530795.724489129 5008024.84486897,530795.750325012 5008024.83667626,530795.767676012 5008024.81994573,530795.776351608 5008024.81157187,530795.785122368 5008024.79475935,530795.785312888 5008024.77786485,530795.785408052 5008024.76942619,530795.762620492 5008024.5073069,530795.762611764 5008024.50730681,530795.685385242 5008024.50656893,530795.665366959 5008024.75982246,530795.665271602 5008024.76827831,530795.664890562 5008024.80206731,530795.664795399 5008024.81050596,530795.673280281 5008024.81904379,530795.681765358 5008024.82756443,530795.69883048 5008024.83618424,530795.715895797 5008024.84478686,530795.715904525 5008024.84478695),(530798.762011833 5008024.87389203,530798.762020562 5008024.87389211,530798.770605166 5008024.87397414,530798.796441048 5008024.86578143,530798.813792048 5008024.8490509,530798.822467645 5008024.84067704,530798.831238405 5008024.82386452,530798.831428925 5008024.80697002,530798.831524088 5008024.79853136,530798.808736529 5008024.53641207,530798.8087278 5008024.53641198,530798.731501278 5008024.5356741,530798.711482996 5008024.78892763,530798.711387639 5008024.79738348,530798.711006598 5008024.83117248,530798.710911435 5008024.83961113,530798.719396318 5008024.84814896,530798.727881394 5008024.8566696,530798.744946517 5008024.86528941,530798.762011833 5008024.87389203),(530799.808835996 5008024.88389427,530799.808844724 5008024.88389436,530799.817429328 5008024.88397638,530799.843265211 5008024.87578367,530799.86061621 5008024.85905314,530799.869291807 5008024.85067928,530799.878062567 5008024.83386676,530799.878253087 5008024.81697226,530799.87834825 5008024.8085336,530799.855560691 5008024.54641431,530799.855551962 5008024.54641423,530799.77832544 5008024.54567634,530799.758307158 5008024.79892988,530799.758211801 5008024.80738572,530799.757830761 5008024.84117472,530799.757735598 5008024.84961338,530799.76622048 5008024.8581512,530799.774705557 5008024.86667184,530799.791770679 5008024.87529165,530799.808835996 5008024.88389427),(530802.854952032 5008024.91299944,530802.854960761 5008024.91299953,530802.863545365 5008024.91308155,530802.889381247 5008024.90488884,530802.906732247 5008024.88815831,530802.915407844 5008024.87978445,530802.924178603 5008024.86297193,530802.924369124 5008024.84607743,530802.924464287 5008024.83763877,530802.901676727 5008024.57551948,530802.901667999 5008024.57551939,530802.824441477 5008024.57478151,530802.804423195 5008024.82803504,530802.804327838 5008024.83649089,530802.803946797 5008024.87027989,530802.803851634 5008024.87871854,530802.812336517 5008024.88725637,530802.820821593 5008024.89577701,530802.837886716 5008024.90439682,530802.854952032 5008024.91299944),(530796.50032526 5008033.33457867,530796.508909864 5008033.33466069,530796.534745746 5008033.32646798,530796.552096746 5008033.30973745,530796.560772343 5008033.30136359,530796.569543103 5008033.28455107,530796.569733623 5008033.26765657,530796.569828786 5008033.25921791,530796.547041227 5008032.99709862,530796.547032498 5008032.99709854,530796.469805976 5008032.99636065,530796.449787694 5008033.24961419,530796.449692337 5008033.25807003,530796.449311297 5008033.29185903,530796.449216133 5008033.30029769,530796.457701016 5008033.30883551,530796.466186093 5008033.31735615,530796.483251215 5008033.32597596,530796.500316531 5008033.33457858,530796.50032526 5008033.33457867),(530799.546428203 5008033.36368371,530799.555012807 5008033.36376574,530799.58084869 5008033.35557303,530799.59819969 5008033.33884249,530799.606875286 5008033.33046863,530799.615646046 5008033.31365611,530799.615836566 5008033.29676161,530799.61593173 5008033.28832296,530799.59314417 5008033.02620366,530799.593135442 5008033.02620358,530799.51590892 5008033.02546569,530799.495890637 5008033.27871923,530799.49579528 5008033.28717507,530799.49541424 5008033.32096407,530799.495319077 5008033.32940273,530799.503803959 5008033.33794056,530799.512289036 5008033.34646119,530799.529354158 5008033.355081,530799.546419475 5008033.36368363,530799.546428203 5008033.36368371),(530802.592535511 5008033.3927888,530802.59254424 5008033.39278888,530802.601128844 5008033.3928709,530802.626964726 5008033.3846782,530802.644315726 5008033.36794766,530802.652991323 5008033.3595738,530802.661762083 5008033.34276128,530802.661952603 5008033.32586678,530802.662047766 5008033.31742813,530802.639260206 5008033.05530883,530802.639251478 5008033.05530875,530802.562024956 5008033.05457086,530802.542006674 5008033.3078244,530802.541911317 5008033.31628024,530802.541530276 5008033.35006924,530802.541435113 5008033.3585079,530802.549919996 5008033.36704572,530802.558405072 5008033.37556636,530802.575470195 5008033.38418617,530802.592535511 5008033.3927888),(530803.639359674 5008033.40279104,530803.639368402 5008033.40279112,530803.647953006 5008033.40287315,530803.673788889 5008033.39468044,530803.691139888 5008033.3779499,530803.699815485 5008033.36957604,530803.708586245 5008033.35276353,530803.708776765 5008033.33586903,530803.708871928 5008033.32743037,530803.686084369 5008033.06531107,530803.68607564 5008033.06531099,530803.608849118 5008033.0645731,530803.588830836 5008033.31782664,530803.588735479 5008033.32628248,530803.588354439 5008033.36007148,530803.588259276 5008033.36851014,530803.596744158 5008033.37704797,530803.605229235 5008033.38556861,530803.622294357 5008033.39418842,530803.639359674 5008033.40279104),(530796.233062264 5008041.81433031,530796.233070992 5008041.81433039,530796.241655596 5008041.81441242,530796.267491479 5008041.80621971,530796.284842478 5008041.78948918,530796.293518075 5008041.78111531,530796.302288835 5008041.7643028,530796.302479355 5008041.7474083,530796.302574518 5008041.73896964,530796.279786959 5008041.47685035,530796.27977823 5008041.47685026,530796.202551708 5008041.47611237,530796.182533426 5008041.72936591,530796.182438069 5008041.73782175,530796.182057029 5008041.77161076,530796.181961866 5008041.78004941,530796.190446748 5008041.78858724,530796.198931825 5008041.79710788,530796.215996947 5008041.80572769,530796.233062264 5008041.81433031),(530797.279895155 5008041.82433264,530797.288479759 5008041.82441466,530797.314315641 5008041.81622195,530797.331666641 5008041.79949142,530797.340342238 5008041.79111756,530797.349112998 5008041.77430504,530797.349303518 5008041.75741054,530797.349398681 5008041.74897188,530797.326611121 5008041.48685259,530797.326602393 5008041.4868525,530797.249375871 5008041.48611462,530797.229357589 5008041.73936815,530797.229262232 5008041.747824,530797.228881191 5008041.781613,530797.228786028 5008041.79005165,530797.237270911 5008041.79858948,530797.245755987 5008041.80711012,530797.26282111 5008041.81572993,530797.279886426 5008041.82433255,530797.279895155 5008041.82433264),(530800.326011191 5008041.8534378,530800.334595795 5008041.85351983,530800.360431677 5008041.84532712,530800.377782677 5008041.82859659,530800.386458274 5008041.82022273,530800.395229034 5008041.80341021,530800.395419554 5008041.78651571,530800.395514717 5008041.77807705,530800.372727158 5008041.51595776,530800.372718429 5008041.51595767,530800.295491907 5008041.51521979,530800.275473625 5008041.76847332,530800.275378268 5008041.77692917,530800.274997228 5008041.81071817,530800.274902064 5008041.81915682,530800.283386947 5008041.82769465,530800.291872024 5008041.83621529,530800.308937146 5008041.8448351,530800.326002462 5008041.85343772,530800.326011191 5008041.8534378),(530803.372105406 5008041.88254276,530803.372114134 5008041.88254285,530803.380698739 5008041.88262487,530803.406534621 5008041.87443216,530803.423885621 5008041.85770163,530803.432561217 5008041.84932777,530803.441331977 5008041.83251525,530803.441522497 5008041.81562075,530803.441617661 5008041.8071821,530803.418830101 5008041.5450628,530803.418821373 5008041.54506272,530803.341594851 5008041.54432483,530803.321576568 5008041.79757837,530803.321481211 5008041.80603421,530803.321100171 5008041.83982321,530803.321005008 5008041.84826187,530803.32948989 5008041.85679969,530803.337974967 5008041.86532033,530803.355040089 5008041.87394014,530803.372105406 5008041.88254276),(530797.012647627 5008050.30406724,530797.021232231 5008050.30414926,530797.047068114 5008050.29595655,530797.064419113 5008050.27922602,530797.07309471 5008050.27085216,530797.08186547 5008050.25403964,530797.08205599 5008050.23714514,530797.082151153 5008050.22870648,530797.059363594 5008049.96658719,530797.059354865 5008049.9665871,530796.982128343 5008049.96584922,530796.962110061 5008050.21910276,530796.962014704 5008050.2275586,530796.961633664 5008050.2613476,530796.961538501 5008050.26978626,530796.970023383 5008050.27832408,530796.97850846 5008050.28684472,530796.995573582 5008050.29546453,530797.012638899 5008050.30406715,530797.012647627 5008050.30406724),(530800.058763664 5008050.33317241,530800.067348268 5008050.33325443,530800.09318415 5008050.32506172,530800.11053515 5008050.30833119,530800.119210746 5008050.29995733,530800.127981506 5008050.28314481,530800.128172027 5008050.26625031,530800.12826719 5008050.25781165,530800.10547963 5008049.99569236,530800.105470902 5008049.99569227,530800.02824438 5008049.99495439,530800.008226098 5008050.24820792,530800.00813074 5008050.25666377,530800.0077497 5008050.29045277,530800.007654537 5008050.29889142,530800.01613942 5008050.30742925,530800.024624496 5008050.31594989,530800.041689619 5008050.3245697,530800.058754935 5008050.33317232,530800.058763664 5008050.33317241),(530801.114154973 5008050.34325651,530801.114163702 5008050.34325659,530801.122748306 5008050.34333861,530801.148584188 5008050.3351459,530801.165935188 5008050.31841537,530801.174610785 5008050.31004151,530801.183381544 5008050.29322899,530801.183572065 5008050.27633449,530801.183667228 5008050.26789584,530801.160879668 5008050.00577654,530801.16087094 5008050.00577646,530801.083644418 5008050.00503857,530801.063626136 5008050.25829211,530801.063530779 5008050.26674795,530801.063149738 5008050.30053695,530801.063054575 5008050.30897561,530801.071539458 5008050.31751343,530801.080024534 5008050.32603407,530801.097089657 5008050.33465388,530801.114154973 5008050.34325651),(530804.160279738 5008050.37236176,530804.168864342 5008050.37244378,530804.194700224 5008050.36425107,530804.212051224 5008050.34752054,530804.220726821 5008050.33914668,530804.229497581 5008050.32233416,530804.229688101 5008050.30543966,530804.229783264 5008050.297001,530804.206995705 5008050.03488171,530804.206986976 5008050.03488163,530804.129760454 5008050.03414374,530804.109742172 5008050.28739728,530804.109646815 5008050.29585312,530804.109265774 5008050.32964212,530804.109170611 5008050.33808078,530804.117655494 5008050.3466186,530804.126140571 5008050.35513924,530804.143205693 5008050.36375905,530804.160271009 5008050.37236167,530804.160279738 5008050.37236176),(530794.497267987 5008058.76233847,530794.497276715 5008058.76233855,530794.505861319 5008058.76242058,530794.531697202 5008058.75422787,530794.549048202 5008058.73749733,530794.557723798 5008058.72912347,530794.566494558 5008058.71231096,530794.566685078 5008058.69541646,530794.566780242 5008058.6869778,530794.543992682 5008058.4248585,530794.543983954 5008058.42485842,530794.466757432 5008058.42412053,530794.446739149 5008058.67737407,530794.446643792 5008058.68582991,530794.446262752 5008058.71961891,530794.446167589 5008058.72805757,530794.454652471 5008058.7365954,530794.463137548 5008058.74511604,530794.48020267 5008058.75373585,530794.497267987 5008058.76233847),(530797.543384023 5008058.79144364,530797.543392752 5008058.79144372,530797.551977356 5008058.79152575,530797.577813238 5008058.78333304,530797.595164238 5008058.7666025,530797.603839835 5008058.75822864,530797.612610595 5008058.74141613,530797.612801115 5008058.72452162,530797.612896278 5008058.71608297,530797.590108718 5008058.45396367,530797.59009999 5008058.45396359,530797.512873468 5008058.4532257,530797.492855186 5008058.70647924,530797.492759829 5008058.71493508,530797.492378788 5008058.74872408,530797.492283625 5008058.75716274,530797.500768508 5008058.76570057,530797.509253584 5008058.77422121,530797.526318707 5008058.78284101,530797.543384023 5008058.79144364),(530800.589495695 5008058.82054877,530800.598080299 5008058.82063079,530800.623916182 5008058.81243808,530800.641267181 5008058.79570755,530800.649942778 5008058.78733369,530800.658713538 5008058.77052117,530800.658904058 5008058.75362667,530800.658999221 5008058.74518801,530800.636211662 5008058.48306872,530800.636202933 5008058.48306863,530800.558976411 5008058.48233075,530800.538958129 5008058.73558428,530800.538862772 5008058.74404013,530800.538481732 5008058.77782913,530800.538386569 5008058.78626778,530800.546871451 5008058.79480561,530800.555356528 5008058.80332625,530800.57242165 5008058.81194606,530800.589486966 5008058.82054868,530800.589495695 5008058.82054877),(530803.635611732 5008058.84965393,530803.644196336 5008058.84973596,530803.670032218 5008058.84154325,530803.687383218 5008058.82481272,530803.696058814 5008058.81643886,530803.704829574 5008058.79962634,530803.705020095 5008058.78273184,530803.705115258 5008058.77429318,530803.682327698 5008058.51217389,530803.68231897 5008058.5121738,530803.605092448 5008058.51143591,530803.585074165 5008058.76468945,530803.584978808 5008058.7731453,530803.584597768 5008058.8069343,530803.584502605 5008058.81537295,530803.592987488 5008058.82391078,530803.601472564 5008058.83243142,530803.618537687 5008058.84105123,530803.635603003 5008058.84965385,530803.635611732 5008058.84965393),(530794.332976596 5008067.24307399,530794.332985325 5008067.24307407,530794.341569929 5008067.2431561,530794.367405811 5008067.23496339,530794.384756811 5008067.21823286,530794.393432408 5008067.20985899,530794.402203167 5008067.19304648,530794.402393688 5008067.17615198,530794.402488851 5008067.16771332,530794.379701291 5008066.90559403,530794.379692563 5008066.90559394,530794.302466041 5008066.90485605,530794.282447759 5008067.15810959,530794.282352402 5008067.16656544,530794.281971361 5008067.20035444,530794.281876198 5008067.20879309,530794.290361081 5008067.21733092,530794.298846157 5008067.22585156,530794.31591128 5008067.23447137,530794.332976596 5008067.24307399),(530797.379092632 5008067.27217916,530797.379101361 5008067.27217924,530797.387685965 5008067.27226127,530797.413521847 5008067.26406856,530797.430872847 5008067.24733802,530797.439548444 5008067.23896416,530797.448319204 5008067.22215165,530797.448509724 5008067.20525715,530797.448604887 5008067.19681849,530797.425817328 5008066.93469919,530797.425808599 5008066.93469911,530797.348582077 5008066.93396122,530797.328563795 5008067.18721476,530797.328468438 5008067.1956706,530797.328087398 5008067.2294596,530797.327992234 5008067.23789826,530797.336477117 5008067.24643609,530797.344962194 5008067.25495673,530797.362027316 5008067.26357654,530797.379092632 5008067.27217916),(530798.425916795 5008067.2821814,530798.425925524 5008067.28218148,530798.434510128 5008067.28226351,530798.46034601 5008067.2740708,530798.47769701 5008067.25734027,530798.486372606 5008067.24896641,530798.495143366 5008067.23215389,530798.495333886 5008067.21525939,530798.49542905 5008067.20682073,530798.47264149 5008066.94470144,530798.472632762 5008066.94470135,530798.39540624 5008066.94396347,530798.375387957 5008067.197217,530798.3752926 5008067.20567285,530798.37491156 5008067.23946185,530798.374816397 5008067.2479005,530798.38330128 5008067.25643833,530798.391786356 5008067.26495897,530798.408851478 5008067.27357878,530798.425916795 5008067.2821814),(530801.47204156 5008067.31128665,530801.480626164 5008067.31136868,530801.506462046 5008067.30317597,530801.523813046 5008067.28644544,530801.532488643 5008067.27807157,530801.541259403 5008067.26125906,530801.541449923 5008067.24436456,530801.541545086 5008067.2359259,530801.518757527 5008066.97380661,530801.518748798 5008066.97380652,530801.441522276 5008066.97306863,530801.421503994 5008067.22632217,530801.421408637 5008067.23477801,530801.421027596 5008067.26856702,530801.420932433 5008067.27700567,530801.429417316 5008067.2855435,530801.437902392 5008067.29406414,530801.454967515 5008067.30268395,530801.472032831 5008067.31128657,530801.47204156 5008067.31128665),(530795.043922321 5008075.73214648,530795.052506925 5008075.73222851,530795.078342807 5008075.7240358,530795.095693807 5008075.70730526,530795.104369404 5008075.6989314,530795.113140164 5008075.68211889,530795.113330684 5008075.66522438,530795.113425847 5008075.65678573,530795.090638288 5008075.39466643,530795.090629559 5008075.39466635,530795.013403037 5008075.39392846,530794.993384755 5008075.647182,530794.993289398 5008075.65563784,530794.992908358 5008075.68942684,530794.992813194 5008075.6978655,530795.001298077 5008075.70640333,530795.009783154 5008075.71492396,530795.026848276 5008075.72354377,530795.043913592 5008075.7321464,530795.043922321 5008075.73214648),(530798.090016536 5008075.76125144,530798.090025264 5008075.76125153,530798.098609868 5008075.76133355,530798.124445751 5008075.75314084,530798.14179675 5008075.73641031,530798.150472347 5008075.72803645,530798.159243107 5008075.71122393,530798.159433627 5008075.69432943,530798.159528791 5008075.68589077,530798.136741231 5008075.42377148,530798.136732502 5008075.42377139,530798.059505981 5008075.42303351,530798.039487698 5008075.67628704,530798.039392341 5008075.68474289,530798.039011301 5008075.71853189,530798.038916138 5008075.72697054,530798.04740102 5008075.73550837,530798.055886097 5008075.74402901,530798.072951219 5008075.75264882,530798.090016536 5008075.76125144),(530801.136132572 5008075.79035661,530801.136141301 5008075.79035669,530801.144725905 5008075.79043872,530801.170561787 5008075.78224601,530801.187912787 5008075.76551548,530801.196588384 5008075.75714162,530801.205359144 5008075.7403291,530801.205549664 5008075.7234346,530801.205644827 5008075.71499594,530801.182857267 5008075.45287665,530801.182848539 5008075.45287656,530801.105622017 5008075.45213867,530801.085603735 5008075.70539221,530801.085508378 5008075.71384806,530801.085127337 5008075.74763706,530801.085032174 5008075.75607571,530801.093517057 5008075.76461354,530801.102002133 5008075.77313418,530801.119067256 5008075.78175399,530801.136132572 5008075.79035661),(530802.182956735 5008075.80035885,530802.182965463 5008075.80035894,530802.191550067 5008075.80044096,530802.21738595 5008075.79224825,530802.234736949 5008075.77551772,530802.243412546 5008075.76714386,530802.252183306 5008075.75033134,530802.252373826 5008075.73343684,530802.252468989 5008075.72499818,530802.22968143 5008075.46287889,530802.229672701 5008075.4628788,530802.152446179 5008075.46214092,530802.132427897 5008075.71539446,530802.13233254 5008075.7238503,530802.1319515 5008075.7576393,530802.131856337 5008075.76607796,530802.140341219 5008075.77461578,530802.148826296 5008075.78313642,530802.165891418 5008075.79175623,530802.182956735 5008075.80035885),(530794.83673846 5008084.21247217,530794.845323064 5008084.21255419,530794.871158946 5008084.20436149,530794.888509946 5008084.18763095,530794.897185543 5008084.17925709,530794.905956303 5008084.16244457,530794.906146823 5008084.14555007,530794.906241986 5008084.13711142,530794.883454427 5008083.87499212,530794.883445698 5008083.87499204,530794.806219176 5008083.87425415,530794.786200894 5008084.12750769,530794.786105537 5008084.13596353,530794.785724496 5008084.16975253,530794.785629333 5008084.17819119,530794.794114216 5008084.18672901,530794.802599293 5008084.19524965,530794.819664415 5008084.20386946,530794.836729731 5008084.21247209,530794.83673846 5008084.21247217),(530795.892138498 5008084.22255635,530795.900723102 5008084.22263838,530795.926558984 5008084.21444567,530795.943909984 5008084.19771514,530795.952585581 5008084.18934128,530795.961356341 5008084.17252876,530795.961546861 5008084.15563426,530795.961642024 5008084.1471956,530795.938854465 5008083.88507631,530795.938845736 5008083.88507622,530795.861619214 5008083.88433833,530795.841600932 5008084.13759187,530795.841505575 5008084.14604772,530795.841124534 5008084.17983672,530795.841029371 5008084.18827537,530795.849514254 5008084.1968132,530795.857999331 5008084.20533384,530795.875064453 5008084.21395365,530795.892129769 5008084.22255627,530795.892138498 5008084.22255635),(530798.938245806 5008084.25166144,530798.938254534 5008084.25166152,530798.946839138 5008084.25174355,530798.972675021 5008084.24355084,530798.99002602 5008084.2268203,530798.998701617 5008084.21844644,530799.007472377 5008084.20163393,530799.007662897 5008084.18473943,530799.00775806 5008084.17630077,530798.984970501 5008083.91418147,530798.984961772 5008083.91418139,530798.907735251 5008083.9134435,530798.887716968 5008084.16669704,530798.887621611 5008084.17515288,530798.887240571 5008084.20894188,530798.887145408 5008084.21738054,530798.89563029 5008084.22591837,530798.904115367 5008084.23443901,530798.921180489 5008084.24305882,530798.938245806 5008084.25166144),(530801.984357478 5008084.28076657,530801.992942082 5008084.28084859,530802.018777964 5008084.27265588,530802.036128964 5008084.25592535,530802.044804561 5008084.24755149,530802.053575321 5008084.23073897,530802.053765841 5008084.21384447,530802.053861004 5008084.20540581,530802.031073444 5008083.94328652,530802.031064716 5008083.94328643,530801.953838194 5008083.94254855,530801.933819912 5008084.19580209,530801.933724555 5008084.20425793,530801.933343514 5008084.23804693,530801.933248351 5008084.24648559,530801.941733234 5008084.25502341,530801.95021831 5008084.26354405,530801.967283433 5008084.27216386,530801.984348749 5008084.28076648,530801.984357478 5008084.28076657),(530794.830840523 5008092.71788557,530794.839425127 5008092.71796759,530794.865261009 5008092.70977489,530794.882612009 5008092.69304435,530794.891287606 5008092.68467049,530794.900058365 5008092.66785797,530794.900248886 5008092.65096347,530794.900344049 5008092.64252482,530794.877556489 5008092.38040552,530794.877547761 5008092.38040544,530794.800321239 5008092.37966755,530794.780302957 5008092.63292109,530794.7802076 5008092.64137693,530794.779826559 5008092.67516593,530794.779731396 5008092.68360459,530794.788216279 5008092.69214242,530794.796701355 5008092.70066305,530794.813766478 5008092.70928286,530794.830831794 5008092.71788549,530794.830840523 5008092.71788557),(530797.876934737 5008092.74699053,530797.876943466 5008092.74699061,530797.88552807 5008092.74707264,530797.911363952 5008092.73887993,530797.928714952 5008092.7221494,530797.937390549 5008092.71377554,530797.946161309 5008092.69696302,530797.946351829 5008092.68006852,530797.946446992 5008092.67162986,530797.923659433 5008092.40951057,530797.923650704 5008092.40951048,530797.846424182 5008092.4087726,530797.8264059 5008092.66202613,530797.826310543 5008092.67048198,530797.825929502 5008092.70427098,530797.825834339 5008092.71270963,530797.834319222 5008092.72124746,530797.842804299 5008092.7297681,530797.859869421 5008092.73838791,530797.876934737 5008092.74699053),(530800.923059502 5008092.77609578,530800.931644106 5008092.77617781,530800.957479989 5008092.7679851,530800.974830988 5008092.75125457,530800.983506585 5008092.7428807,530800.992277345 5008092.72606819,530800.992467865 5008092.70917369,530800.992563028 5008092.70073503,530800.969775469 5008092.43861574,530800.96976674 5008092.43861565,530800.892540219 5008092.43787776,530800.872521936 5008092.6911313,530800.872426579 5008092.69958714,530800.872045539 5008092.73337615,530800.871950376 5008092.7418148,530800.880435258 5008092.75035263,530800.888920335 5008092.75887327,530800.905985457 5008092.76749308,530800.923050774 5008092.7760957,530800.923059502 5008092.77609578),(530801.97845954 5008092.78617997,530801.987044144 5008092.78626199,530802.012880027 5008092.77806928,530802.030231026 5008092.76133875,530802.038906623 5008092.75296489,530802.047677383 5008092.73615237,530802.047867903 5008092.71925787,530802.047963066 5008092.71081921,530802.025175507 5008092.44869992,530802.025166778 5008092.44869984,530801.947940257 5008092.44796195,530801.927921974 5008092.70121549,530801.927826617 5008092.70967133,530801.927445577 5008092.74346033,530801.927350414 5008092.75189899,530801.935835296 5008092.76043681,530801.944320373 5008092.76895745,530801.961385495 5008092.77757726,530801.978450812 5008092.78617988,530801.97845954 5008092.78617997),(530794.84775878 5008101.21100072,530794.847767509 5008101.2110008,530794.856352113 5008101.21108283,530794.882187995 5008101.20289012,530794.899538995 5008101.18615958,530794.908214592 5008101.17778572,530794.916985351 5008101.16097321,530794.917175872 5008101.14407871,530794.917271035 5008101.13564005,530794.894483475 5008100.87352076,530794.894474747 5008100.87352067,530794.817248225 5008100.87278278,530794.797229943 5008101.12603632,530794.797134586 5008101.13449216,530794.796753545 5008101.16828116,530794.796658382 5008101.17671982,530794.805143265 5008101.18525765,530794.813628341 5008101.19377829,530794.830693464 5008101.2023981,530794.84775878 5008101.21100072),(530797.893861723 5008101.24010576,530797.893870452 5008101.24010585,530797.902455056 5008101.24018787,530797.928290938 5008101.23199516,530797.945641938 5008101.21526463,530797.954317535 5008101.20689077,530797.963088295 5008101.19007825,530797.963278815 5008101.17318375,530797.963373978 5008101.16474509,530797.940586419 5008100.9026258,530797.94057769 5008100.90262572,530797.863351168 5008100.90188783,530797.843332886 5008101.15514137,530797.843237529 5008101.16359721,530797.842856489 5008101.19738621,530797.842761325 5008101.20582487,530797.851246208 5008101.21436269,530797.859731285 5008101.22288333,530797.876796407 5008101.23150314,530797.893861723 5008101.24010576),(530800.93997776 5008101.26921093,530800.939986488 5008101.26921102,530800.948571092 5008101.26929304,530800.974406975 5008101.26110033,530800.991757974 5008101.2443698,530801.000433571 5008101.23599594,530801.009204331 5008101.21918342,530801.009394851 5008101.20228892,530801.009490015 5008101.19385026,530800.986702455 5008100.93173097,530800.986693727 5008100.93173088,530800.909467205 5008100.930993,530800.889448922 5008101.18424653,530800.889353565 5008101.19270238,530800.888972525 5008101.22649138,530800.888877362 5008101.23493003,530800.897362244 5008101.24346786,530800.905847321 5008101.2519885,530800.922912443 5008101.26060831,530800.93997776 5008101.26921093),(530801.995386526 5008101.2792952,530802.00397113 5008101.27937722,530802.029807013 5008101.27118452,530802.047158013 5008101.25445398,530802.055833609 5008101.24608012,530802.064604369 5008101.2292676,530802.064794889 5008101.2123731,530802.064890053 5008101.20393445,530802.042102493 5008100.94181515,530802.042093765 5008100.94181507,530801.964867243 5008100.94107718,530801.94484896 5008101.19433072,530801.944753603 5008101.20278656,530801.944372563 5008101.23657556,530801.9442774 5008101.24501422,530801.952762282 5008101.25355204,530801.961247359 5008101.26207268,530801.978312481 5008101.27069249,530801.995377798 5008101.27929512,530801.995386526 5008101.2792952),(530796.978098557 5008109.67982265,530796.986683161 5008109.67990467,530797.012519043 5008109.67171196,530797.029870043 5008109.65498143,530797.03854564 5008109.64660757,530797.0473164 5008109.62979505,530797.04750692 5008109.61290055,530797.047602083 5008109.60446189,530797.024814524 5008109.3423426,530797.024805795 5008109.34234251,530796.947579273 5008109.34160463,530796.927560991 5008109.59485816,530796.927465634 5008109.60331401,530796.927084593 5008109.63710301,530796.92698943 5008109.64554166,530796.935474313 5008109.65407949,530796.943959389 5008109.66260013,530796.961024512 5008109.67121994,530796.978089828 5008109.67982256,530796.978098557 5008109.67982265),(530800.024205865 5008109.70892773,530800.024214593 5008109.70892781,530800.032799197 5008109.70900984,530800.05863508 5008109.70081713,530800.075986079 5008109.6840866,530800.084661676 5008109.67571274,530800.093432436 5008109.65890022,530800.093622956 5008109.64200572,530800.093718119 5008109.63356706,530800.07093056 5008109.37144777,530800.070921831 5008109.37144768,530799.993695309 5008109.37070979,530799.973677027 5008109.62396333,530799.97358167 5008109.63241918,530799.97320063 5008109.66620818,530799.973105467 5008109.67464683,530799.981590349 5008109.68318466,530799.990075426 5008109.6917053,530800.007140548 5008109.70032511,530800.024205865 5008109.70892773),(530803.070308808 5008109.73803277,530803.070317537 5008109.73803286,530803.078902141 5008109.73811488,530803.104738023 5008109.72992217,530803.122089023 5008109.71319164,530803.130764619 5008109.70481778,530803.139535379 5008109.68800526,530803.1397259 5008109.67111076,530803.139821063 5008109.6626721,530803.117033503 5008109.40055281,530803.117024775 5008109.40055273,530803.039798253 5008109.39981484,530803.019779971 5008109.65306838,530803.019684613 5008109.66152422,530803.019303573 5008109.69531322,530803.01920841 5008109.70375188,530803.027693293 5008109.7122897,530803.036178369 5008109.72081034,530803.053243492 5008109.72943015,530803.070308808 5008109.73803277),(530839.81765466 5008016.78387566,530839.817663389 5008016.78387574,530839.826247993 5008016.78395776,530839.852083875 5008016.77576506,530839.869434875 5008016.75903452,530839.878110472 5008016.75066066,530839.886881232 5008016.73384814,530839.887071752 5008016.71695364,530839.887166915 5008016.70851499,530839.864379356 5008016.44639569,530839.864370627 5008016.44639561,530839.787144105 5008016.44565772,530839.767125823 5008016.69891126,530839.767030466 5008016.7073671,530839.766649425 5008016.7411561,530839.766554262 5008016.74959476,530839.775039145 5008016.75813259,530839.783524222 5008016.76665322,530839.800589344 5008016.77527303,530839.81765466 5008016.78387566),(530842.863766332 5008016.81298078,530842.872350936 5008016.81306281,530842.898186819 5008016.8048701,530842.915537818 5008016.78813957,530842.924213415 5008016.77976571,530842.932984175 5008016.76295319,530842.933174695 5008016.74605869,530842.933269858 5008016.73762003,530842.910482299 5008016.47550074,530842.91047357 5008016.47550065,530842.833247048 5008016.47476276,530842.813228766 5008016.7280163,530842.813133409 5008016.73647215,530842.812752369 5008016.77026115,530842.812657206 5008016.7786998,530842.821142088 5008016.78723763,530842.829627165 5008016.79575827,530842.846692287 5008016.80437808,530842.863757604 5008016.8129807,530842.863766332 5008016.81298078),(530845.909882369 5008016.84208595,530845.918466973 5008016.84216798,530845.944302855 5008016.83397527,530845.961653855 5008016.81724473,530845.970329451 5008016.80887087,530845.979100211 5008016.79205836,530845.979290732 5008016.77516386,530845.979385895 5008016.7667252,530845.956598335 5008016.50460591,530845.956589607 5008016.50460582,530845.879363085 5008016.50386793,530845.859344803 5008016.75712147,530845.859249445 5008016.76557731,530845.858868405 5008016.79936631,530845.858773242 5008016.80780497,530845.867258125 5008016.8163428,530845.875743201 5008016.82486344,530845.892808324 5008016.83348325,530845.90987364 5008016.84208587,530845.909882369 5008016.84208595),(530804.991554818 5007999.48652424,530804.991563547 5007999.48652432,530805.000148151 5007999.48660635,530805.025984033 5007999.47841364,530805.043335033 5007999.46168311,530805.05201063 5007999.45330925,530805.06078139 5007999.43649673,530805.06097191 5007999.41960223,530805.061067073 5007999.41116357,530805.038279514 5007999.14904428,530805.038270785 5007999.14904419,530804.961044263 5007999.14830631,530804.941025981 5007999.40155984,530804.940930624 5007999.41001569,530804.940549584 5007999.44380469,530804.940454421 5007999.45224334,530804.948939303 5007999.46078117,530804.95742438 5007999.46930181,530804.974489502 5007999.47792162,530804.991554818 5007999.48652424),(530808.037670855 5007999.51562941,530808.037679584 5007999.51562949,530808.046264188 5007999.51571152,530808.07210007 5007999.50751881,530808.08945107 5007999.49078828,530808.098126666 5007999.48241442,530808.106897426 5007999.4656019,530808.107087946 5007999.4487074,530808.10718311 5007999.44026874,530808.08439555 5007999.17814945,530808.084386822 5007999.17814936,530808.0071603 5007999.17741147,530807.987142017 5007999.43066501,530807.98704666 5007999.43912086,530807.98666562 5007999.47290986,530807.986570457 5007999.48134851,530807.99505534 5007999.48988634,530808.003540416 5007999.49840698,530808.020605539 5007999.50702679,530808.037670855 5007999.51562941),(530809.093070893 5007999.52571359,530809.093079622 5007999.52571368,530809.101664226 5007999.5257957,530809.127500108 5007999.51760299,530809.144851108 5007999.50087246,530809.153526704 5007999.4924986,530809.162297464 5007999.47568608,530809.162487985 5007999.45879158,530809.162583148 5007999.45035292,530809.139795588 5007999.18823363,530809.13978686 5007999.18823355,530809.062560338 5007999.18749566,530809.042542055 5007999.4407492,530809.042446698 5007999.44920504,530809.042065658 5007999.48299404,530809.041970495 5007999.4914327,530809.050455378 5007999.49997052,530809.058940454 5007999.50849116,530809.076005577 5007999.51711097,530809.093070893 5007999.52571359),(530812.139195658 5007999.55481885,530812.147780262 5007999.55490087,530812.173616144 5007999.54670816,530812.190967144 5007999.52997763,530812.199642741 5007999.52160377,530812.208413501 5007999.50479125,530812.208604021 5007999.48789675,530812.208699184 5007999.47945809,530812.185911625 5007999.2173388,530812.185902896 5007999.21733871,530812.108676374 5007999.21660083,530812.088658092 5007999.46985437,530812.088562735 5007999.47831021,530812.088181694 5007999.51209921,530812.088086531 5007999.52053787,530812.096571414 5007999.52907569,530812.105056491 5007999.53759633,530812.122121613 5007999.54621614,530812.139186929 5007999.55481876,530812.139195658 5007999.55481885),(530806.294558713 5008007.98127095,530806.303143317 5008007.98135297,530806.3289792 5008007.97316026,530806.346330199 5008007.95642973,530806.355005796 5008007.94805587,530806.363776556 5008007.93124335,530806.363967076 5008007.91434885,530806.364062239 5008007.90591019,530806.34127468 5008007.6437909,530806.341265951 5008007.64379081,530806.264039429 5008007.64305293,530806.244021147 5008007.89630646,530806.24392579 5008007.90476231,530806.24354475 5008007.93855131,530806.243449587 5008007.94698996,530806.251934469 5008007.95552779,530806.260419546 5008007.96404843,530806.277484668 5008007.97266824,530806.294549985 5008007.98127086,530806.294558713 5008007.98127095),(530809.340652928 5008008.01037591,530809.340661657 5008008.01037599,530809.349246261 5008008.01045801,530809.375082143 5008008.00226531,530809.392433143 5008007.98553477,530809.401108739 5008007.97716091,530809.409879499 5008007.96034839,530809.41007002 5008007.94345389,530809.410165183 5008007.93501524,530809.387377623 5008007.67289594,530809.387368895 5008007.67289586,530809.310142373 5008007.67215797,530809.290124091 5008007.92541151,530809.290028733 5008007.93386735,530809.289647693 5008007.96765635,530809.28955253 5008007.97609501,530809.298037413 5008007.98463283,530809.306522489 5008007.99315347,530809.323587612 5008008.00177328,530809.340652928 5008008.01037591),(530805.143504935 5008016.45256951,530805.152089539 5008016.45265153,530805.177925421 5008016.44445882,530805.195276421 5008016.42772829,530805.203952018 5008016.41935443,530805.212722778 5008016.40254191,530805.212913298 5008016.38564741,530805.213008461 5008016.37720875,530805.190220901 5008016.11508946,530805.190212173 5008016.11508938,530805.112985651 5008016.11435149,530805.092967369 5008016.36760503,530805.092872012 5008016.37606087,530805.092490971 5008016.40984987,530805.092395808 5008016.41828853,530805.100880691 5008016.42682635,530805.109365767 5008016.43534699,530805.12643089 5008016.4439668,530805.143496206 5008016.45256942,530805.143504935 5008016.45256951),(530806.190329097 5008016.46257175,530806.198913701 5008016.46265377,530806.224749584 5008016.45446107,530806.242100583 5008016.43773053,530806.25077618 5008016.42935667,530806.25954694 5008016.41254415,530806.25973746 5008016.39564965,530806.259832623 5008016.387211,530806.237045064 5008016.1250917,530806.237036335 5008016.12509162,530806.159809813 5008016.12435373,530806.139791531 5008016.37760727,530806.139696174 5008016.38606311,530806.139315134 5008016.41985211,530806.139219971 5008016.42829077,530806.147704853 5008016.4368286,530806.15618993 5008016.44534923,530806.173255052 5008016.45396904,530806.190320369 5008016.46257167,530806.190329097 5008016.46257175),(530809.236436405 5008016.49167684,530809.236445134 5008016.49167692,530809.245029738 5008016.49175894,530809.27086562 5008016.48356623,530809.28821662 5008016.4668357,530809.296892216 5008016.45846184,530809.305662976 5008016.44164932,530809.305853497 5008016.42475482,530809.30594866 5008016.41631617,530809.2831611 5008016.15419687,530809.283152372 5008016.15419679,530809.20592585 5008016.1534589,530809.185907568 5008016.40671244,530809.18581221 5008016.41516828,530809.18543117 5008016.44895728,530809.185336007 5008016.45739594,530809.19382089 5008016.46593376,530809.202305966 5008016.4744544,530809.219371089 5008016.48307421,530809.236436405 5008016.49167684),(530812.282548077 5008016.52078196,530812.291132681 5008016.52086399,530812.316968563 5008016.51267128,530812.334319563 5008016.49594074,530812.34299516 5008016.48756688,530812.35176592 5008016.47075437,530812.35195644 5008016.45385987,530812.352051603 5008016.44542121,530812.329264044 5008016.18330192,530812.329255315 5008016.18330183,530812.252028793 5008016.18256394,530812.232010511 5008016.43581748,530812.231915154 5008016.44427332,530812.231534113 5008016.47806233,530812.23143895 5008016.48650098,530812.239923833 5008016.49503881,530812.24840891 5008016.50355945,530812.265474032 5008016.51217926,530812.282539348 5008016.52078188,530812.282548077 5008016.52078196),(530805.901063704 5008024.94210457,530805.909648308 5008024.94218659,530805.93548419 5008024.93399389,530805.95283519 5008024.91726335,530805.961510787 5008024.90888949,530805.970281547 5008024.89207697,530805.970472067 5008024.87518247,530805.97056723 5008024.86674382,530805.947779671 5008024.60462452,530805.947770942 5008024.60462444,530805.87054442 5008024.60388655,530805.850526138 5008024.85714009,530805.850430781 5008024.86559593,530805.850049741 5008024.89938493,530805.849954577 5008024.90782359,530805.85843946 5008024.91636141,530805.866924537 5008024.92488205,530805.883989659 5008024.93350186,530805.901054975 5008024.94210449,530805.901063704 5008024.94210457),(530808.947171012 5008024.97120965,530808.94717974 5008024.97120974,530808.955764344 5008024.97129176,530808.981600227 5008024.96309905,530808.998951226 5008024.94636852,530809.007626823 5008024.93799466,530809.016397583 5008024.92118214,530809.016588103 5008024.90428764,530809.016683266 5008024.89584898,530808.993895707 5008024.63372969,530808.993886978 5008024.63372961,530808.916660457 5008024.63299172,530808.896642174 5008024.88624526,530808.896546817 5008024.8947011,530808.896165777 5008024.9284901,530808.896070614 5008024.93692876,530808.904555496 5008024.94546658,530808.913040573 5008024.95398722,530808.930105695 5008024.96260703,530808.947171012 5008024.97120965),(530810.00257105 5008024.98129384,530810.002579778 5008024.98129392,530810.011164382 5008024.98137595,530810.037000265 5008024.97318324,530810.054351264 5008024.9564527,530810.063026861 5008024.94807884,530810.071797621 5008024.93126633,530810.071988141 5008024.91437183,530810.072083305 5008024.90593317,530810.049295745 5008024.64381387,530810.049287017 5008024.64381379,530809.972060495 5008024.6430759,530809.952042212 5008024.89632944,530809.951946855 5008024.90478528,530809.951565815 5008024.93857428,530809.951470652 5008024.94701294,530809.959955534 5008024.95555077,530809.968440611 5008024.96407141,530809.985505733 5008024.97269122,530810.00257105 5008024.98129384),(530806.685484439 5008033.43189629,530806.694069043 5008033.43197832,530806.719904925 5008033.42378561,530806.737255925 5008033.40705507,530806.745931522 5008033.39868121,530806.754702281 5008033.38186869,530806.754892802 5008033.36497419,530806.754987965 5008033.35653554,530806.732200405 5008033.09441624,530806.732191677 5008033.09441616,530806.654965155 5008033.09367827,530806.634946873 5008033.34693181,530806.634851516 5008033.35538765,530806.634470475 5008033.38917665,530806.634375312 5008033.39761531,530806.642860195 5008033.40615314,530806.651345271 5008033.41467377,530806.668410394 5008033.42329358,530806.68547571 5008033.43189621,530806.685484439 5008033.43189629),(530809.731587382 5008033.46100133,530809.740171986 5008033.46108336,530809.766007868 5008033.45289065,530809.783358868 5008033.43616012,530809.792034465 5008033.42778626,530809.800805225 5008033.41097374,530809.800995745 5008033.39407924,530809.801090908 5008033.38564058,530809.778303349 5008033.12352129,530809.77829462 5008033.1235212,530809.701068098 5008033.12278332,530809.681049816 5008033.37603685,530809.680954459 5008033.3844927,530809.680573419 5008033.4182817,530809.680478255 5008033.42672035,530809.688963138 5008033.43525818,530809.697448215 5008033.44377882,530809.714513337 5008033.45239863,530809.731578653 5008033.46100125,530809.731587382 5008033.46100133),(530806.418221442 5008041.91164793,530806.418230171 5008041.91164802,530806.426814775 5008041.91173004,530806.452650657 5008041.90353733,530806.470001657 5008041.8868068,530806.478677254 5008041.87843294,530806.487448014 5008041.86162042,530806.487638534 5008041.84472592,530806.487733697 5008041.83628726,530806.464946138 5008041.57416797,530806.464937409 5008041.57416789,530806.387710887 5008041.57343,530806.367692605 5008041.82668354,530806.367597248 5008041.83513938,530806.367216207 5008041.86892838,530806.367121044 5008041.87736704,530806.375605927 5008041.88590486,530806.384091003 5008041.8944255,530806.401156126 5008041.90304531,530806.418221442 5008041.91164793),(530807.47362148 5008041.92173212,530807.473630209 5008041.9217322,530807.482214813 5008041.92181423,530807.508050695 5008041.91362152,530807.525401695 5008041.89689098,530807.534077292 5008041.88851712,530807.542848052 5008041.87170461,530807.543038572 5008041.8548101,530807.543133735 5008041.84637145,530807.520346176 5008041.58425215,530807.520337447 5008041.58425207,530807.443110925 5008041.58351418,530807.423092643 5008041.83676772,530807.422997286 5008041.84522356,530807.422616245 5008041.87901256,530807.422521082 5008041.88745122,530807.431005965 5008041.89598905,530807.439491041 5008041.90450969,530807.456556164 5008041.91312949,530807.47362148 5008041.92173212),(530810.519746245 5008041.95083737,530810.528330849 5008041.95091939,530810.554166732 5008041.94272669,530810.571517731 5008041.92599615,530810.580193328 5008041.91762229,530810.588964088 5008041.90080977,530810.589154608 5008041.88391527,530810.589249771 5008041.87547662,530810.566462212 5008041.61335732,530810.566453483 5008041.61335724,530810.489226961 5008041.61261935,530810.469208679 5008041.86587289,530810.469113322 5008041.87432873,530810.468732282 5008041.90811773,530810.468637119 5008041.91655639,530810.477122001 5008041.92509422,530810.485607078 5008041.93361485,530810.5026722 5008041.94223466,530810.519737517 5008041.95083729,530810.519746245 5008041.95083737),(530807.206373953 5008050.40146672,530807.206382681 5008050.4014668,530807.214967285 5008050.40154883,530807.240803168 5008050.39335612,530807.258154167 5008050.37662558,530807.266829764 5008050.36825172,530807.275600524 5008050.35143921,530807.275791044 5008050.33454471,530807.275886207 5008050.32610605,530807.253098648 5008050.06398675,530807.253089919 5008050.06398667,530807.175863398 5008050.06324878,530807.155845115 5008050.31650232,530807.155749758 5008050.32495816,530807.155368718 5008050.35874716,530807.155273555 5008050.36718582,530807.163758437 5008050.37572365,530807.172243514 5008050.38424429,530807.189308636 5008050.3928641,530807.206373953 5008050.40146672),(530810.252489989 5008050.43057189,530810.252498718 5008050.43057197,530810.261083322 5008050.43065399,530810.286919204 5008050.42246129,530810.304270204 5008050.40573075,530810.312945801 5008050.39735689,530810.321716561 5008050.38054437,530810.321907081 5008050.36364987,530810.322002244 5008050.35521122,530810.299214684 5008050.09309192,530810.299205956 5008050.09309184,530810.221979434 5008050.09235395,530810.201961152 5008050.34560749,530810.201865795 5008050.35406333,530810.201484754 5008050.38785233,530810.201389591 5008050.39629099,530810.209874474 5008050.40482882,530810.21835955 5008050.41334945,530810.235424673 5008050.42196926,530810.252489989 5008050.43057189),(530811.307907291 5008050.44067342,530811.316491895 5008050.44075545,530811.342327777 5008050.43256274,530811.359678777 5008050.41583221,530811.368354373 5008050.40745835,530811.377125133 5008050.39064583,530811.377315654 5008050.37375133,530811.377410817 5008050.36531267,530811.354623257 5008050.10319338,530811.354614529 5008050.10319329,530811.277388007 5008050.1024554,530811.257369725 5008050.35570894,530811.257274367 5008050.36416479,530811.256893327 5008050.39795379,530811.256798164 5008050.40639244,530811.265283047 5008050.41493027,530811.273768123 5008050.42345091,530811.290833246 5008050.43207072,530811.307898562 5008050.44067334,530811.307907291 5008050.44067342),(530804.69101177 5008058.85973812,530804.699596374 5008058.85982014,530804.725432256 5008058.85162743,530804.742783256 5008058.8348969,530804.751458852 5008058.82652304,530804.760229612 5008058.80971052,530804.760420133 5008058.79281602,530804.760515296 5008058.78437736,530804.737727736 5008058.52225807,530804.737719008 5008058.52225799,530804.660492486 5008058.5215201,530804.640474204 5008058.77477364,530804.640378846 5008058.78322948,530804.639997806 5008058.81701848,530804.639902643 5008058.82545714,530804.648387526 5008058.83399496,530804.656872602 5008058.8425156,530804.673937725 5008058.85113541,530804.691003041 5008058.85973803,530804.69101177 5008058.85973812),(530807.737119077 5008058.8888432,530807.737127806 5008058.88884329,530807.74571241 5008058.88892531,530807.771548292 5008058.8807326,530807.788899292 5008058.86400207,530807.797574889 5008058.85562821,530807.806345649 5008058.83881569,530807.806536169 5008058.82192119,530807.806631332 5008058.81348253,530807.783843773 5008058.55136324,530807.783835044 5008058.55136316,530807.706608522 5008058.55062527,530807.68659024 5008058.80387881,530807.686494883 5008058.81233465,530807.686113842 5008058.84612365,530807.686018679 5008058.85456231,530807.694503562 5008058.86310013,530807.702988639 5008058.87162077,530807.720053761 5008058.88024058,530807.737119077 5008058.8888432),(530810.783230749 5008058.91794833,530810.791815353 5008058.91803036,530810.817651236 5008058.90983765,530810.835002235 5008058.89310711,530810.843677832 5008058.88473325,530810.852448592 5008058.86792073,530810.852639112 5008058.85102623,530810.852734275 5008058.84258758,530810.829946716 5008058.58046828,530810.829937987 5008058.5804682,530810.752711465 5008058.57973031,530810.732693183 5008058.83298385,530810.732597826 5008058.84143969,530810.732216786 5008058.87522869,530810.732121623 5008058.88366735,530810.740606505 5008058.89220518,530810.749091582 5008058.90072581,530810.766156704 5008058.90934562,530810.783222021 5008058.91794825,530810.783230749 5008058.91794833),(530804.518135775 5008067.34039161,530804.518144503 5008067.3403917,530804.526729107 5008067.34047372,530804.55256499 5008067.33228101,530804.569915989 5008067.31555048,530804.578591586 5008067.30717662,530804.587362346 5008067.2903641,530804.587552866 5008067.2734696,530804.587648029 5008067.26503094,530804.56486047 5008067.00291165,530804.564851741 5008067.00291157,530804.487625219 5008067.00217368,530804.467606937 5008067.25542722,530804.46751158 5008067.26388306,530804.46713054 5008067.29767206,530804.467035377 5008067.30611072,530804.475520259 5008067.31464854,530804.484005336 5008067.32316918,530804.501070458 5008067.33178899,530804.518135775 5008067.34039161),(530807.564251811 5008067.36949678,530807.56426054 5008067.36949687,530807.572845144 5008067.36957889,530807.598681026 5008067.36138618,530807.616032026 5008067.34465565,530807.624707622 5008067.33628179,530807.633478382 5008067.31946927,530807.633668903 5008067.30257477,530807.633764066 5008067.29413611,530807.610976506 5008067.03201682,530807.610967778 5008067.03201673,530807.533741256 5008067.03127885,530807.513722974 5008067.28453238,530807.513627616 5008067.29298823,530807.513246576 5008067.32677723,530807.513151413 5008067.33521589,530807.521636296 5008067.34375371,530807.530121372 5008067.35227435,530807.547186495 5008067.36089416,530807.564251811 5008067.36949678),(530808.619660578 5008067.37958105,530808.628245182 5008067.37966307,530808.654081064 5008067.37147037,530808.671432064 5008067.35473983,530808.68010766 5008067.34636597,530808.68887842 5008067.32955345,530808.689068941 5008067.31265895,530808.689164104 5008067.3042203,530808.666376544 5008067.042101,530808.666367816 5008067.04210092,530808.589141294 5008067.04136303,530808.569123012 5008067.29461657,530808.569027654 5008067.30307241,530808.568646614 5008067.33686141,530808.568551451 5008067.34530007,530808.577036334 5008067.3538379,530808.58552141 5008067.36235853,530808.602586533 5008067.37097834,530808.619651849 5008067.37958097,530808.619660578 5008067.37958105),(530811.665767885 5008067.40868613,530811.665776614 5008067.40868622,530811.674361218 5008067.40876824,530811.7001971 5008067.40057553,530811.7175481 5008067.383845,530811.726223697 5008067.37547114,530811.734994457 5008067.35865862,530811.735184977 5008067.34176412,530811.73528014 5008067.33332547,530811.712492581 5008067.07120617,530811.712483852 5008067.07120609,530811.63525733 5008067.0704682,530811.615239048 5008067.32372174,530811.615143691 5008067.33217758,530811.61476265 5008067.36596658,530811.614667487 5008067.37440524,530811.62315237 5008067.38294306,530811.631637447 5008067.3914637,530811.648702569 5008067.40008351,530811.665767885 5008067.40868613),(530805.229072771 5008075.82946402,530805.2290815 5008075.8294641,530805.237666104 5008075.82954613,530805.263501986 5008075.82135342,530805.280852986 5008075.80462289,530805.289528582 5008075.79624903,530805.298299342 5008075.77943651,530805.298489863 5008075.76254201,530805.298585026 5008075.75410335,530805.275797466 5008075.49198406,530805.275788738 5008075.49198397,530805.198562216 5008075.49124609,530805.178543934 5008075.74449962,530805.178448576 5008075.75295547,530805.178067536 5008075.78674447,530805.177972373 5008075.79518312,530805.186457256 5008075.80372095,530805.194942332 5008075.81224159,530805.212007455 5008075.8208614,530805.229072771 5008075.82946402),(530808.275184443 5008075.85856915,530808.283769047 5008075.85865117,530808.309604929 5008075.85045846,530808.326955929 5008075.83372793,530808.335631526 5008075.82535407,530808.344402286 5008075.80854155,530808.344592806 5008075.79164705,530808.344687969 5008075.7832084,530808.32190041 5008075.5210891,530808.321891681 5008075.52108902,530808.244665159 5008075.52035113,530808.224646877 5008075.77360467,530808.22455152 5008075.78206051,530808.224170479 5008075.81584951,530808.224075316 5008075.82428817,530808.232560199 5008075.83282599,530808.241045276 5008075.84134663,530808.258110398 5008075.84996644,530808.275175714 5008075.85856907,530808.275184443 5008075.85856915),(530811.321300479 5008075.88767432,530811.329885083 5008075.88775634,530811.355720966 5008075.87956363,530811.373071965 5008075.8628331,530811.381747562 5008075.85445924,530811.390518322 5008075.83764672,530811.390708842 5008075.82075222,530811.390804005 5008075.81231356,530811.368016446 5008075.55019427,530811.368007717 5008075.55019419,530811.290781196 5008075.5494563,530811.270762913 5008075.80270984,530811.270667556 5008075.81116568,530811.270286516 5008075.84495468,530811.270191353 5008075.85339334,530811.278676235 5008075.86193116,530811.287161312 5008075.8704518,530811.304226434 5008075.87907161,530811.321291751 5008075.88767423,530811.321300479 5008075.88767432),(530805.030464785 5008084.30987165,530805.030473514 5008084.30987174,530805.039058118 5008084.30995376,530805.064894 5008084.30176105,530805.082245 5008084.28503052,530805.090920597 5008084.27665666,530805.099691357 5008084.25984414,530805.099881877 5008084.24294964,530805.09997704 5008084.23451098,530805.077189481 5008083.97239169,530805.077180752 5008083.9723916,530804.99995423 5008083.97165372,530804.979935948 5008084.22490725,530804.979840591 5008084.2333631,530804.979459551 5008084.2671521,530804.979364387 5008084.27559075,530804.98784927 5008084.28412858,530804.996334347 5008084.29264922,530805.013399469 5008084.30126903,530805.030464785 5008084.30987165),(530806.077288948 5008084.31987389,530806.077297677 5008084.31987398,530806.085882281 5008084.319956,530806.111718163 5008084.31176329,530806.129069163 5008084.29503276,530806.137744759 5008084.2866589,530806.146515519 5008084.26984638,530806.14670604 5008084.25295188,530806.146801203 5008084.24451322,530806.124013643 5008083.98239393,530806.124004915 5008083.98239385,530806.046778393 5008083.98165596,530806.026760111 5008084.2349095,530806.026664753 5008084.24336534,530806.026283713 5008084.27715434,530806.02618855 5008084.285593,530806.034673433 5008084.29413082,530806.043158509 5008084.30265146,530806.060223632 5008084.31127127,530806.077288948 5008084.31987389),(530809.123404984 5008084.34897906,530809.123413713 5008084.34897915,530809.131998317 5008084.34906117,530809.157834199 5008084.34086846,530809.175185199 5008084.32413793,530809.183860796 5008084.31576407,530809.192631556 5008084.29895155,530809.192822076 5008084.28205705,530809.192917239 5008084.27361839,530809.17012968 5008084.0114991,530809.170120951 5008084.01149901,530809.092894429 5008084.01076113,530809.072876147 5008084.26401467,530809.07278079 5008084.27247051,530809.072399749 5008084.30625951,530809.072304586 5008084.31469817,530809.080789469 5008084.32323599,530809.089274546 5008084.33175663,530809.106339668 5008084.34037644,530809.123404984 5008084.34897906),(530812.169516656 5008084.37808419,530812.17810126 5008084.37816621,530812.203937143 5008084.36997351,530812.221288142 5008084.35324297,530812.229963739 5008084.34486911,530812.238734499 5008084.32805659,530812.238925019 5008084.31116209,530812.239020182 5008084.30272344,530812.216232623 5008084.04060414,530812.216223894 5008084.04060406,530812.138997372 5008084.03986617,530812.11897909 5008084.29311971,530812.118883733 5008084.30157555,530812.118502693 5008084.33536455,530812.11840753 5008084.34380321,530812.126892412 5008084.35234104,530812.135377489 5008084.36086167,530812.152442611 5008084.36948148,530812.169507928 5008084.37808411,530812.169516656 5008084.37808419),(530805.024575577 5008092.81528514,530805.033160181 5008092.81536716,530805.058996063 5008092.80717445,530805.076347063 5008092.79044392,530805.08502266 5008092.78207006,530805.09379342 5008092.76525754,530805.09398394 5008092.74836304,530805.094079103 5008092.73992438,530805.071291543 5008092.47780509,530805.071282815 5008092.477805,530804.994056293 5008092.47706712,530804.974038011 5008092.73032065,530804.973942654 5008092.7387765,530804.973561613 5008092.7725655,530804.97346645 5008092.78100416,530804.981951333 5008092.78954198,530804.990436409 5008092.79806262,530805.007501532 5008092.80668243,530805.024566848 5008092.81528505,530805.024575577 5008092.81528514),(530808.070669791 5008092.8443901,530808.07067852 5008092.84439018,530808.079263124 5008092.8444722,530808.105099006 5008092.8362795,530808.122450006 5008092.81954896,530808.131125603 5008092.8111751,530808.139896363 5008092.79436258,530808.140086883 5008092.77746808,530808.140182046 5008092.76902943,530808.117394487 5008092.50691013,530808.117385758 5008092.50691005,530808.040159236 5008092.50617216,530808.020140954 5008092.7594257,530808.020045597 5008092.76788154,530808.019664557 5008092.80167054,530808.019569393 5008092.8101092,530808.028054276 5008092.81864703,530808.036539353 5008092.82716766,530808.053604475 5008092.83578747,530808.070669791 5008092.8443901),(530811.116794556 5008092.87349535,530811.125379161 5008092.87357737,530811.151215043 5008092.86538466,530811.168566043 5008092.84865413,530811.177241639 5008092.84028027,530811.186012399 5008092.82346775,530811.186202919 5008092.80657325,530811.186298083 5008092.7981346,530811.163510523 5008092.5360153,530811.163501795 5008092.53601522,530811.086275273 5008092.53527733,530811.06625699 5008092.78853087,530811.066161633 5008092.79698671,530811.065780593 5008092.83077571,530811.06568543 5008092.83921437,530811.074170312 5008092.84775219,530811.082655389 5008092.85627283,530811.099720511 5008092.86489264,530811.116785828 5008092.87349526,530811.116794556 5008092.87349535),(530805.041502563 5008101.30840037,530805.050087167 5008101.30848239,530805.075923049 5008101.30028968,530805.093274049 5008101.28355915,530805.101949646 5008101.27518529,530805.110720406 5008101.25837277,530805.110910926 5008101.24147827,530805.111006089 5008101.23303961,530805.088218529 5008100.97092032,530805.088209801 5008100.97092024,530805.010983279 5008100.97018235,530804.990964997 5008101.22343589,530804.99086964 5008101.23189173,530804.990488599 5008101.26568073,530804.990393436 5008101.27411939,530804.998878319 5008101.28265721,530805.007363395 5008101.29117785,530805.024428518 5008101.29979766,530805.041493834 5008101.30840028,530805.041502563 5008101.30840037),(530808.087596777 5008101.33750533,530808.087605506 5008101.33750541,530808.09619011 5008101.33758744,530808.122025992 5008101.32939473,530808.139376992 5008101.31266419,530808.148052589 5008101.30429033,530808.156823349 5008101.28747782,530808.157013869 5008101.27058332,530808.157109032 5008101.26214466,530808.134321473 5008101.00002536,530808.134312744 5008101.00002528,530808.057086222 5008100.99928739,530808.03706794 5008101.25254093,530808.036972583 5008101.26099677,530808.036591543 5008101.29478577,530808.03649638 5008101.30322443,530808.044981262 5008101.31176226,530808.053466339 5008101.3202829,530808.070531461 5008101.32890271,530808.087596777 5008101.33750533),(530811.133721543 5008101.36661058,530811.142306147 5008101.36669261,530811.168142029 5008101.3584999,530811.185493029 5008101.34176936,530811.194168625 5008101.3333955,530811.202939385 5008101.31658299,530811.203129906 5008101.29968848,530811.203225069 5008101.29124983,530811.180437509 5008101.02913053,530811.180428781 5008101.02913045,530811.103202259 5008101.02839256,530811.083183976 5008101.2816461,530811.083088619 5008101.29010194,530811.082707579 5008101.32389094,530811.082612416 5008101.3323296,530811.091097299 5008101.34086743,530811.099582375 5008101.34938806,530811.116647498 5008101.35800787,530811.133712814 5008101.3666105,530811.133721543 5008101.36661058),(530806.116433573 5008109.76713803,530806.125018177 5008109.76722005,530806.150854059 5008109.75902734,530806.168205059 5008109.74229681,530806.176880656 5008109.73392295,530806.185651416 5008109.71711043,530806.185841936 5008109.70021593,530806.185937099 5008109.69177727,530806.16314954 5008109.42965798,530806.163140811 5008109.4296579,530806.085914289 5008109.42892001,530806.065896007 5008109.68217355,530806.06580065 5008109.69062939,530806.065419609 5008109.72441839,530806.065324446 5008109.73285705,530806.073809329 5008109.74139487,530806.082294406 5008109.74991551,530806.099359528 5008109.75853532,530806.116424844 5008109.76713794,530806.116433573 5008109.76713803),(530846.965273678 5008016.85217005,530846.965282407 5008016.85217014,530846.973867011 5008016.85225216,530846.999702893 5008016.84405945,530847.017053893 5008016.82732892,530847.02572949 5008016.81895506,530847.034500249 5008016.80214254,530847.03469077 5008016.78524804,530847.034785933 5008016.77680938,530847.011998373 5008016.51469009,530847.011989645 5008016.51469001,530846.934763123 5008016.51395212,530846.914744841 5008016.76720566,530846.914649484 5008016.7756615,530846.914268443 5008016.8094505,530846.91417328 5008016.81788916,530846.922658163 5008016.82642698,530846.931143239 5008016.83494762,530846.948208362 5008016.84356743,530846.965273678 5008016.85217005),(530850.011389714 5008016.88127522,530850.011398443 5008016.88127531,530850.019983047 5008016.88135733,530850.045818929 5008016.87316462,530850.063169929 5008016.85643409,530850.071845526 5008016.84806023,530850.080616286 5008016.83124771,530850.080806806 5008016.81435321,530850.080901969 5008016.80591455,530850.05811441 5008016.54379526,530850.058105681 5008016.54379517,530849.980879159 5008016.54305729,530849.960860877 5008016.79631082,530849.96076552 5008016.80476667,530849.960384479 5008016.83855567,530849.960289316 5008016.84699432,530849.968774199 5008016.85553215,530849.977259276 5008016.86405279,530849.994324398 5008016.8726726,530850.011389714 5008016.88127522),(530853.057492658 5008016.91038027,530853.057501386 5008016.91038035,530853.06608599 5008016.91046237,530853.091921873 5008016.90226967,530853.109272872 5008016.88553913,530853.117948469 5008016.87716527,530853.126719229 5008016.86035275,530853.126909749 5008016.84345825,530853.127004912 5008016.8350196,530853.104217353 5008016.5729003,530853.104208624 5008016.57290022,530853.026982103 5008016.57216233,530853.00696382 5008016.82541587,530853.006868463 5008016.83387171,530853.006487423 5008016.86766071,530853.00639226 5008016.87609937,530853.014877142 5008016.88463719,530853.023362219 5008016.89315783,530853.040427341 5008016.90177764,530853.057492658 5008016.91038027),(530815.185298601 5007999.58392389,530815.193883205 5007999.58400591,530815.219719088 5007999.57581321,530815.237070087 5007999.55908267,530815.245745684 5007999.55070881,530815.254516444 5007999.53389629,530815.254706964 5007999.51700179,530815.254802127 5007999.50856314,530815.232014568 5007999.24644384,530815.232005839 5007999.24644376,530815.154779317 5007999.24570587,530815.134761035 5007999.49895941,530815.134665678 5007999.50741525,530815.134284638 5007999.54120425,530815.134189475 5007999.54964291,530815.142674357 5007999.55818074,530815.151159434 5007999.56670137,530815.168224556 5007999.57532118,530815.185289873 5007999.58392381,530815.185298601 5007999.58392389),(530818.231414638 5007999.61302906,530818.239999242 5007999.61311108,530818.265835124 5007999.60491837,530818.283186124 5007999.58818784,530818.29186172 5007999.57981398,530818.30063248 5007999.56300146,530818.300823001 5007999.54610696,530818.300918164 5007999.53766831,530818.278130604 5007999.27554901,530818.278121876 5007999.27554893,530818.200895354 5007999.27481104,530818.180877072 5007999.52806458,530818.180781715 5007999.53652042,530818.180400674 5007999.57030942,530818.180305511 5007999.57874808,530818.188790394 5007999.5872859,530818.19727547 5007999.59580654,530818.214340593 5007999.60442635,530818.231405909 5007999.61302898,530818.231414638 5007999.61302906),(530819.278230071 5007999.62303122,530819.2782388 5007999.6230313,530819.286823404 5007999.62311333,530819.312659286 5007999.61492062,530819.330010286 5007999.59819008,530819.338685883 5007999.58981622,530819.347456643 5007999.57300371,530819.347647163 5007999.5561092,530819.347742326 5007999.54767055,530819.324954767 5007999.28555125,530819.324946038 5007999.28555117,530819.247719516 5007999.28481328,530819.227701234 5007999.53806682,530819.227605877 5007999.54652266,530819.227224837 5007999.58031166,530819.227129673 5007999.58875032,530819.235614556 5007999.59728815,530819.244099633 5007999.60580879,530819.261164755 5007999.61442859,530819.278230071 5007999.62303122),(530812.386768964 5008008.03948107,530812.386777693 5008008.03948116,530812.395362297 5008008.03956318,530812.421198179 5008008.03137047,530812.438549179 5008008.01463994,530812.447224776 5008008.00626608,530812.455995536 5008007.98945356,530812.456186056 5008007.97255906,530812.456281219 5008007.9641204,530812.43349366 5008007.70200111,530812.433484931 5008007.70200103,530812.356258409 5008007.70126314,530812.336240127 5008007.95451668,530812.33614477 5008007.96297252,530812.335763729 5008007.99676152,530812.335668566 5008008.00520018,530812.344153449 5008008.013738,530812.352638526 5008008.02225864,530812.369703648 5008008.03087845,530812.386768964 5008008.03948107),(530813.433593127 5008008.04948332,530813.433601855 5008008.0494834,530813.442186459 5008008.04956543,530813.468022342 5008008.04137272,530813.485373341 5008008.02464218,530813.494048938 5008008.01626832,530813.502819698 5008007.9994558,530813.503010218 5008007.9825613,530813.503105382 5008007.97412265,530813.480317822 5008007.71200335,530813.480309093 5008007.71200327,530813.403082572 5008007.71126538,530813.383064289 5008007.96451892,530813.382968932 5008007.97297476,530813.382587892 5008008.00676376,530813.382492729 5008008.01520242,530813.390977611 5008008.02374025,530813.399462688 5008008.03226088,530813.41652781 5008008.04088069,530813.433593127 5008008.04948332),(530816.479717892 5008008.07858857,530816.488302496 5008008.07867059,530816.514138378 5008008.07047789,530816.531489378 5008008.05374735,530816.540164975 5008008.04537349,530816.548935735 5008008.02856097,530816.549126255 5008008.01166647,530816.549221418 5008008.00322782,530816.526433858 5008007.74110852,530816.52642513 5008007.74110844,530816.449198608 5008007.74037055,530816.429180326 5008007.99362409,530816.429084969 5008008.00207993,530816.428703928 5008008.03586893,530816.428608765 5008008.04430759,530816.437093648 5008008.05284541,530816.445578724 5008008.06136605,530816.462643847 5008008.06998586,530816.479709163 5008008.07858849,530816.479717892 5008008.07858857),(530815.328664113 5008016.54988713,530815.337248717 5008016.54996916,530815.3630846 5008016.54177645,530815.380435599 5008016.52504591,530815.389111196 5008016.51667205,530815.397881956 5008016.49985954,530815.398072476 5008016.48296504,530815.398167639 5008016.47452638,530815.37538008 5008016.21240708,530815.375371351 5008016.212407,530815.298144829 5008016.21166911,530815.278126547 5008016.46492265,530815.27803119 5008016.47337849,530815.27765015 5008016.50716749,530815.277554987 5008016.51560615,530815.286039869 5008016.52414398,530815.294524946 5008016.53266462,530815.311590068 5008016.54128443,530815.328655385 5008016.54988705,530815.328664113 5008016.54988713),(530816.384055423 5008016.55997123,530816.384064151 5008016.55997132,530816.392648755 5008016.56005334,530816.418484638 5008016.55186063,530816.435835637 5008016.5351301,530816.444511234 5008016.52675624,530816.453281994 5008016.50994372,530816.453472514 5008016.49304922,530816.453567677 5008016.48461056,530816.430780118 5008016.22249127,530816.430771389 5008016.22249118,530816.353544867 5008016.2217533,530816.333526585 5008016.47500683,530816.333431228 5008016.48346268,530816.333050188 5008016.51725168,530816.332955025 5008016.52569033,530816.341439907 5008016.53422816,530816.349924984 5008016.5427488,530816.366990106 5008016.55136861,530816.384055423 5008016.55997123),(530819.430171459 5008016.5890764,530819.430180188 5008016.58907648,530819.438764792 5008016.58915851,530819.464600674 5008016.5809658,530819.481951674 5008016.56423527,530819.490627271 5008016.55586141,530819.49939803 5008016.53904889,530819.499588551 5008016.52215439,530819.499683714 5008016.51371573,530819.476896154 5008016.25159644,530819.476887426 5008016.25159635,530819.399660904 5008016.25085847,530819.379642622 5008016.504112,530819.379547265 5008016.51256785,530819.379166224 5008016.54635685,530819.379071061 5008016.5547955,530819.387555944 5008016.56333333,530819.39604102 5008016.57185397,530819.413106143 5008016.58047378,530819.430171459 5008016.5890764),(530813.048695815 5008025.01039909,530813.057280419 5008025.01048112,530813.083116301 5008025.00228841,530813.100467301 5008024.98555787,530813.109142898 5008024.97718401,530813.117913658 5008024.9603715,530813.118104178 5008024.94347699,530813.118199341 5008024.93503834,530813.095411781 5008024.67291904,530813.095403053 5008024.67291896,530813.018176531 5008024.67218107,530812.998158249 5008024.92543461,530812.998062892 5008024.93389045,530812.997681851 5008024.96767945,530812.997586688 5008024.97611811,530813.006071571 5008024.98465594,530813.014556647 5008024.99317657,530813.03162177 5008025.00179638,530813.048687086 5008025.01039901,530813.048695815 5008025.01039909),(530816.094798758 5008025.03950414,530816.103383362 5008025.03958616,530816.129219244 5008025.03139345,530816.146570244 5008025.01466292,530816.155245841 5008025.00628906,530816.164016601 5008024.98947654,530816.164207121 5008024.97258204,530816.164302284 5008024.96414338,530816.141514725 5008024.70202409,530816.141505996 5008024.702024,530816.064279474 5008024.70128612,530816.044261192 5008024.95453965,530816.044165835 5008024.9629955,530816.043784795 5008024.9967845,530816.043689632 5008025.00522315,530816.052174514 5008025.01376098,530816.060659591 5008025.02228162,530816.077724713 5008025.03090143,530816.094790029 5008025.03950405,530816.094798758 5008025.03950414),(530819.140906066 5008025.06860922,530819.140914795 5008025.0686093,530819.149499399 5008025.06869133,530819.175335281 5008025.06049862,530819.192686281 5008025.04376809,530819.201361877 5008025.03539423,530819.210132637 5008025.01858171,530819.210323157 5008025.00168721,530819.210418321 5008024.99324855,530819.187630761 5008024.73112926,530819.187622033 5008024.73112917,530819.110395511 5008024.73039128,530819.090377228 5008024.98364482,530819.090281871 5008024.99210067,530819.089900831 5008025.02588967,530819.089805668 5008025.03432832,530819.098290551 5008025.04286615,530819.106775627 5008025.05138679,530819.123840749 5008025.0600066,530819.140906066 5008025.06860922),(530812.777703418 5008033.4901065,530812.786288022 5008033.49018853,530812.812123905 5008033.48199582,530812.829474904 5008033.46526529,530812.838150501 5008033.45689142,530812.846921261 5008033.44007891,530812.847111781 5008033.42318441,530812.847206944 5008033.41474575,530812.824419385 5008033.15262646,530812.824410656 5008033.15262637,530812.747184135 5008033.15188848,530812.727165852 5008033.40514202,530812.727070495 5008033.41359787,530812.726689455 5008033.44738687,530812.726594292 5008033.45582552,530812.735079174 5008033.46436335,530812.743564251 5008033.47288399,530812.760629373 5008033.4815038,530812.77769469 5008033.49010642,530812.777703418 5008033.4901065),(530813.833094728 5008033.5001906,530813.833103456 5008033.50019069,530813.84168806 5008033.50027271,530813.867523943 5008033.49208,530813.884874942 5008033.47534947,530813.893550539 5008033.46697561,530813.902321299 5008033.45016309,530813.902511819 5008033.43326859,530813.902606983 5008033.42482993,530813.879819423 5008033.16271064,530813.879810694 5008033.16271056,530813.802584173 5008033.16197267,530813.78256589 5008033.41522621,530813.782470533 5008033.42368205,530813.782089493 5008033.45747105,530813.78199433 5008033.46590971,530813.790479212 5008033.47444753,530813.798964289 5008033.48296817,530813.816029411 5008033.49158798,530813.833094728 5008033.5001906),(530816.879210764 5008033.52929577,530816.879219493 5008033.52929586,530816.887804097 5008033.52937788,530816.913639979 5008033.52118517,530816.930990979 5008033.50445464,530816.939666576 5008033.49608078,530816.948437336 5008033.47926826,530816.948627856 5008033.46237376,530816.948723019 5008033.4539351,530816.925935459 5008033.19181581,530816.925926731 5008033.19181572,530816.848700209 5008033.19107784,530816.828681927 5008033.44433137,530816.82858657 5008033.45278722,530816.828205529 5008033.48657622,530816.828110366 5008033.49501488,530816.836595249 5008033.5035527,530816.845080325 5008033.51207334,530816.862145448 5008033.52069315,530816.879210764 5008033.52929577),(530813.565849189 5008041.97994241,530813.574433793 5008041.98002444,530813.600269675 5008041.97183173,530813.617620675 5008041.9551012,530813.626296271 5008041.94672734,530813.635067031 5008041.92991482,530813.635257552 5008041.91302032,530813.635352715 5008041.90458166,530813.612565155 5008041.64246237,530813.612556427 5008041.64246228,530813.535329905 5008041.64172439,530813.515311623 5008041.89497793,530813.515216265 5008041.90343378,530813.514835225 5008041.93722278,530813.514740062 5008041.94566143,530813.523224945 5008041.95419926,530813.531710021 5008041.9627199,530813.548775144 5008041.97133971,530813.56584046 5008041.97994233,530813.565849189 5008041.97994241),(530816.611956496 5008042.0090475,530816.611965225 5008042.00904758,530816.620549829 5008042.00912961,530816.646385711 5008042.0009369,530816.663736711 5008041.98420636,530816.672412308 5008041.9758325,530816.681183068 5008041.95901999,530816.681373588 5008041.94212549,530816.681468751 5008041.93368683,530816.658681192 5008041.67156754,530816.658672463 5008041.67156745,530816.581445941 5008041.67082956,530816.561427659 5008041.9240831,530816.561332302 5008041.93253894,530816.560951261 5008041.96632794,530816.560856098 5008041.9747666,530816.569340981 5008041.98330443,530816.577826058 5008041.99182507,530816.59489118 5008042.00044488,530816.611956496 5008042.0090475),(530817.667373798 5008042.01914904,530817.675958402 5008042.01923106,530817.701794284 5008042.01103835,530817.719145284 5008041.99430782,530817.727820881 5008041.98593396,530817.736591641 5008041.96912144,530817.736782161 5008041.95222694,530817.736877324 5008041.94378828,530817.714089765 5008041.68166899,530817.714081036 5008041.6816689,530817.636854514 5008041.68093102,530817.616836232 5008041.93418455,530817.616740875 5008041.9426404,530817.616359834 5008041.9764294,530817.616264671 5008041.98486806,530817.624749554 5008041.99340588,530817.63323463 5008042.00192652,530817.650299753 5008042.01054633,530817.667365069 5008042.01914895,530817.667373798 5008042.01914904),(530814.354014598 5008050.46977851,530814.354023327 5008050.46977859,530814.362607931 5008050.46986062,530814.388443813 5008050.46166791,530814.405794813 5008050.44493737,530814.41447041 5008050.43656351,530814.42324117 5008050.419751,530814.42343169 5008050.4028565,530814.423526853 5008050.39441784,530814.400739294 5008050.13229854,530814.400730565 5008050.13229846,530814.323504043 5008050.13156057,530814.303485761 5008050.38481411,530814.303390404 5008050.39326995,530814.303009363 5008050.42705895,530814.3029142 5008050.43549761,530814.311399083 5008050.44403544,530814.31988416 5008050.45255608,530814.336949282 5008050.46117589,530814.354014598 5008050.46977851),(530817.400117542 5008050.49888355,530817.40012627 5008050.49888364,530817.408710874 5008050.49896566,530817.434546757 5008050.49077295,530817.451897756 5008050.47404242,530817.460573353 5008050.46566856,530817.469344113 5008050.44885604,530817.469534633 5008050.43196154,530817.469629796 5008050.42352288,530817.446842237 5008050.16140359,530817.446833508 5008050.16140351,530817.369606987 5008050.16066562,530817.349588704 5008050.41391916,530817.349493347 5008050.422375,530817.349112307 5008050.456164,530817.349017144 5008050.46460266,530817.357502026 5008050.47314048,530817.365987103 5008050.48166112,530817.383052225 5008050.49028093,530817.400117542 5008050.49888355),(530813.829346786 5008058.9470535,530813.83793139 5008058.94713552,530813.863767272 5008058.93894282,530813.881118272 5008058.92221228,530813.889793869 5008058.91383842,530813.898564628 5008058.8970259,530813.898755149 5008058.8801314,530813.898850312 5008058.87169275,530813.876062752 5008058.60957345,530813.876054024 5008058.60957337,530813.798827502 5008058.60883548,530813.77880922 5008058.86208902,530813.778713863 5008058.87054486,530813.778332822 5008058.90433386,530813.778237659 5008058.91277252,530813.786722542 5008058.92131034,530813.795207618 5008058.92983098,530813.812272741 5008058.93845079,530813.829338057 5008058.94705342,530813.829346786 5008058.9470535),(530814.884755359 5008058.95715495,530814.893339963 5008058.95723698,530814.919175845 5008058.94904427,530814.936526845 5008058.93231373,530814.945202441 5008058.92393987,530814.953973201 5008058.90712736,530814.954163722 5008058.89023286,530814.954258885 5008058.8817942,530814.931471325 5008058.61967491,530814.931462597 5008058.61967482,530814.854236075 5008058.61893693,530814.834217792 5008058.87219047,530814.834122435 5008058.88064631,530814.833741395 5008058.91443531,530814.833646232 5008058.92287397,530814.842131115 5008058.9314118,530814.850616191 5008058.93993244,530814.867681314 5008058.94855225,530814.88474663 5008058.95715487,530814.884755359 5008058.95715495),(530817.930862666 5008058.98626004,530817.930871395 5008058.98626012,530817.939455999 5008058.98634215,530817.965291881 5008058.97814944,530817.982642881 5008058.9614189,530817.991318478 5008058.95304504,530818.000089238 5008058.93623253,530818.000279758 5008058.91933803,530818.000374921 5008058.91089937,530817.977587362 5008058.64878007,530817.977578633 5008058.64877999,530817.900352111 5008058.6480421,530817.880333829 5008058.90129564,530817.880238472 5008058.90975148,530817.879857431 5008058.94354048,530817.879762268 5008058.95197914,530817.888247151 5008058.96051697,530817.896732228 5008058.96903761,530817.91379735 5008058.97765741,530817.930862666 5008058.98626004),(530814.711879557 5008067.43779126,530814.720464161 5008067.43787329,530814.746300044 5008067.42968058,530814.763651043 5008067.41295004,530814.77232664 5008067.40457618,530814.7810974 5008067.38776367,530814.78128792 5008067.37086917,530814.781383083 5008067.36243051,530814.758595524 5008067.10031122,530814.758586795 5008067.10031113,530814.681360274 5008067.09957324,530814.661341991 5008067.35282678,530814.661246634 5008067.36128262,530814.660865594 5008067.39507162,530814.660770431 5008067.40351028,530814.669255313 5008067.41204811,530814.67774039 5008067.42056875,530814.694805512 5008067.42918856,530814.711870829 5008067.43779118,530814.711879557 5008067.43779126),(530817.757986865 5008067.46689635,530817.757995594 5008067.46689643,530817.766580198 5008067.46697846,530817.79241608 5008067.45878575,530817.80976708 5008067.44205521,530817.818442677 5008067.43368135,530817.827213436 5008067.41686884,530817.827403957 5008067.39997433,530817.82749912 5008067.39153568,530817.80471156 5008067.12941638,530817.804702832 5008067.1294163,530817.72747631 5008067.12867841,530817.707458028 5008067.38193195,530817.707362671 5008067.39038779,530817.70698163 5008067.42417679,530817.706886467 5008067.43261545,530817.71537135 5008067.44115328,530817.723856426 5008067.44967392,530817.740921549 5008067.45829372,530817.757986865 5008067.46689635),(530818.813404167 5008067.47699788,530818.821988771 5008067.47707991,530818.847824653 5008067.4688872,530818.865175653 5008067.45215667,530818.873851249 5008067.44378281,530818.882622009 5008067.42697029,530818.88281253 5008067.41007579,530818.882907693 5008067.40163713,530818.860120133 5008067.13951784,530818.860111405 5008067.13951775,530818.782884883 5008067.13877987,530818.762866601 5008067.3920334,530818.762771243 5008067.40048925,530818.762390203 5008067.43427825,530818.76229504 5008067.4427169,530818.770779923 5008067.45125473,530818.779264999 5008067.45977537,530818.796330122 5008067.46839518,530818.813395438 5008067.4769978,530818.813404167 5008067.47699788),(530812.376691789 5008075.89775842,530812.376700517 5008075.8977585,530812.385285121 5008075.89784053,530812.411121004 5008075.88964782,530812.428472003 5008075.87291728,530812.4371476 5008075.86454342,530812.44591836 5008075.84773091,530812.44610888 5008075.83083641,530812.446204043 5008075.82239775,530812.423416484 5008075.56027845,530812.423407755 5008075.56027837,530812.346181234 5008075.55954048,530812.326162951 5008075.81279402,530812.326067594 5008075.82124986,530812.325686554 5008075.85503886,530812.325591391 5008075.86347752,530812.334076273 5008075.87201535,530812.34256135 5008075.88053599,530812.359626472 5008075.88915579,530812.376691789 5008075.89775842),(530815.422807825 5008075.92686359,530815.422816554 5008075.92686367,530815.431401158 5008075.92694569,530815.45723704 5008075.91875299,530815.47458804 5008075.90202245,530815.483263637 5008075.89364859,530815.492034397 5008075.87683607,530815.492224917 5008075.85994157,530815.49232008 5008075.85150292,530815.46953252 5008075.58938362,530815.469523792 5008075.58938354,530815.39229727 5008075.58864565,530815.372278988 5008075.84189919,530815.372183631 5008075.85035503,530815.37180259 5008075.88414403,530815.371707427 5008075.89258269,530815.38019231 5008075.90112052,530815.388677386 5008075.90964115,530815.405742509 5008075.91826096,530815.422807825 5008075.92686359),(530818.468919497 5008075.95596871,530818.477504101 5008075.95605074,530818.503339983 5008075.94785803,530818.520690983 5008075.9311275,530818.52936658 5008075.92275364,530818.53813734 5008075.90594112,530818.53832786 5008075.88904662,530818.538423023 5008075.88060796,530818.515635464 5008075.61848867,530818.515626735 5008075.61848858,530818.438400213 5008075.61775069,530818.418381931 5008075.87100423,530818.418286574 5008075.87946008,530818.417905534 5008075.91324908,530818.41781037 5008075.92168773,530818.426295253 5008075.93022556,530818.43478033 5008075.9387462,530818.451845452 5008075.94736601,530818.468910768 5008075.95596863,530818.468919497 5008075.95596871),(530815.215623964 5008084.40718928,530815.215632693 5008084.40718936,530815.224217297 5008084.40727138,530815.250053179 5008084.39907867,530815.267404179 5008084.38234814,530815.276079776 5008084.37397428,530815.284850535 5008084.35716176,530815.285041056 5008084.34026726,530815.285136219 5008084.33182861,530815.262348659 5008084.06970931,530815.262339931 5008084.06970923,530815.185113409 5008084.06897134,530815.165095127 5008084.32222488,530815.16499977 5008084.33068072,530815.164618729 5008084.36446972,530815.164523566 5008084.37290838,530815.173008449 5008084.3814462,530815.181493525 5008084.38996684,530815.198558648 5008084.39858665,530815.215623964 5008084.40718928),(530816.271024002 5008084.41727346,530816.271032731 5008084.41727354,530816.279617335 5008084.41735557,530816.305453217 5008084.40916286,530816.322804217 5008084.39243232,530816.331479814 5008084.38405846,530816.340250573 5008084.36724595,530816.340441094 5008084.35035145,530816.340536257 5008084.34191279,530816.317748697 5008084.0797935,530816.317739969 5008084.07979341,530816.240513447 5008084.07905552,530816.220495165 5008084.33230906,530816.220399808 5008084.3407649,530816.220018767 5008084.3745539,530816.219923604 5008084.38299256,530816.228408487 5008084.39153039,530816.236893563 5008084.40005103,530816.253958686 5008084.40867084,530816.271024002 5008084.41727346),(530819.317148767 5008084.44637871,530819.325733371 5008084.44646074,530819.351569253 5008084.43826803,530819.368920253 5008084.42153749,530819.37759585 5008084.41316363,530819.38636661 5008084.39635112,530819.38655713 5008084.37945662,530819.386652293 5008084.37101796,530819.363864734 5008084.10889866,530819.363856005 5008084.10889858,530819.286629483 5008084.10816069,530819.266611201 5008084.36141423,530819.266515844 5008084.36987007,530819.266134804 5008084.40365907,530819.26603964 5008084.41209773,530819.274524523 5008084.42063556,530819.2830096 5008084.4291562,530819.300074722 5008084.437776,530819.317140038 5008084.44637863,530819.317148767 5008084.44637871),(530856.103617423 5008016.93948552,530856.112202027 5008016.93956754,530856.138037909 5008016.93137483,530856.155388909 5008016.9146443,530856.164064506 5008016.90627044,530856.172835266 5008016.88945792,530856.173025786 5008016.87256342,530856.173120949 5008016.86412476,530856.150333389 5008016.60200547,530856.150324661 5008016.60200539,530856.073098139 5008016.6012675,530856.053079857 5008016.85452104,530856.0529845 5008016.86297688,530856.052603459 5008016.89676588,530856.052508296 5008016.90520454,530856.060993179 5008016.91374236,530856.069478255 5008016.922263,530856.086543378 5008016.93088281,530856.103608694 5008016.93948543,530856.103617423 5008016.93948552),(530857.150432857 5008016.94948768,530857.150441585 5008016.94948776,530857.159026189 5008016.94956979,530857.184862072 5008016.94137708,530857.202213071 5008016.92464654,530857.210888668 5008016.91627268,530857.219659428 5008016.89946016,530857.219849948 5008016.88256566,530857.219945111 5008016.87412701,530857.197157552 5008016.61200771,530857.197148823 5008016.61200763,530857.119922301 5008016.61126974,530857.099904019 5008016.86452328,530857.099808662 5008016.87297912,530857.099427622 5008016.90676812,530857.099332459 5008016.91520678,530857.107817341 5008016.92374461,530857.116302418 5008016.93226524,530857.13336754 5008016.94088505,530857.150432857 5008016.94948768),(530860.196557622 5008016.97859293,530860.205142226 5008016.97867495,530860.230978108 5008016.97048225,530860.248329108 5008016.95375171,530860.257004704 5008016.94537785,530860.265775464 5008016.92856533,530860.265965985 5008016.91167083,530860.266061148 5008016.90323218,530860.243273588 5008016.64111288,530860.24326486 5008016.6411128,530860.166038338 5008016.64037491,530860.146020056 5008016.89362845,530860.145924698 5008016.90208429,530860.145543658 5008016.93587329,530860.145448495 5008016.94431195,530860.153933378 5008016.95284977,530860.162418454 5008016.96137041,530860.179483577 5008016.96999022,530860.196548893 5008016.97859285,530860.196557622 5008016.97859293),(530822.324354836 5007999.65213647,530822.332939441 5007999.65221849,530822.358775323 5007999.64402579,530822.376126323 5007999.62729525,530822.384801919 5007999.61892139,530822.393572679 5007999.60210887,530822.393763199 5007999.58521437,530822.393858363 5007999.57677572,530822.371070803 5007999.31465642,530822.371062075 5007999.31465634,530822.293835553 5007999.31391845,530822.27381727 5007999.56717199,530822.273721913 5007999.57562783,530822.273340873 5007999.60941683,530822.27324571 5007999.61785549,530822.281730592 5007999.62639332,530822.290215669 5007999.63491395,530822.307280791 5007999.64353376,530822.324346108 5007999.65213639,530822.324354836 5007999.65213647),(530825.370449051 5007999.68124143,530825.37045778 5007999.68124151,530825.379042384 5007999.68132354,530825.404878266 5007999.67313083,530825.422229266 5007999.6564003,530825.430904863 5007999.64802644,530825.439675623 5007999.63121392,530825.439866143 5007999.61431942,530825.439961306 5007999.60588076,530825.417173747 5007999.34376147,530825.417165018 5007999.34376138,530825.339938496 5007999.34302349,530825.319920214 5007999.59627703,530825.319824857 5007999.60473288,530825.319443816 5007999.63852188,530825.319348653 5007999.64696053,530825.327833536 5007999.65549836,530825.336318612 5007999.664019,530825.353383735 5007999.67263881,530825.370449051 5007999.68124143),(530819.525820835 5008008.10769361,530819.534405439 5008008.10777564,530819.560241321 5008008.09958293,530819.577592321 5008008.0828524,530819.586267918 5008008.07447853,530819.595038678 5008008.05766602,530819.595229198 5008008.04077152,530819.595324361 5008008.03233286,530819.572536802 5008007.77021357,530819.572528073 5008007.77021348,530819.495301551 5008007.76947559,530819.475283269 5008008.02272913,530819.475187912 5008008.03118498,530819.474806872 5008008.06497398,530819.474711708 5008008.07341263,530819.483196591 5008008.08195046,530819.491681668 5008008.0904711,530819.50874679 5008008.09909091,530819.525812106 5008008.10769353,530819.525820835 5008008.10769361),(530822.571936872 5008008.13679878,530822.580521476 5008008.13688081,530822.606357358 5008008.1286881,530822.623708358 5008008.11195756,530822.632383954 5008008.1035837,530822.641154714 5008008.08677119,530822.641345234 5008008.06987669,530822.641440398 5008008.06143803,530822.618652838 5008007.79931873,530822.61864411 5008007.79931865,530822.541417588 5008007.79858076,530822.521399305 5008008.0518343,530822.521303948 5008008.06029014,530822.520922908 5008008.09407914,530822.520827745 5008008.1025178,530822.529312628 5008008.11105563,530822.537797704 5008008.11957627,530822.554862826 5008008.12819608,530822.571928143 5008008.1367987,530822.571936872 5008008.13679878),(530823.627328181 5008008.14688288,530823.62733691 5008008.14688297,530823.635921514 5008008.14696499,530823.661757396 5008008.13877228,530823.679108396 5008008.12204175,530823.687783992 5008008.11366789,530823.696554752 5008008.09685537,530823.696745272 5008008.07996087,530823.696840436 5008008.07152221,530823.674052876 5008007.80940292,530823.674044148 5008007.80940283,530823.596817626 5008007.80866495,530823.576799343 5008008.06191848,530823.576703986 5008008.07037433,530823.576322946 5008008.10416333,530823.576227783 5008008.11260199,530823.584712666 5008008.12113981,530823.593197742 5008008.12966045,530823.610262865 5008008.13828026,530823.627328181 5008008.14688288),(530826.673444217 5008008.17598805,530826.673452946 5008008.17598813,530826.68203755 5008008.17607016,530826.707873432 5008008.16787745,530826.725224432 5008008.15114692,530826.733900029 5008008.14277306,530826.742670789 5008008.12596054,530826.742861309 5008008.10906604,530826.742956472 5008008.10062738,530826.720168913 5008007.83850809,530826.720160184 5008007.838508,530826.642933662 5008007.83777012,530826.62291538 5008008.09102365,530826.622820023 5008008.0994795,530826.622438982 5008008.1332685,530826.622343819 5008008.14170715,530826.630828702 5008008.15024498,530826.639313778 5008008.15876562,530826.656378901 5008008.16738543,530826.673444217 5008008.17598805),(530822.476283131 5008016.61818153,530822.484867735 5008016.61826355,530822.510703617 5008016.61007084,530822.528054617 5008016.59334031,530822.536730214 5008016.58496645,530822.545500974 5008016.56815393,530822.545691494 5008016.55125943,530822.545786657 5008016.54282077,530822.522999098 5008016.28070148,530822.522990369 5008016.2807014,530822.445763847 5008016.27996351,530822.425745565 5008016.53321705,530822.425650208 5008016.54167289,530822.425269168 5008016.57546189,530822.425174004 5008016.58390055,530822.433658887 5008016.59243837,530822.442143964 5008016.60095901,530822.459209086 5008016.60957882,530822.476274402 5008016.61818144,530822.476283131 5008016.61818153),(530825.522390439 5008016.64728661,530825.522399167 5008016.6472867,530825.530983771 5008016.64736872,530825.556819654 5008016.63917601,530825.574170653 5008016.62244548,530825.58284625 5008016.61407162,530825.59161701 5008016.5972591,530825.59180753 5008016.5803646,530825.591902694 5008016.57192594,530825.569115134 5008016.30980665,530825.569106405 5008016.30980657,530825.491879884 5008016.30906868,530825.471861601 5008016.56232222,530825.471766244 5008016.57077806,530825.471385204 5008016.60456706,530825.471290041 5008016.61300572,530825.479774923 5008016.62154354,530825.48826 5008016.63006418,530825.505325122 5008016.63868399,530825.522390439 5008016.64728661),(530826.57780774 5008016.65738815,530826.586392344 5008016.65747018,530826.612228227 5008016.64927747,530826.629579226 5008016.63254693,530826.638254823 5008016.62417307,530826.647025583 5008016.60736055,530826.647216103 5008016.59046605,530826.647311266 5008016.5820274,530826.624523707 5008016.3199081,530826.624514978 5008016.31990802,530826.547288456 5008016.31917013,530826.527270174 5008016.57242367,530826.527174817 5008016.58087951,530826.526793777 5008016.61466851,530826.526698614 5008016.62310717,530826.535183496 5008016.631645,530826.543668573 5008016.64016563,530826.560733695 5008016.64878544,530826.577799012 5008016.65738807,530826.57780774 5008016.65738815),(530820.196314639 5008025.07871067,530820.196323367 5008025.07871076,530820.204907971 5008025.07879278,530820.230743854 5008025.07060007,530820.248094853 5008025.05386954,530820.25677045 5008025.04549568,530820.26554121 5008025.02868316,530820.26573173 5008025.01178866,530820.265826894 5008025.00335,530820.243039334 5008024.74123071,530820.243030605 5008024.74123063,530820.165804084 5008024.74049274,530820.145785801 5008024.99374628,530820.145690444 5008025.00220212,530820.145309404 5008025.03599112,530820.145214241 5008025.04442978,530820.153699123 5008025.0529676,530820.1621842 5008025.06148824,530820.179249322 5008025.07010805,530820.196314639 5008025.07871067),(530823.242430675 5008025.10781584,530823.242439404 5008025.10781593,530823.251024008 5008025.10789795,530823.27685989 5008025.09970524,530823.29421089 5008025.08297471,530823.302886487 5008025.07460085,530823.311657247 5008025.05778833,530823.311847767 5008025.04089383,530823.31194293 5008025.03245517,530823.28915537 5008024.77033588,530823.289146642 5008024.77033579,530823.21192012 5008024.76959791,530823.191901838 5008025.02285144,530823.191806481 5008025.03130729,530823.19142544 5008025.06509629,530823.191330277 5008025.07353495,530823.19981516 5008025.08207277,530823.208300236 5008025.09059341,530823.225365359 5008025.09921322,530823.242430675 5008025.10781584),(530826.288542347 5008025.13692097,530826.297126951 5008025.13700299,530826.322962833 5008025.12881029,530826.340313833 5008025.11207975,530826.34898943 5008025.10370589,530826.35776019 5008025.08689337,530826.35795071 5008025.06999887,530826.358045873 5008025.06156022,530826.335258314 5008024.79944092,530826.335249585 5008024.79944084,530826.258023063 5008024.79870295,530826.238004781 5008025.05195649,530826.237909424 5008025.06041233,530826.237528384 5008025.09420133,530826.23743322 5008025.10263999,530826.245918103 5008025.11117782,530826.25440318 5008025.11969845,530826.271468302 5008025.12831826,530826.288533618 5008025.13692089,530826.288542347 5008025.13692097),(530819.925322436 5008033.5584009,530819.93390704 5008033.55848292,530819.959742922 5008033.55029022,530819.977093922 5008033.53355968,530819.985769519 5008033.52518582,530819.994540279 5008033.5083733,530819.994730799 5008033.4914788,530819.994825962 5008033.48304015,530819.972038403 5008033.22092085,530819.972029674 5008033.22092077,530819.894803152 5008033.22018288,530819.87478487 5008033.47343642,530819.874689513 5008033.48189226,530819.874308473 5008033.51568126,530819.874213309 5008033.52411992,530819.882698192 5008033.53265775,530819.891183269 5008033.54117838,530819.908248391 5008033.54979819,530819.925313707 5008033.55840082,530819.925322436 5008033.5584009),(530822.971429744 5008033.58750599,530822.971438473 5008033.58750607,530822.980023077 5008033.58758809,530823.005858959 5008033.57939538,530823.023209959 5008033.56266485,530823.031885555 5008033.55429099,530823.040656315 5008033.53747847,530823.040846835 5008033.52058397,530823.040941999 5008033.51214532,530823.018154439 5008033.25002602,530823.018145711 5008033.25002594,530822.940919189 5008033.24928805,530822.920900906 5008033.50254159,530822.920805549 5008033.51099743,530822.920424509 5008033.54478643,530822.920329346 5008033.55322509,530822.928814229 5008033.56176291,530822.937299305 5008033.57028355,530822.954364427 5008033.57890336,530822.971429744 5008033.58750599),(530824.026847045 5008033.59760752,530824.035431649 5008033.59768955,530824.061267532 5008033.58949684,530824.078618531 5008033.5727663,530824.087294128 5008033.56439244,530824.096064888 5008033.54757993,530824.096255408 5008033.53068543,530824.096350571 5008033.52224677,530824.073563012 5008033.26012747,530824.073554283 5008033.26012739,530823.996327762 5008033.2593895,530823.976309479 5008033.51264304,530823.976214122 5008033.52109888,530823.975833082 5008033.55488788,530823.975737919 5008033.56332654,530823.984222801 5008033.57186437,530823.992707878 5008033.58038501,530824.009773 5008033.58900482,530824.026838317 5008033.59760744,530824.026847045 5008033.59760752),(530827.072954353 5008033.62671261,530827.072963082 5008033.62671269,530827.081547686 5008033.62679472,530827.107383568 5008033.61860201,530827.124734568 5008033.60187147,530827.133410165 5008033.59349761,530827.142180925 5008033.5766851,530827.142371445 5008033.55979059,530827.142466608 5008033.55135194,530827.119679048 5008033.28923264,530827.11967032 5008033.28923256,530827.042443798 5008033.28849467,530827.022425516 5008033.54174821,530827.022330159 5008033.55020405,530827.021949118 5008033.58399305,530827.021853955 5008033.59243171,530827.030338838 5008033.60096954,530827.038823914 5008033.60949017,530827.055889037 5008033.61810998,530827.072954353 5008033.62671261),(530820.713489834 5008042.0482542,530820.722074438 5008042.04833623,530820.747910321 5008042.04014352,530820.76526132 5008042.02341299,530820.773936917 5008042.01503913,530820.782707677 5008041.99822661,530820.782898197 5008041.98133211,530820.78299336 5008041.97289345,530820.760205801 5008041.71077416,530820.760197072 5008041.71077407,530820.68297055 5008041.71003619,530820.662952268 5008041.96328972,530820.662856911 5008041.97174557,530820.662475871 5008042.00553457,530820.662380708 5008042.01397322,530820.67086559 5008042.02251105,530820.679350667 5008042.03103169,530820.696415789 5008042.0396515,530820.713481106 5008042.04825412,530820.713489834 5008042.0482542),(530823.759584049 5008042.07735917,530823.759592778 5008042.07735925,530823.768177382 5008042.07744127,530823.794013264 5008042.06924856,530823.811364264 5008042.05251803,530823.82003986 5008042.04414417,530823.82881062 5008042.02733165,530823.829001141 5008042.01043715,530823.829096304 5008042.0019985,530823.806308744 5008041.7398792,530823.806300016 5008041.73987912,530823.729073494 5008041.73914123,530823.709055212 5008041.99239477,530823.708959854 5008042.00085061,530823.708578814 5008042.03463961,530823.708483651 5008042.04307827,530823.716968534 5008042.05161609,530823.72545361 5008042.06013673,530823.742518733 5008042.06875654,530823.759584049 5008042.07735917),(530826.805700085 5008042.10646433,530826.805708814 5008042.10646442,530826.814293418 5008042.10654644,530826.8401293 5008042.09835373,530826.8574803 5008042.0816232,530826.866155897 5008042.07324934,530826.874926657 5008042.05643682,530826.875117177 5008042.03954232,530826.87521234 5008042.03110366,530826.852424781 5008041.76898437,530826.852416052 5008041.76898429,530826.77518953 5008041.7682464,530826.755171248 5008042.02149994,530826.755075891 5008042.02995578,530826.75469485 5008042.06374478,530826.754599687 5008042.07218344,530826.76308457 5008042.08072126,530826.771569647 5008042.0892419,530826.788634769 5008042.09786171,530826.805700085 5008042.10646433),(530820.446242307 5008050.52798881,530820.454826911 5008050.52807083,530820.480662793 5008050.51987812,530820.498013793 5008050.50314759,530820.50668939 5008050.49477373,530820.51546015 5008050.47796121,530820.51565067 5008050.46106671,530820.515745833 5008050.45262805,530820.492958273 5008050.19050876,530820.492949545 5008050.19050867,530820.415723023 5008050.18977079,530820.395704741 5008050.44302432,530820.395609384 5008050.45148017,530820.395228343 5008050.48526917,530820.39513318 5008050.49370782,530820.403618063 5008050.50224565,530820.412103139 5008050.51076629,530820.429168262 5008050.5193861,530820.446233578 5008050.52798872,530820.446242307 5008050.52798881),(530820.97696561 5008059.01536508,530820.976974338 5008059.01536517,530820.985558942 5008059.01544719,530821.011394825 5008059.00725448,530821.028745824 5008058.99052395,530821.037421421 5008058.98215009,530821.046192181 5008058.96533757,530821.046382701 5008058.94844307,530821.046477864 5008058.94000441,530821.023690305 5008058.67788512,530821.023681576 5008058.67788503,530820.946455054 5008058.67714715,530820.926436772 5008058.93040068,530820.926341415 5008058.93885653,530820.925960375 5008058.97264553,530820.925865212 5008058.98108418,530820.934350094 5008058.98962201,530820.942835171 5008058.99814265,530820.959900293 5008059.00676246,530820.97696561 5008059.01536508),(530824.023090375 5008059.04447033,530824.031674979 5008059.04455236,530824.057510861 5008059.03635965,530824.074861861 5008059.01962912,530824.083537458 5008059.01125526,530824.092308217 5008058.99444274,530824.092498738 5008058.97754824,530824.092593901 5008058.96910958,530824.069806341 5008058.70699029,530824.069797613 5008058.7069902,530823.992571091 5008058.70625232,530823.972552809 5008058.95950585,530823.972457452 5008058.9679617,530823.972076411 5008059.0017507,530823.971981248 5008059.01018935,530823.980466131 5008059.01872718,530823.988951207 5008059.02724782,530824.00601633 5008059.03586763,530824.023081646 5008059.04447025,530824.023090375 5008059.04447033),(530821.859511474 5008067.50610297,530821.859520203 5008067.50610305,530821.868104807 5008067.50618508,530821.893940689 5008067.49799237,530821.911291689 5008067.48126184,530821.919967286 5008067.47288798,530821.928738046 5008067.45607546,530821.928928566 5008067.43918096,530821.929023729 5008067.4307423,530821.90623617 5008067.16862301,530821.906227441 5008067.16862292,530821.829000919 5008067.16788503,530821.808982637 5008067.42113857,530821.80888728 5008067.42959442,530821.808506239 5008067.46338342,530821.808411076 5008067.47182207,530821.816895959 5008067.4803599,530821.825381036 5008067.48888054,530821.842446158 5008067.49750035,530821.859511474 5008067.50610297),(530824.905623146 5008067.5352081,530824.91420775 5008067.53529012,530824.940043633 5008067.52709741,530824.957394632 5008067.51036688,530824.966070229 5008067.50199302,530824.974840989 5008067.4851805,530824.975031509 5008067.468286,530824.975126672 5008067.45984734,530824.952339113 5008067.19772805,530824.952330384 5008067.19772797,530824.875103862 5008067.19699008,530824.85508558 5008067.45024362,530824.854990223 5008067.45869946,530824.854609183 5008067.49248846,530824.85451402 5008067.50092712,530824.862998902 5008067.50946494,530824.871483979 5008067.51798558,530824.888549101 5008067.52660539,530824.905614418 5008067.53520801,530824.905623146 5008067.5352081),(530827.951739183 5008067.56431327,530827.960323787 5008067.56439529,530827.986159669 5008067.55620258,530828.003510669 5008067.53947205,530828.012186266 5008067.53109819,530828.020957025 5008067.51428567,530828.021147546 5008067.49739117,530828.021242709 5008067.48895251,530827.998455149 5008067.22683322,530827.998446421 5008067.22683313,530827.921219899 5008067.22609525,530827.901201617 5008067.47934879,530827.90110626 5008067.48780463,530827.900725219 5008067.52159363,530827.900630056 5008067.53003229,530827.909114939 5008067.53857011,530827.917600015 5008067.54709075,530827.934665138 5008067.55571056,530827.951730454 5008067.56431318,530827.951739183 5008067.56431327),(530821.515035533 5008075.98507388,530821.523620137 5008075.98515591,530821.54945602 5008075.9769632,530821.56680702 5008075.96023266,530821.575482616 5008075.9518588,530821.584253376 5008075.93504629,530821.584443896 5008075.91815179,530821.58453906 5008075.90971313,530821.5617515 5008075.64759384,530821.561742772 5008075.64759375,530821.48451625 5008075.64685586,530821.464497967 5008075.9001094,530821.46440261 5008075.90856524,530821.46402157 5008075.94235425,530821.463926407 5008075.9507929,530821.472411289 5008075.95933073,530821.480896366 5008075.96785137,530821.497961488 5008075.97647118,530821.515026805 5008075.9850738,530821.515035533 5008075.98507388),(530822.570435378 5008075.99517525,530822.570444106 5008075.99517534,530822.57902871 5008075.99525736,530822.604864593 5008075.98706465,530822.622215592 5008075.97033412,530822.630891189 5008075.96196026,530822.639661949 5008075.94514774,530822.639852469 5008075.92825324,530822.639947632 5008075.91981458,530822.617160073 5008075.65769529,530822.617151344 5008075.6576952,530822.539924823 5008075.65695732,530822.51990654 5008075.91021086,530822.519811183 5008075.9186667,530822.519430143 5008075.9524557,530822.51933498 5008075.96089436,530822.527819862 5008075.96943218,530822.536304939 5008075.97795282,530822.553370061 5008075.98657263,530822.570435378 5008075.99517525),(530825.616560143 5008076.02428051,530825.625144747 5008076.02436253,530825.650980629 5008076.01616982,530825.668331629 5008075.99943929,530825.677007226 5008075.99106543,530825.685777985 5008075.97425291,530825.685968506 5008075.95735841,530825.686063669 5008075.94891975,530825.663276109 5008075.68680046,530825.663267381 5008075.68680037,530825.586040859 5008075.68606249,530825.566022577 5008075.93931602,530825.56592722 5008075.94777187,530825.565546179 5008075.98156087,530825.565451016 5008075.98999952,530825.573935899 5008075.99853735,530825.582420975 5008076.00705799,530825.599486098 5008076.0156778,530825.616551414 5008076.02428042,530825.616560143 5008076.02428051),(530822.363242982 5008084.47548367,530822.36325171 5008084.47548376,530822.371836314 5008084.47556578,530822.397672197 5008084.46737307,530822.415023196 5008084.45064254,530822.423698793 5008084.44226868,530822.432469553 5008084.42545616,530822.432660073 5008084.40856166,530822.432755237 5008084.400123,530822.409967677 5008084.13800371,530822.409958948 5008084.13800362,530822.332732427 5008084.13726574,530822.312714144 5008084.39051927,530822.312618787 5008084.39897512,530822.312237747 5008084.43276412,530822.312142584 5008084.44120277,530822.320627466 5008084.4497406,530822.329112543 5008084.45826124,530822.346177665 5008084.46688105,530822.363242982 5008084.47548367),(530825.409359018 5008084.50458884,530825.409367747 5008084.50458892,530825.417952351 5008084.50467095,530825.443788233 5008084.49647824,530825.461139233 5008084.47974771,530825.46981483 5008084.47137385,530825.47858559 5008084.45456133,530825.47877611 5008084.43766683,530825.478871273 5008084.42922817,530825.456083713 5008084.16710888,530825.456074985 5008084.16710879,530825.378848463 5008084.16637091,530825.358830181 5008084.41962444,530825.358734824 5008084.42808029,530825.358353783 5008084.46186929,530825.35825862 5008084.47030794,530825.366743503 5008084.47884577,530825.375228579 5008084.48736641,530825.392293702 5008084.49598622,530825.409359018 5008084.50458884),(530863.242651836 5008017.00769789,530863.242660565 5008017.00769797,530863.251245169 5008017.00778,530863.277081051 5008016.99958729,530863.294432051 5008016.98285676,530863.303107648 5008016.97448289,530863.311878408 5008016.95767038,530863.312068928 5008016.94077588,530863.312164091 5008016.93233722,530863.289376532 5008016.67021793,530863.289367803 5008016.67021784,530863.212141281 5008016.66947995,530863.192122999 5008016.92273349,530863.192027642 5008016.93118933,530863.191646601 5008016.96497834,530863.191551438 5008016.97341699,530863.200036321 5008016.98195482,530863.208521398 5008016.99047546,530863.22558652 5008016.99909527,530863.242651836 5008017.00769789),(530866.288776601 5008017.03680314,530866.297361205 5008017.03688517,530866.323197088 5008017.02869246,530866.340548087 5008017.01196192,530866.349223684 5008017.00358806,530866.357994444 5008016.98677555,530866.358184964 5008016.96988105,530866.358280127 5008016.96144239,530866.335492568 5008016.69932309,530866.335483839 5008016.69932301,530866.258257317 5008016.69858512,530866.238239035 5008016.95183866,530866.238143678 5008016.9602945,530866.237762638 5008016.9940835,530866.237667475 5008017.00252216,530866.246152357 5008017.01105999,530866.254637434 5008017.01958063,530866.271702556 5008017.02820044,530866.288767873 5008017.03680306,530866.288776601 5008017.03680314),(530867.344176639 5008017.04688733,530867.352761243 5008017.04696935,530867.378597126 5008017.03877664,530867.395948125 5008017.02204611,530867.404623722 5008017.01367225,530867.413394482 5008016.99685973,530867.413585002 5008016.97996523,530867.413680165 5008016.97152657,530867.390892606 5008016.70940728,530867.390883877 5008016.70940719,530867.313657355 5008016.70866931,530867.293639073 5008016.96192284,530867.293543716 5008016.97037869,530867.293162676 5008017.00416769,530867.293067513 5008017.01260635,530867.301552395 5008017.02114417,530867.310037472 5008017.02966481,530867.327102594 5008017.03828462,530867.344167911 5008017.04688724,530867.344176639 5008017.04688733),(530870.390283947 5008017.07599241,530870.390292676 5008017.07599249,530870.39887728 5008017.07607452,530870.424713162 5008017.06788181,530870.442064162 5008017.05115128,530870.450739759 5008017.04277742,530870.459510518 5008017.0259649,530870.459701039 5008017.0090704,530870.459796202 5008017.00063174,530870.437008642 5008016.73851245,530870.436999914 5008016.73851236,530870.359773392 5008016.73777448,530870.33975511 5008016.99102801,530870.339659753 5008016.99948386,530870.339278712 5008017.03327286,530870.339183549 5008017.04171151,530870.347668432 5008017.05024934,530870.356153508 5008017.05876998,530870.373218631 5008017.06738979,530870.390283947 5008017.07599241),(530873.436395619 5008017.10509754,530873.444980223 5008017.10517956,530873.470816105 5008017.09698685,530873.488167105 5008017.08025632,530873.496842702 5008017.07188246,530873.505613462 5008017.05506994,530873.505803982 5008017.03817544,530873.505899145 5008017.02973679,530873.483111586 5008016.76761749,530873.483102857 5008016.76761741,530873.405876335 5008016.76687952,530873.385858053 5008017.02013306,530873.385762696 5008017.0285889,530873.385381656 5008017.0623779,530873.385286492 5008017.07081656,530873.393771375 5008017.07935438,530873.402256452 5008017.08787502,530873.419321574 5008017.09649483,530873.43638689 5008017.10509745,530873.436395619 5008017.10509754),(530876.482502927 5008017.13420262,530876.482511655 5008017.13420271,530876.491096259 5008017.13428473,530876.516932142 5008017.12609202,530876.534283141 5008017.10936149,530876.542958738 5008017.10098763,530876.551729498 5008017.08417511,530876.551920018 5008017.06728061,530876.552015182 5008017.05884195,530876.529227622 5008016.79672266,530876.529218893 5008016.79672258,530876.451992372 5008016.79598469,530876.431974089 5008017.04923823,530876.431878732 5008017.05769407,530876.431497692 5008017.09148307,530876.431402529 5008017.09992173,530876.439887411 5008017.10845955,530876.448372488 5008017.11698019,530876.46543761 5008017.1256,530876.482502927 5008017.13420262),(530828.416573816 5007999.71034668,530828.42515842 5007999.71042871,530828.450994303 5007999.702236,530828.468345302 5007999.68550546,530828.477020899 5007999.6771316,530828.485791659 5007999.66031909,530828.485982179 5007999.64342459,530828.486077342 5007999.63498593,530828.463289783 5007999.37286664,530828.463281054 5007999.37286655,530828.386054532 5007999.37212866,530828.36603625 5007999.6253822,530828.365940893 5007999.63383804,530828.365559853 5007999.66762704,530828.36546469 5007999.6760657,530828.373949572 5007999.68460353,530828.382434649 5007999.69312417,530828.399499771 5007999.70174398,530828.416565088 5007999.7103466,530828.416573816 5007999.71034668),(530829.471965126 5007999.72043078,530829.471973854 5007999.72043087,530829.480558458 5007999.72051289,530829.506394341 5007999.71232018,530829.52374534 5007999.69558965,530829.532420937 5007999.68721579,530829.541191697 5007999.67040327,530829.541382217 5007999.65350877,530829.54147738 5007999.64507011,530829.518689821 5007999.38295082,530829.518681092 5007999.38295074,530829.44145457 5007999.38221285,530829.421436288 5007999.63546639,530829.421340931 5007999.64392223,530829.420959891 5007999.67771123,530829.420864728 5007999.68614989,530829.42934961 5007999.69468771,530829.437834687 5007999.70320835,530829.454899809 5007999.71182816,530829.471965126 5007999.72043078),(530832.518089891 5007999.74953604,530832.526674495 5007999.74961806,530832.552510377 5007999.74142535,530832.569861377 5007999.72469482,530832.578536973 5007999.71632096,530832.587307733 5007999.69950844,530832.587498254 5007999.68261394,530832.587593417 5007999.67417528,530832.564805857 5007999.41205599,530832.564797129 5007999.4120559,530832.487570607 5007999.41131802,530832.467552325 5007999.66457155,530832.467456967 5007999.6730274,530832.467075927 5007999.7068164,530832.466980764 5007999.71525505,530832.475465647 5007999.72379288,530832.483950723 5007999.73231352,530832.501015846 5007999.74093333,530832.518081162 5007999.74953595,530832.518089891 5007999.74953604),(530835.564184105 5007999.778641,530835.564192834 5007999.77864108,530835.572777438 5007999.7787231,530835.59861332 5007999.7705304,530835.61596432 5007999.75379986,530835.624639917 5007999.745426,530835.633410677 5007999.72861348,530835.633601197 5007999.71171898,530835.63369636 5007999.70328033,530835.610908801 5007999.44116103,530835.610900072 5007999.44116095,530835.53367355 5007999.44042306,530835.513655268 5007999.6936766,530835.513559911 5007999.70213244,530835.51317887 5007999.73592144,530835.513083707 5007999.7443601,530835.52156859 5007999.75289792,530835.530053667 5007999.76141856,530835.547118789 5007999.77003837,530835.564184105 5007999.778641),(530838.61030887 5007999.80774625,530838.618893474 5007999.80782827,530838.644729357 5007999.79963556,530838.662080356 5007999.78290503,530838.670755953 5007999.77453117,530838.679526713 5007999.75771865,530838.679717233 5007999.74082415,530838.679812396 5007999.73238549,530838.657024837 5007999.4702662,530838.657016108 5007999.47026612,530838.579789586 5007999.46952823,530838.559771304 5007999.72278177,530838.559675947 5007999.73123761,530838.559294907 5007999.76502661,530838.559199744 5007999.77346527,530838.567684626 5007999.78200309,530838.576169703 5007999.79052373,530838.593234825 5007999.79914354,530838.610300142 5007999.80774616,530838.61030887 5007999.80774625),(530839.665708715 5007999.81784762,530839.665717443 5007999.8178477,530839.674302047 5007999.81792973,530839.70013793 5007999.80973702,530839.717488929 5007999.79300648,530839.726164526 5007999.78463262,530839.734935286 5007999.76782011,530839.735125806 5007999.75092561,530839.735220969 5007999.74248695,530839.71243341 5007999.48036765,530839.712424681 5007999.48036757,530839.635198159 5007999.47962968,530839.615179877 5007999.73288322,530839.61508452 5007999.74133906,530839.61470348 5007999.77512806,530839.614608317 5007999.78356672,530839.623093199 5007999.79210455,530839.631578276 5007999.80062519,530839.648643398 5007999.809245,530839.665708715 5007999.81784762),(530842.711824751 5007999.84695279,530842.71183348 5007999.84695287,530842.720418084 5007999.84703489,530842.746253966 5007999.83884219,530842.763604966 5007999.82211165,530842.772280562 5007999.81373779,530842.781051322 5007999.79692527,530842.781241843 5007999.78003077,530842.781337006 5007999.77159212,530842.758549446 5007999.50947282,530842.758540718 5007999.50947274,530842.681314196 5007999.50873485,530842.661295914 5007999.76198839,530842.661200556 5007999.77044423,530842.660819516 5007999.80423323,530842.660724353 5007999.81267189,530842.669209236 5007999.82120972,530842.677694312 5007999.82973035,530842.694759435 5007999.83835016,530842.711824751 5007999.84695279),(530845.757936423 5007999.87605791,530845.766521027 5007999.87613994,530845.792356909 5007999.86794723,530845.809707909 5007999.8512167,530845.818383506 5007999.84284284,530845.827154266 5007999.82603032,530845.827344786 5007999.80913582,530845.827439949 5007999.80069716,530845.80465239 5007999.53857787,530845.804643661 5007999.53857778,530845.727417139 5007999.5378399,530845.707398857 5007999.79109343,530845.7073035 5007999.79954928,530845.706922459 5007999.83333828,530845.706827296 5007999.84177693,530845.715312179 5007999.85031476,530845.723797256 5007999.8588354,530845.740862378 5007999.86745521,530845.757927694 5007999.87605783,530845.757936423 5007999.87605791),(530848.804043731 5007999.905163,530848.804052459 5007999.90516308,530848.812637063 5007999.90524511,530848.838472946 5007999.8970524,530848.855823945 5007999.88032186,530848.864499542 5007999.871948,530848.873270302 5007999.85513549,530848.873460822 5007999.83824099,530848.873555985 5007999.82980233,530848.850768426 5007999.56768304,530848.850759697 5007999.56768295,530848.773533175 5007999.56694506,530848.753514893 5007999.8201986,530848.753419536 5007999.82865444,530848.753038496 5007999.86244345,530848.752943333 5007999.8708821,530848.761428215 5007999.87941993,530848.769913292 5007999.88794057,530848.786978414 5007999.89656038,530848.804043731 5007999.905163),(530829.719555889 5008008.20509318,530829.728140493 5008008.2051752,530829.753976376 5008008.19698249,530829.771327375 5008008.18025196,530829.780002972 5008008.1718781,530829.788773732 5008008.15506558,530829.788964252 5008008.13817108,530829.789059415 5008008.12973243,530829.766271856 5008007.86761313,530829.766263127 5008007.86761305,530829.689036605 5008007.86687516,530829.669018323 5008008.1201287,530829.668922966 5008008.12858454,530829.668541926 5008008.16237354,530829.668446763 5008008.1708122,530829.676931645 5008008.17935002,530829.685416722 5008008.18787066,530829.702481844 5008008.19649047,530829.719547161 5008008.2050931,530829.719555889 5008008.20509318),(530832.765663197 5008008.23419826,530832.765671926 5008008.23419835,530832.77425653 5008008.23428037,530832.800092412 5008008.22608766,530832.817443412 5008008.20935713,530832.826119008 5008008.20098327,530832.834889768 5008008.18417075,530832.835080289 5008008.16727625,530832.835175452 5008008.15883759,530832.812387892 5008007.8967183,530832.812379164 5008007.89671822,530832.735152642 5008007.89598033,530832.71513436 5008008.14923387,530832.715039002 5008008.15768971,530832.714657962 5008008.19147871,530832.714562799 5008008.19991737,530832.723047682 5008008.20845519,530832.731532758 5008008.21697583,530832.748597881 5008008.22559564,530832.765663197 5008008.23419826),(530833.821080499 5008008.2442998,530833.829665103 5008008.24438183,530833.855500985 5008008.23618912,530833.872851985 5008008.21945858,530833.881527581 5008008.21108472,530833.890298341 5008008.19427221,530833.890488861 5008008.1773777,530833.890584025 5008008.16893905,530833.867796465 5008007.90681975,530833.867787737 5008007.90681967,530833.790561215 5008007.90608178,530833.770542932 5008008.15933532,530833.770447575 5008008.16779116,530833.770066535 5008008.20158016,530833.769971372 5008008.21001882,530833.778456255 5008008.21855665,530833.786941331 5008008.22707728,530833.804006453 5008008.23569709,530833.82107177 5008008.24429972,530833.821080499 5008008.2442998),(530836.867196535 5008008.27340497,530836.875781139 5008008.27348699,530836.901617021 5008008.26529429,530836.918968021 5008008.24856375,530836.927643618 5008008.24018989,530836.936414378 5008008.22337737,530836.936604898 5008008.20648287,530836.936700061 5008008.19804422,530836.913912502 5008007.93592492,530836.913903773 5008007.93592484,530836.836677251 5008007.93518695,530836.816658969 5008008.18844049,530836.816563612 5008008.19689633,530836.816182571 5008008.23068533,530836.816087408 5008008.23912399,530836.824572291 5008008.24766182,530836.833057367 5008008.25618245,530836.85012249 5008008.26480226,530836.867187806 5008008.27340489,530836.867196535 5008008.27340497),(530839.91329075 5008008.30250993,530839.913299478 5008008.30251001,530839.921884082 5008008.30259204,530839.947719965 5008008.29439933,530839.965070964 5008008.2776688,530839.973746561 5008008.26929494,530839.982517321 5008008.25248242,530839.982707841 5008008.23558792,530839.982803004 5008008.22714926,530839.960015445 5008007.96502997,530839.960006716 5008007.96502988,530839.882780194 5008007.96429199,530839.862761912 5008008.21754553,530839.862666555 5008008.22600138,530839.862285515 5008008.25979038,530839.862190352 5008008.26822903,530839.870675234 5008008.27676686,530839.879160311 5008008.2852875,530839.896225433 5008008.29390731,530839.91329075 5008008.30250993),(530842.959406786 5008008.3316151,530842.959415515 5008008.33161518,530842.968000119 5008008.33169721,530842.993836001 5008008.3235045,530843.011187001 5008008.30677396,530843.019862597 5008008.2984001,530843.028633357 5008008.28158759,530843.028823878 5008008.26469309,530843.028919041 5008008.25625443,530843.006131481 5008007.99413513,530843.006122753 5008007.99413505,530842.928896231 5008007.99339716,530842.908877949 5008008.2466507,530842.908782591 5008008.25510654,530842.908401551 5008008.28889554,530842.908306388 5008008.2973342,530842.916791271 5008008.30587203,530842.925276347 5008008.31439267,530842.94234147 5008008.32301248,530842.959406786 5008008.3316151),(530829.623923777 5008016.68649332,530829.632508381 5008016.68657534,530829.658344263 5008016.67838264,530829.675695263 5008016.6616521,530829.68437086 5008016.65327824,530829.693141619 5008016.63646572,530829.69333214 5008016.61957122,530829.693427303 5008016.61113257,530829.670639743 5008016.34901327,530829.670631015 5008016.34901319,530829.593404493 5008016.3482753,530829.573386211 5008016.60152884,530829.573290854 5008016.60998468,530829.572909813 5008016.64377368,530829.57281465 5008016.65221234,530829.581299533 5008016.66075016,530829.589784609 5008016.6692708,530829.606849732 5008016.67789061,530829.623915048 5008016.68649324,530829.623923777 5008016.68649332),(530832.670017991 5008016.71559828,530832.67002672 5008016.71559836,530832.678611324 5008016.71568039,530832.704447206 5008016.70748768,530832.721798206 5008016.69075715,530832.730473803 5008016.68238328,530832.739244563 5008016.66557077,530832.739435083 5008016.64867627,530832.739530246 5008016.64023761,530832.716742687 5008016.37811832,530832.716733958 5008016.37811823,530832.639507436 5008016.37738034,530832.619489154 5008016.63063388,530832.619393797 5008016.63908972,530832.619012757 5008016.67287873,530832.618917593 5008016.68131738,530832.627402476 5008016.68985521,530832.635887553 5008016.69837585,530832.652952675 5008016.70699566,530832.670017991 5008016.71559828),(530835.716142756 5008016.74470353,530835.72472736 5008016.74478556,530835.750563243 5008016.73659285,530835.767914242 5008016.71986231,530835.776589839 5008016.71148845,530835.785360599 5008016.69467594,530835.785551119 5008016.67778144,530835.785646282 5008016.66934278,530835.762858723 5008016.40722348,530835.762849994 5008016.4072234,530835.685623473 5008016.40648551,530835.66560519 5008016.65973905,530835.665509833 5008016.66819489,530835.665128793 5008016.70198389,530835.66503363 5008016.71042255,530835.673518512 5008016.71896038,530835.682003589 5008016.72748102,530835.699068711 5008016.73610083,530835.716134028 5008016.74470345,530835.716142756 5008016.74470353),(530829.334649655 5008025.16602605,530829.334658384 5008025.16602614,530829.343242988 5008025.16610816,530829.36907887 5008025.15791545,530829.38642987 5008025.14118492,530829.395105466 5008025.13281106,530829.403876226 5008025.11599854,530829.404066746 5008025.09910404,530829.40416191 5008025.09066539,530829.38137435 5008024.82854609,530829.381365622 5008024.82854601,530829.3041391 5008024.82780812,530829.284120817 5008025.08106166,530829.28402546 5008025.0895175,530829.28364442 5008025.1233065,530829.283549257 5008025.13174516,530829.29203414 5008025.14028298,530829.300519216 5008025.14880362,530829.317584338 5008025.15742343,530829.334649655 5008025.16602605),(530830.119057296 5008033.65581765,530830.119066025 5008033.65581774,530830.127650629 5008033.65589976,530830.153486511 5008033.64770705,530830.170837511 5008033.63097652,530830.179513108 5008033.62260266,530830.188283868 5008033.60579014,530830.188474388 5008033.58889564,530830.188569551 5008033.58045698,530830.165781992 5008033.31833769,530830.165773263 5008033.3183376,530830.088546741 5008033.31759972,530830.068528459 5008033.57085325,530830.068433102 5008033.5793091,530830.068052062 5008033.6130981,530830.067956898 5008033.62153675,530830.076441781 5008033.63007458,530830.084926858 5008033.63859522,530830.10199198 5008033.64721503,530830.119057296 5008033.65581765),(530833.165182061 5008033.6849229,530833.173766666 5008033.68500493,530833.199602548 5008033.67681222,530833.216953548 5008033.66008169,530833.225629144 5008033.65170783,530833.234399904 5008033.63489531,530833.234590424 5008033.61800081,530833.234685588 5008033.60956215,530833.211898028 5008033.34744286,530833.2118893 5008033.34744277,530833.134662778 5008033.34670488,530833.114644495 5008033.59995842,530833.114549138 5008033.60841427,530833.114168098 5008033.64220327,530833.114072935 5008033.65064192,530833.122557817 5008033.65917975,530833.131042894 5008033.66770039,530833.148108016 5008033.6763202,530833.165173333 5008033.68492282,530833.165182061 5008033.6849229),(530828.662663086 5008076.05338555,530828.67124769 5008076.05346757,530828.697083572 5008076.04527486,530828.714434572 5008076.02854433,530828.723110169 5008076.02017047,530828.731880929 5008076.00335795,530828.732071449 5008075.98646345,530828.732166612 5008075.9780248,530828.709379053 5008075.7159055,530828.709370324 5008075.71590542,530828.632143802 5008075.71516753,530828.61212552 5008075.96842107,530828.612030163 5008075.97687691,530828.611649123 5008076.01066591,530828.611553959 5008076.01910457,530828.620038842 5008076.02764239,530828.628523919 5008076.03616303,530828.645589041 5008076.04478284,530828.662654357 5008076.05338547,530828.662663086 5008076.05338555),(530831.708779122 5008076.08249072,530831.717363726 5008076.08257274,530831.743199609 5008076.07438003,530831.760550609 5008076.0576495,530831.769226205 5008076.04927564,530831.777996965 5008076.03246312,530831.778187485 5008076.01556862,530831.778282649 5008076.00712996,530831.755495089 5008075.74501067,530831.755486361 5008075.74501059,530831.678259839 5008075.7442727,530831.658241556 5008075.99752624,530831.658146199 5008076.00598208,530831.657765159 5008076.03977108,530831.657669996 5008076.04820974,530831.666154878 5008076.05674756,530831.674639955 5008076.0652682,530831.691705077 5008076.07388801,530831.708770394 5008076.08249063,530831.708779122 5008076.08249072))